content_id;official_number;module;smartmodus_kategorie;scope;question;answer_a;answer_b;answer_c;answer_d;correct_answer;topic;subtopic;competency;image_required;source_question_id;content_role;feedback_correct;feedback_incorrect;evaluation_mode;content_status
SBF-BASIS-0001;1;Basis;Basisfragen;See + Binnen;Was ist zu tun, wenn vor Antritt der Fahrt nicht feststeht, wer Schiffsführer ist?;Der verantwortliche Schiffsführer muss bestimmt werden.;Der verantwortliche Schiffsführer muss gewählt werden.;Ein Inhaber eines Sportbootführerscheins muss die Fahrzeugführung übernehmen.;Ein Inhaber eines Sportbootführerscheins muss die Verantwortung übernehmen.;A;Allgemeine Seemannschaft;Grundlagen;Seemännische Grundlagen sicher anwenden;false;SBFSEE-0001 | SBFBIN-0001;shared_basis;"Richtig.

Der verantwortliche Schiffsführer muss bestimmt werden. Damit Verantwortung und Entscheidungsbefugnis vor dem Ablegen eindeutig zugeordnet sind, muss eine Person ausdrücklich als Schiffsführer feststehen.";"Falsch.

Richtig ist: „Der verantwortliche Schiffsführer muss bestimmt werden.“

Damit Verantwortung und Entscheidungsbefugnis vor dem Ablegen eindeutig zugeordnet sind, muss eine Person ausdrücklich als Schiffsführer feststehen.";multiple_choice;Feedback erstellt
SBF-BASIS-0002;2;Basis;Basisfragen;See + Binnen;In welchen Fällen darf weder ein Sportboot geführt noch dessen Kurs oder Geschwindigkeit selbstständig bestimmt werden?;Wenn man infolge körperlicher oder geistiger Mängel oder infolge des Genusses alkoholischer Getränke oder anderer berauschender Mittel in der sicheren Führung behindert ist oder wenn eine Blutalkoholkonzentration von 0,5 ‰ oder mehr im Körper vorhanden ist.;Wenn man infolge körperlicher oder geistiger Mängel oder infolge des Genusses alkoholischer Getränke oder anderer berauschender Mittel in der sicheren Führung behindert ist oder wenn eine Blutalkoholkonzentration von 0,8 ‰ oder mehr im Körper vorhanden ist.;Wenn man infolge körperlicher oder geistiger Mängel oder infolge des Genusses alkoholischer Getränke oder anderer berauschender Mittel in der sicheren Führung behindert ist oder wenn eine Blutalkoholkonzentration von 1,0 ‰ oder mehr im Körper vorhanden ist.;Wenn man infolge körperlicher oder geistiger Mängel oder infolge des Genusses alkoholischer Getränke oder anderer berauschender Mittel in der sicheren Führung behindert ist oder wenn eine Blutalkoholkonzentration von 0,3 ‰ oder mehr im Körper vorhanden ist.;A;Allgemeine Seemannschaft;Grundlagen;Seemännische Grundlagen sicher anwenden;false;SBFSEE-0002 | SBFBIN-0002;shared_basis;"Richtig.

Wenn man infolge körperlicher oder geistiger Mängel oder infolge des Genusses alkoholischer Getränke oder anderer berauschender Mittel in der sicheren Führung behindert ist oder wenn eine Blutalkoholkonzentration von 0,5 ‰ oder mehr im Körper vorhanden ist. Die sichere Führung hat Vorrang: Schon eine tatsächliche Beeinträchtigung schließt das Führen aus; ab 0,5 ‰ gilt das Verbot unabhängig davon zusätzlich.";"Falsch.

Richtig ist: „Wenn man infolge körperlicher oder geistiger Mängel oder infolge des Genusses alkoholischer Getränke oder anderer berauschender Mittel in der sicheren Führung behindert ist oder wenn eine Blutalkoholkonzentration von 0,5 ‰ oder mehr im Körper vorhanden ist.“

Die sichere Führung hat Vorrang: Schon eine tatsächliche Beeinträchtigung schließt das Führen aus; ab 0,5 ‰ gilt das Verbot unabhängig davon zusätzlich.";multiple_choice;Feedback erstellt
SBF-BASIS-0003;3;Basis;Basisfragen;See + Binnen;Wann ist ein Fahrzeug in Fahrt?;Wenn es weder vor Anker liegt noch an Land festgemacht ist noch auf Grund sitzt.;Wenn es weder vor Anker liegt noch an Land festgemacht ist noch Fahrt über Grund macht.;Wenn es weder auf Grund sitzt noch vor Anker liegt noch manövrierbehindert oder manövrierunfähig ist.;Wenn es weder an Land festgemacht ist noch vor Anker liegt noch Fahrt durchs Wasser macht.;A;Allgemeine Seemannschaft;Grundlagen;Seemännische Grundlagen sicher anwenden;false;SBFSEE-0003 | SBFBIN-0003;shared_basis;"Richtig.

Wenn es weder vor Anker liegt noch an Land festgemacht ist noch auf Grund sitzt. „In Fahrt“ bedeutet nicht zwingend, dass sich das Fahrzeug bewegt. Entscheidend ist, dass es weder ankert noch festgemacht ist noch auf Grund sitzt.";"Falsch.

Richtig ist: „Wenn es weder vor Anker liegt noch an Land festgemacht ist noch auf Grund sitzt.“

„In Fahrt“ bedeutet nicht zwingend, dass sich das Fahrzeug bewegt. Entscheidend ist, dass es weder ankert noch festgemacht ist noch auf Grund sitzt.";multiple_choice;Feedback erstellt
SBF-BASIS-0004;4;Basis;Basisfragen;See + Binnen;Wie lang ist die Dauer eines kurzen Tons ( )?;Etwa 1 Sekunde.;Etwa 2 Sekunden.;Weniger als 1 Sekunde.;Weniger als 4 Sekunden.;A;Lichter, Zeichen & Schallsignale;Fahrzeug- und Verkehrssignale;Signale erkennen und Bedeutung zuordnen;false;SBFSEE-0004 | SBFBIN-0004;shared_basis;"Richtig.

Etwa 1 Sekunde. Ein kurzer Ton dauert ungefähr eine Sekunde; die festgelegte Dauer macht Schallsignale eindeutig unterscheidbar.";"Falsch.

Richtig ist: „Etwa 1 Sekunde.“

Ein kurzer Ton dauert ungefähr eine Sekunde; die festgelegte Dauer macht Schallsignale eindeutig unterscheidbar.";multiple_choice;Feedback erstellt
SBF-BASIS-0005;5;Basis;Basisfragen;See + Binnen;Wie lang ist die Dauer eines langen Tons ( )?;Etwa 4 - 6 Sekunden.;Etwa 2 - 6 Sekunden.;Etwa 1 - 2 Sekunden.;Etwa 6 - 8 Sekunden.;A;Lichter, Zeichen & Schallsignale;Fahrzeug- und Verkehrssignale;Signale erkennen und Bedeutung zuordnen;false;SBFSEE-0005 | SBFBIN-0005;shared_basis;"Richtig.

Etwa 4 - 6 Sekunden. Ein langer Ton dauert ungefähr vier bis sechs Sekunden und ist dadurch klar vom kurzen Ton abgrenzbar.";"Falsch.

Richtig ist: „Etwa 4 - 6 Sekunden.“

Ein langer Ton dauert ungefähr vier bis sechs Sekunden und ist dadurch klar vom kurzen Ton abgrenzbar.";multiple_choice;Feedback erstellt
SBF-BASIS-0006;6;Basis;Basisfragen;See + Binnen;Wann gilt ein Fahrzeug unter Segel als Maschinenfahrzeug?;Wenn es gleichzeitig mit Maschinenkraft fährt.;Wenn es mit einer Antriebsmaschine ausgerüstet ist.;Wenn es durch das Segeln keine Fahrt durchs Wasser macht.;Wenn es durch das Segeln keine Fahrt über Grund macht.;A;Seemannschaft & Technik;Manöver / Bordtechnik;Boot sicher manövrieren und Technik beurteilen;false;SBFSEE-0006 | SBFBIN-0006;shared_basis;"Richtig.

Wenn es gleichzeitig mit Maschinenkraft fährt. Sobald Maschinenkraft mitwirkt, gelten für das Segelfahrzeug die Regeln und Ausweichpflichten eines Maschinenfahrzeugs.";"Falsch.

Richtig ist: „Wenn es gleichzeitig mit Maschinenkraft fährt.“

Sobald Maschinenkraft mitwirkt, gelten für das Segelfahrzeug die Regeln und Ausweichpflichten eines Maschinenfahrzeugs.";multiple_choice;Feedback erstellt
SBF-BASIS-0007;7;Basis;Basisfragen;See + Binnen;Welches Signal führt ein Fahrzeug unter Segel, das als Maschinenfahrzeug gilt, zusätzlich am Tage?;Einen schwarzen Kegel, Spitze unten.;Einen schwarzen Kegel, Spitze oben.;Einen schwarzen Rhombus.;Zwei schwarze Bälle senkrecht übereinander.;A;Lichter, Zeichen & Schallsignale;Fahrzeug- und Verkehrssignale;Signale erkennen und Bedeutung zuordnen;false;SBFSEE-0007 | SBFBIN-0007;shared_basis;"Richtig.

Einen schwarzen Kegel, Spitze unten. Der Kegel mit der Spitze nach unten zeigt am Tag, dass ein Fahrzeug trotz gesetzter Segel zugleich Maschinenkraft benutzt.";"Falsch.

Richtig ist: „Einen schwarzen Kegel, Spitze unten.“

Der Kegel mit der Spitze nach unten zeigt am Tag, dass ein Fahrzeug trotz gesetzter Segel zugleich Maschinenkraft benutzt.";multiple_choice;Feedback erstellt
SBF-BASIS-0008;8;Basis;Basisfragen;See + Binnen;Welche Seite wird als Luvseite bezeichnet?;Die dem Wind zugekehrte Seite.;Die dem Wind abgewandte Seite.;Die Seite in Fahrtrichtung rechts.;Die Seite in Fahrtrichtung links.;A;Allgemeine Seemannschaft;Grundlagen;Seemännische Grundlagen sicher anwenden;false;SBFSEE-0008 | SBFBIN-0008;shared_basis;"Richtig.

Die dem Wind zugekehrte Seite. Luv liegt auf der Seite, aus der der Wind kommt; sie ist dem Wind zugewandt.";"Falsch.

Richtig ist: „Die dem Wind zugekehrte Seite.“

Luv liegt auf der Seite, aus der der Wind kommt; sie ist dem Wind zugewandt.";multiple_choice;Feedback erstellt
SBF-BASIS-0009;9;Basis;Basisfragen;See + Binnen;Welche Seite wird als Leeseite bezeichnet?;Die dem Wind abgewandte Seite.;Die dem Wind zugekehrte Seite.;Die Seite in Fahrtrichtung rechts.;Die Seite in Fahrtrichtung links.;A;Allgemeine Seemannschaft;Grundlagen;Seemännische Grundlagen sicher anwenden;false;SBFSEE-0009 | SBFBIN-0009;shared_basis;"Richtig.

Die dem Wind abgewandte Seite. Lee liegt windabwärts und ist damit die vom Wind abgewandte Seite.";"Falsch.

Richtig ist: „Die dem Wind abgewandte Seite.“

Lee liegt windabwärts und ist damit die vom Wind abgewandte Seite.";multiple_choice;Feedback erstellt
SBF-BASIS-0010;10;Basis;Basisfragen;See + Binnen;Wann müssen die Lichter von Fahrzeugen geführt oder gezeigt werden?;Von Sonnenuntergang bis Sonnenaufgang und bei verminderter Sicht.;Von Sonnenaufgang bis Sonnenuntergang und bei verminderter Sicht.;Von abends 18:00 Uhr bis morgens 06:00 Uhr und bei verminderter Sicht.;Bei Dunkelheit, schlechtem Wetter und verminderter Sicht.;A;Lichter, Zeichen & Schallsignale;Fahrzeug- und Verkehrssignale;Signale erkennen und Bedeutung zuordnen;false;SBFSEE-0010 | SBFBIN-0010;shared_basis;"Richtig.

Von Sonnenuntergang bis Sonnenaufgang und bei verminderter Sicht. Neben der Nachtzeit ist auch verminderte Sicht ein Anlass zur Lichterführung, damit Fahrzeuge rechtzeitig erkannt und eingeordnet werden können.";"Falsch.

Richtig ist: „Von Sonnenuntergang bis Sonnenaufgang und bei verminderter Sicht.“

Neben der Nachtzeit ist auch verminderte Sicht ein Anlass zur Lichterführung, damit Fahrzeuge rechtzeitig erkannt und eingeordnet werden können.";multiple_choice;Feedback erstellt
SBF-BASIS-0011;11;Basis;Basisfragen;See + Binnen;Wozu dient die Lichterführung?;Sie zeigt Fahrtrichtung und Lage eines Fahrzeugs an.;Sie zeigt Kurs und Geschwindigkeit eines Fahrzeugs an.;Sie zeigt Fahrtrichtung und Position eines Fahrzeugs an.;Sie zeigt Fahrtrichtung und Kurs eines Fahrzeugs an.;A;Lichter, Zeichen & Schallsignale;Fahrzeug- und Verkehrssignale;Signale erkennen und Bedeutung zuordnen;false;SBFSEE-0011 | SBFBIN-0011;shared_basis;"Richtig.

Sie zeigt Fahrtrichtung und Lage eines Fahrzeugs an. Aus Farbe, Anordnung und Sichtbarkeit der Lichter lassen sich Richtung, Lage und häufig auch Art oder Zustand eines Fahrzeugs erkennen.";"Falsch.

Richtig ist: „Sie zeigt Fahrtrichtung und Lage eines Fahrzeugs an.“

Aus Farbe, Anordnung und Sichtbarkeit der Lichter lassen sich Richtung, Lage und häufig auch Art oder Zustand eines Fahrzeugs erkennen.";multiple_choice;Feedback erstellt
SBF-BASIS-0012;12;Basis;Basisfragen;See + Binnen;Was für eine Laterne kann ein Segelfahrzeug von weniger als 20 m Länge anstelle der Seitenlichter und des Hecklichtes führen?;Eine Dreifarbenlaterne an oder nahe der Mastspitze.;Eine Zweifarbenlaterne an gut sichtbarer Stelle.;Eine Dreifarbenlaterne an gut sichtbarer Stelle.;Eine Zweifarbenlaterne an oder nahe der Mastspitze.;A;Lichter, Zeichen & Schallsignale;Fahrzeug- und Verkehrssignale;Signale erkennen und Bedeutung zuordnen;false;SBFSEE-0012 | SBFBIN-0012;shared_basis;"Richtig.

Eine Dreifarbenlaterne an oder nahe der Mastspitze. Bei einem Segelfahrzeug unter 20 Metern darf die Dreifarbenlaterne die getrennten Seiten- und Hecklichter ersetzen; sie gehört an oder nahe die Mastspitze.";"Falsch.

Richtig ist: „Eine Dreifarbenlaterne an oder nahe der Mastspitze.“

Bei einem Segelfahrzeug unter 20 Metern darf die Dreifarbenlaterne die getrennten Seiten- und Hecklichter ersetzen; sie gehört an oder nahe die Mastspitze.";multiple_choice;Feedback erstellt
SBF-BASIS-0013;13;Basis;Basisfragen;See + Binnen;Welche Lichter muss ein Fahrzeug unter Segel, das gleichzeitig mit Maschinenkraft fährt, führen?;Die für ein Maschinenfahrzeug vorgeschriebenen Lichter.;Die für ein Segelfahrzeug vorgeschriebenen Lichter.;Zwei rote Rundumlichter senkrecht übereinander.;Seitenlichter rot und grün und ein rotes Rundumlicht.;A;Lichter, Zeichen & Schallsignale;Fahrzeug- und Verkehrssignale;Signale erkennen und Bedeutung zuordnen;false;SBFSEE-0013 | SBFBIN-0013;shared_basis;"Richtig.

Die für ein Maschinenfahrzeug vorgeschriebenen Lichter. Die gleichzeitige Nutzung des Motors macht das Segelfahrzeug verkehrsrechtlich zum Maschinenfahrzeug; deshalb gelten dessen Lichtvorschriften.";"Falsch.

Richtig ist: „Die für ein Maschinenfahrzeug vorgeschriebenen Lichter.“

Die gleichzeitige Nutzung des Motors macht das Segelfahrzeug verkehrsrechtlich zum Maschinenfahrzeug; deshalb gelten dessen Lichtvorschriften.";multiple_choice;Feedback erstellt
SBF-BASIS-0014;14;Basis;Basisfragen;See + Binnen;Wie weichen zwei Motorboote aus, die sich auf entgegengesetzten Kursen nähern?;Jedes Fahrzeug muss seinen Kurs nach Steuerbord ändern.;Jedes Fahrzeug muss seinen Kurs nach Backbord ändern.;Es muss das luvwärtige Fahrzeug dem leewärtigen Fahrzeug ausweichen.;Es muss das leewärtige Fahrzeug dem luvwärtigen Fahrzeug ausweichen.;A;Ausweichregeln;KVR / Kollisionsvermeidung;Kollisionslage beurteilen und richtige Maßnahme wählen;false;SBFSEE-0014 | SBFBIN-0014;shared_basis;"Richtig.

Jedes Fahrzeug muss seinen Kurs nach Steuerbord ändern. Die beiderseitige Kursänderung nach Steuerbord führt bei einer Gegenkurslage zu einer klaren Backbord-an-Backbord-Passage.";"Falsch.

Richtig ist: „Jedes Fahrzeug muss seinen Kurs nach Steuerbord ändern.“

Die beiderseitige Kursänderung nach Steuerbord führt bei einer Gegenkurslage zu einer klaren Backbord-an-Backbord-Passage.";multiple_choice;Feedback erstellt
SBF-BASIS-0015;15;Basis;Basisfragen;See + Binnen;Zwei Motorboote nähern sich auf kreuzenden Kursen. Es besteht die Gefahr eines Zusammenstoßes. Wer ist ausweichpflichtig?;Dasjenige Fahrzeug muss ausweichen, welches das Andere an seiner Steuerbordseite hat.;Dasjenige Fahrzeug muss ausweichen, welches das Andere an seiner Backbordseite hat.;Es muss das luvwärtige Fahrzeug dem leewärtigen Fahrzeug ausweichen.;Es muss das leewärtige Fahrzeug dem luvwärtigen Fahrzeug ausweichen.;A;Ausweichregeln;KVR / Kollisionsvermeidung;Kollisionslage beurteilen und richtige Maßnahme wählen;false;SBFSEE-0015 | SBFBIN-0015;shared_basis;"Richtig.

Dasjenige Fahrzeug muss ausweichen, welches das Andere an seiner Steuerbordseite hat. Bei kreuzenden Maschinenfahrzeugen weicht aus, wer das andere an Steuerbord sieht; so ist die Ausweichpflicht eindeutig verteilt.";"Falsch.

Richtig ist: „Dasjenige Fahrzeug muss ausweichen, welches das Andere an seiner Steuerbordseite hat.“

Bei kreuzenden Maschinenfahrzeugen weicht aus, wer das andere an Steuerbord sieht; so ist die Ausweichpflicht eindeutig verteilt.";multiple_choice;Feedback erstellt
SBF-BASIS-0016;16;Basis;Basisfragen;See + Binnen;Welche Bedeutung hat folgendes Schallsignal?;Bleib-weg-Signal, Gefahrenbereich sofort verlassen.;Allgemeines Gefahr- und Warnsignal.;Ankerlieger über 100 m Länge.;Manövrierbehinderter Schleppverband über 200 m Länge.;A;Lichter, Zeichen & Schallsignale;Fahrzeug- und Verkehrssignale;Signale erkennen und Bedeutung zuordnen;true;SBFSEE-0016 | SBFBIN-0016;shared_basis;"Richtig.

Bleib-weg-Signal, Gefahrenbereich sofort verlassen. Das Bleib-weg-Signal warnt vor einem unmittelbaren Gefahrenbereich. Dieser ist ohne Verzögerung zu verlassen.";"Falsch.

Richtig ist: „Bleib-weg-Signal, Gefahrenbereich sofort verlassen.“

Das Bleib-weg-Signal warnt vor einem unmittelbaren Gefahrenbereich. Dieser ist ohne Verzögerung zu verlassen.";multiple_choice;Feedback erstellt
SBF-BASIS-0017;17;Basis;Basisfragen;See + Binnen;Welche Bedeutung hat folgendes Tafelzeichen?;Überholverbot.;Begegnungsverbot.;Überholverbot für Fahrzeuge unter 20 m Länge.;Begegnungsverbot für Fahrzeuge über 20 m Länge.;A;Schifffahrtszeichen & Fahrwasser;Zeichen / Betonnung;Schifffahrtszeichen und Fahrwasserinformationen interpretieren;true;SBFSEE-0017 | SBFBIN-0017;shared_basis;"Richtig.

Überholverbot. Das dargestellte Zeichen bedeutet „Überholverbot“. Gebots-, Verbots- und Betriebssignale sind verbindlich und müssen vor dem Einfahren in den betroffenen Bereich erkannt und befolgt werden.";"Falsch.

Richtig ist: „Überholverbot.“

Das dargestellte Zeichen bedeutet „Überholverbot“. Gebots-, Verbots- und Betriebssignale sind verbindlich und müssen vor dem Einfahren in den betroffenen Bereich erkannt und befolgt werden.";multiple_choice;Feedback erstellt
SBF-BASIS-0018;18;Basis;Basisfragen;See + Binnen;Welche Bedeutung hat folgendes Tafelzeichen?;Begegnungsverbot an einer Engstelle.;Begegnungsverbot für Fahrzeuge über 12 m Länge.;"Überholverbot; mit Gegenverkehr muss gerechnet werden.";Überholverbot für alle Fahrzeuge.;A;Schifffahrtszeichen & Fahrwasser;Zeichen / Betonnung;Schifffahrtszeichen und Fahrwasserinformationen interpretieren;true;SBFSEE-0018 | SBFBIN-0018;shared_basis;"Richtig.

Begegnungsverbot an einer Engstelle. Das dargestellte Zeichen bedeutet „Begegnungsverbot an einer Engstelle“. Gebots-, Verbots- und Betriebssignale sind verbindlich und müssen vor dem Einfahren in den betroffenen Bereich erkannt und befolgt werden.";"Falsch.

Richtig ist: „Begegnungsverbot an einer Engstelle.“

Das dargestellte Zeichen bedeutet „Begegnungsverbot an einer Engstelle“. Gebots-, Verbots- und Betriebssignale sind verbindlich und müssen vor dem Einfahren in den betroffenen Bereich erkannt und befolgt werden.";multiple_choice;Feedback erstellt
SBF-BASIS-0019;19;Basis;Basisfragen;See + Binnen;Welche Bedeutung hat folgendes Tafelzeichen?;Sog und Wellenschlag vermeiden.;"Gefährdeter Strandbereich, Überspülungsgefahr; Mindestpassierabstand 100 m.";"Wasserstraße, die jederzeit sicher befahren werden kann; keine Gefahr durch Seegang.";"Wasserstraße, die nicht jederzeit sicher befahren werden kann; Gefahr durch Seegang.";A;Schifffahrtszeichen & Fahrwasser;Zeichen / Betonnung;Schifffahrtszeichen und Fahrwasserinformationen interpretieren;true;SBFSEE-0019 | SBFBIN-0019;shared_basis;"Richtig.

Sog und Wellenschlag vermeiden. Das dargestellte Zeichen bedeutet „Sog und Wellenschlag vermeiden“. Gebots-, Verbots- und Betriebssignale sind verbindlich und müssen vor dem Einfahren in den betroffenen Bereich erkannt und befolgt werden.";"Falsch.

Richtig ist: „Sog und Wellenschlag vermeiden.“

Das dargestellte Zeichen bedeutet „Sog und Wellenschlag vermeiden“. Gebots-, Verbots- und Betriebssignale sind verbindlich und müssen vor dem Einfahren in den betroffenen Bereich erkannt und befolgt werden.";multiple_choice;Feedback erstellt
SBF-BASIS-0020;20;Basis;Basisfragen;See + Binnen;Welche Bedeutung hat folgendes Tafelzeichen?;Mindestabstand in Metern, der in der nachfolgenden Strecke vom Aufstellungsort der Tafel an eingehalten werden muss.;Maximalgeschwindigkeit in km/h, die auf der in Fahrtrichtung rechten Fahrwasserseite nicht überschritten werden darf.;Maximalabstand in Metern, der in der nachfolgenden Strecke vom Aufstellungsort der Tafel an eingehalten werden muss.;Verengung des Fahrwassers auf 40 m.;A;Schifffahrtszeichen & Fahrwasser;Zeichen / Betonnung;Schifffahrtszeichen und Fahrwasserinformationen interpretieren;true;SBFSEE-0020 | SBFBIN-0020;shared_basis;"Richtig.

Mindestabstand in Metern, der in der nachfolgenden Strecke vom Aufstellungsort der Tafel an eingehalten werden muss. Das dargestellte Zeichen bedeutet „Mindestabstand in Metern, der in der nachfolgenden Strecke vom Aufstellungsort der Tafel an eingehalten werden muss“. Gebots-, Verbots- und Betriebssignale sind verbindlich und müssen vor dem Einfahren in den betroffenen Bereich erkannt und befolgt werden.";"Falsch.

Richtig ist: „Mindestabstand in Metern, der in der nachfolgenden Strecke vom Aufstellungsort der Tafel an eingehalten werden muss.“

Das dargestellte Zeichen bedeutet „Mindestabstand in Metern, der in der nachfolgenden Strecke vom Aufstellungsort der Tafel an eingehalten werden muss“. Gebots-, Verbots- und Betriebssignale sind verbindlich und müssen vor dem Einfahren in den betroffenen Bereich erkannt und befolgt werden.";multiple_choice;Feedback erstellt
SBF-BASIS-0021;21;Basis;Basisfragen;See + Binnen;Welche Bedeutung hat folgendes Tafelzeichen?;Haltegebot vor beweglichen Brücken, Sperrwerken und Schleusen.;Dauernde Sperrung einer Teilstrecke der Wasserstraße.;Gebot zur Abgabe eines langen Signaltons.;Weiterfahrt für Sportfahrzeuge verboten.;A;Schifffahrtszeichen & Fahrwasser;Zeichen / Betonnung;Schifffahrtszeichen und Fahrwasserinformationen interpretieren;true;SBFSEE-0021 | SBFBIN-0021;shared_basis;"Richtig.

Haltegebot vor beweglichen Brücken, Sperrwerken und Schleusen. Das dargestellte Zeichen bedeutet „Haltegebot vor beweglichen Brücken, Sperrwerken und Schleusen“. Gebots-, Verbots- und Betriebssignale sind verbindlich und müssen vor dem Einfahren in den betroffenen Bereich erkannt und befolgt werden.";"Falsch.

Richtig ist: „Haltegebot vor beweglichen Brücken, Sperrwerken und Schleusen.“

Das dargestellte Zeichen bedeutet „Haltegebot vor beweglichen Brücken, Sperrwerken und Schleusen“. Gebots-, Verbots- und Betriebssignale sind verbindlich und müssen vor dem Einfahren in den betroffenen Bereich erkannt und befolgt werden.";multiple_choice;Feedback erstellt
SBF-BASIS-0022;22;Basis;Basisfragen;See + Binnen;Welche Bedeutung hat folgendes Tafelzeichen?;Ankern verboten für alle Fahrzeuge.;Ankern verboten für Kleinfahrzeuge unter 12 m Länge.;Ankern verboten für Kleinfahrzeuge ab 12 m Länge.;Ankern und Festmachen verboten.;A;Schifffahrtszeichen & Fahrwasser;Zeichen / Betonnung;Schifffahrtszeichen und Fahrwasserinformationen interpretieren;true;SBFSEE-0022 | SBFBIN-0022;shared_basis;"Richtig.

Ankern verboten für alle Fahrzeuge. Das dargestellte Zeichen bedeutet „Ankern verboten für alle Fahrzeuge“. Gebots-, Verbots- und Betriebssignale sind verbindlich und müssen vor dem Einfahren in den betroffenen Bereich erkannt und befolgt werden.";"Falsch.

Richtig ist: „Ankern verboten für alle Fahrzeuge.“

Das dargestellte Zeichen bedeutet „Ankern verboten für alle Fahrzeuge“. Gebots-, Verbots- und Betriebssignale sind verbindlich und müssen vor dem Einfahren in den betroffenen Bereich erkannt und befolgt werden.";multiple_choice;Feedback erstellt
SBF-BASIS-0023;23;Basis;Basisfragen;See + Binnen;Welche Bedeutung haben folgende Tafelzeichen?;Festmache- und Liegeverbot.;Festmache- und Liegeverbot für Sportboote.;Festmache- und Liegeverbot für Sportboote über 12 m Länge.;Festmache- und Liegeverbot für gewerbliche Schiffe.;A;Schifffahrtszeichen & Fahrwasser;Zeichen / Betonnung;Schifffahrtszeichen und Fahrwasserinformationen interpretieren;true;SBFSEE-0023 | SBFBIN-0023;shared_basis;"Richtig.

Festmache- und Liegeverbot. Das dargestellte Zeichen bedeutet „Festmache- und Liegeverbot“. Gebots-, Verbots- und Betriebssignale sind verbindlich und müssen vor dem Einfahren in den betroffenen Bereich erkannt und befolgt werden.";"Falsch.

Richtig ist: „Festmache- und Liegeverbot.“

Das dargestellte Zeichen bedeutet „Festmache- und Liegeverbot“. Gebots-, Verbots- und Betriebssignale sind verbindlich und müssen vor dem Einfahren in den betroffenen Bereich erkannt und befolgt werden.";multiple_choice;Feedback erstellt
SBF-BASIS-0024;24;Basis;Basisfragen;See + Binnen;Welche Bedeutung hat folgendes Tafelzeichen?;Abgabe eines langen Tons.;Abgabe eines kurzen Tons.;Abgabe von zwei langen Tönen.;Abgabe eines kurzen und eines langen Tons.;A;Schifffahrtszeichen & Fahrwasser;Zeichen / Betonnung;Schifffahrtszeichen und Fahrwasserinformationen interpretieren;false;SBFSEE-0024 | SBFBIN-0024;shared_basis;"Richtig.

Abgabe eines langen Tons. Das dargestellte Zeichen bedeutet „Abgabe eines langen Tons“. Gebots-, Verbots- und Betriebssignale sind verbindlich und müssen vor dem Einfahren in den betroffenen Bereich erkannt und befolgt werden.";"Falsch.

Richtig ist: „Abgabe eines langen Tons.“

Das dargestellte Zeichen bedeutet „Abgabe eines langen Tons“. Gebots-, Verbots- und Betriebssignale sind verbindlich und müssen vor dem Einfahren in den betroffenen Bereich erkannt und befolgt werden.";multiple_choice;Feedback erstellt
SBF-BASIS-0025;25;Basis;Basisfragen;See + Binnen;Welche Bedeutung haben folgende Tafelzeichen?;Wasserflächen, auf denen mit Wasserski oder Wassermotorrädern gefahren werden darf.;Genehmigungspflichtige Übungsstrecke für das Fahren mit Wasserski oder Wassermotorrädern.;Fahren mit Wasserski oder Wassermotorrädern erlaubt. Wasserskiläufer und Wassermotorräder haben Vorfahrt.;Genehmigungsfreie Übungsstrecke für das Fahren mit Wasserski oder Wassermotorrädern.;A;Schifffahrtszeichen & Fahrwasser;Zeichen / Betonnung;Schifffahrtszeichen und Fahrwasserinformationen interpretieren;true;SBFSEE-0025 | SBFBIN-0025;shared_basis;"Richtig.

Wasserflächen, auf denen mit Wasserski oder Wassermotorrädern gefahren werden darf. Das dargestellte Zeichen bedeutet „Wasserflächen, auf denen mit Wasserski oder Wassermotorrädern gefahren werden darf“. Gebots-, Verbots- und Betriebssignale sind verbindlich und müssen vor dem Einfahren in den betroffenen Bereich erkannt und befolgt werden.";"Falsch.

Richtig ist: „Wasserflächen, auf denen mit Wasserski oder Wassermotorrädern gefahren werden darf.“

Das dargestellte Zeichen bedeutet „Wasserflächen, auf denen mit Wasserski oder Wassermotorrädern gefahren werden darf“. Gebots-, Verbots- und Betriebssignale sind verbindlich und müssen vor dem Einfahren in den betroffenen Bereich erkannt und befolgt werden.";multiple_choice;Feedback erstellt
SBF-BASIS-0026;26;Basis;Basisfragen;See + Binnen;Welche Bedeutung hat folgendes Tafelzeichen?;Ende einer Gebots- oder Verbotsstrecke.;Streckenabschnitt für eine nicht frei fahrende Fähre.;Queren des Fahrwassers ist gestattet.;Wechseln der Fahrwasserseite ist gestattet.;A;Schifffahrtszeichen & Fahrwasser;Zeichen / Betonnung;Schifffahrtszeichen und Fahrwasserinformationen interpretieren;true;SBFSEE-0026 | SBFBIN-0026;shared_basis;"Richtig.

Ende einer Gebots- oder Verbotsstrecke. Das dargestellte Zeichen bedeutet „Ende einer Gebots- oder Verbotsstrecke“. Gebots-, Verbots- und Betriebssignale sind verbindlich und müssen vor dem Einfahren in den betroffenen Bereich erkannt und befolgt werden.";"Falsch.

Richtig ist: „Ende einer Gebots- oder Verbotsstrecke.“

Das dargestellte Zeichen bedeutet „Ende einer Gebots- oder Verbotsstrecke“. Gebots-, Verbots- und Betriebssignale sind verbindlich und müssen vor dem Einfahren in den betroffenen Bereich erkannt und befolgt werden.";multiple_choice;Feedback erstellt
SBF-BASIS-0027;27;Basis;Basisfragen;See + Binnen;Welche Bedeutung hat folgendes Tafelzeichen?;Verbot der Durchfahrt und Sperrung der Schifffahrt.;Verbot der Durchfahrt und Sperrung für Kleinfahrzeuge.;Verbot der Durchfahrt, jedoch für Kleinfahrzeuge ohne laufende Antriebsmaschine befahrbar.;Verbot der Durchfahrt, jedoch für Kleinfahrzeuge ohne Antriebsmaschine befahrbar.;A;Schifffahrtszeichen & Fahrwasser;Zeichen / Betonnung;Schifffahrtszeichen und Fahrwasserinformationen interpretieren;true;SBFSEE-0027 | SBFBIN-0027;shared_basis;"Richtig.

Verbot der Durchfahrt und Sperrung der Schifffahrt. Das dargestellte Zeichen bedeutet „Verbot der Durchfahrt und Sperrung der Schifffahrt“. Gebots-, Verbots- und Betriebssignale sind verbindlich und müssen vor dem Einfahren in den betroffenen Bereich erkannt und befolgt werden.";"Falsch.

Richtig ist: „Verbot der Durchfahrt und Sperrung der Schifffahrt.“

Das dargestellte Zeichen bedeutet „Verbot der Durchfahrt und Sperrung der Schifffahrt“. Gebots-, Verbots- und Betriebssignale sind verbindlich und müssen vor dem Einfahren in den betroffenen Bereich erkannt und befolgt werden.";multiple_choice;Feedback erstellt
SBF-BASIS-0028;28;Basis;Basisfragen;See + Binnen;Welche Bedeutung haben folgende Schifffahrtszeichen?;Brücke, Sperrwerk oder Schleuse geschlossen.;Anlage dauerhaft gesperrt.;Stoppsignal für alle Fahrzeuge.;Außergewöhnliche Schifffahrtsbehinderung.;A;Schifffahrtszeichen & Fahrwasser;Zeichen / Betonnung;Schifffahrtszeichen und Fahrwasserinformationen interpretieren;true;SBFSEE-0028 | SBFBIN-0028;shared_basis;"Richtig.

Brücke, Sperrwerk oder Schleuse geschlossen. Das dargestellte Zeichen bedeutet „Brücke, Sperrwerk oder Schleuse geschlossen“. Gebots-, Verbots- und Betriebssignale sind verbindlich und müssen vor dem Einfahren in den betroffenen Bereich erkannt und befolgt werden.";"Falsch.

Richtig ist: „Brücke, Sperrwerk oder Schleuse geschlossen.“

Das dargestellte Zeichen bedeutet „Brücke, Sperrwerk oder Schleuse geschlossen“. Gebots-, Verbots- und Betriebssignale sind verbindlich und müssen vor dem Einfahren in den betroffenen Bereich erkannt und befolgt werden.";multiple_choice;Feedback erstellt
SBF-BASIS-0029;29;Basis;Basisfragen;See + Binnen;Welche Bedeutung haben folgende Schifffahrtszeichen?;Anlage dauerhaft gesperrt.;Brücke, Sperrwerk oder Schleuse geschlossen.;Stoppsignal für alle Fahrzeuge.;Außergewöhnliche Schifffahrtsbehinderung.;A;Schifffahrtszeichen & Fahrwasser;Zeichen / Betonnung;Schifffahrtszeichen und Fahrwasserinformationen interpretieren;true;SBFSEE-0029 | SBFBIN-0029;shared_basis;"Richtig.

Anlage dauerhaft gesperrt. Das dargestellte Zeichen bedeutet „Anlage dauerhaft gesperrt“. Gebots-, Verbots- und Betriebssignale sind verbindlich und müssen vor dem Einfahren in den betroffenen Bereich erkannt und befolgt werden.";"Falsch.

Richtig ist: „Anlage dauerhaft gesperrt.“

Das dargestellte Zeichen bedeutet „Anlage dauerhaft gesperrt“. Gebots-, Verbots- und Betriebssignale sind verbindlich und müssen vor dem Einfahren in den betroffenen Bereich erkannt und befolgt werden.";multiple_choice;Feedback erstellt
SBF-BASIS-0030;30;Basis;Basisfragen;See + Binnen;Was bedeuten diese Lichter vor einer Schleuse?;Einfahrt frei, Gegenverkehr gesperrt.;Einfahrt frei, Schleusentor öffnet.;Schleuse in Betrieb, auf Einfahrtsignal gemäß Reihenfolge warten.;Schleuse in Betrieb, auf Ausfahrtsignal gemäß Reihenfolge warten.;A;Lichter, Zeichen & Schallsignale;Fahrzeug- und Verkehrssignale;Signale erkennen und Bedeutung zuordnen;true;SBFSEE-0030 | SBFBIN-0030;shared_basis;"Richtig.

Einfahrt frei, Gegenverkehr gesperrt. Das dargestellte Zeichen bedeutet „Einfahrt frei, Gegenverkehr gesperrt“. Gebots-, Verbots- und Betriebssignale sind verbindlich und müssen vor dem Einfahren in den betroffenen Bereich erkannt und befolgt werden.";"Falsch.

Richtig ist: „Einfahrt frei, Gegenverkehr gesperrt.“

Das dargestellte Zeichen bedeutet „Einfahrt frei, Gegenverkehr gesperrt“. Gebots-, Verbots- und Betriebssignale sind verbindlich und müssen vor dem Einfahren in den betroffenen Bereich erkannt und befolgt werden.";multiple_choice;Feedback erstellt
SBF-BASIS-0031;31;Basis;Basisfragen;See + Binnen;Welches Merkblatt enthält Hinweise für das Verhalten zum Schutz seltener Tiere und Pflanzen sowie zur Reinhaltung der Gewässer?;Die 10 goldenen Regeln für Wassersportler.;Die 15 goldenen Regeln für Wassersportler.;Die 10 Grundregeln für Wassersportler.;Die 15 Verhaltensregeln für Wassersportler.;A;Umweltschutz;Umweltgerechtes Verhalten;Umweltgerechtes Verhalten auswählen;false;SBFSEE-0031 | SBFBIN-0031;shared_basis;"Richtig.

Die 10 goldenen Regeln für Wassersportler. Die zehn goldenen Regeln bündeln die wichtigsten Verhaltensweisen zum Schutz von Gewässern, Tieren und Pflanzen.";"Falsch.

Richtig ist: „Die 10 goldenen Regeln für Wassersportler.“

Die zehn goldenen Regeln bündeln die wichtigsten Verhaltensweisen zum Schutz von Gewässern, Tieren und Pflanzen.";multiple_choice;Feedback erstellt
SBF-BASIS-0032;32;Basis;Basisfragen;See + Binnen;Wie kann mitgeholfen werden, die Lebensmöglichkeiten der Pflanzen- und Tierwelt in Gewässern und Feuchtgebieten zu bewahren und zu fördern?;"Durch umweltbewusstes Verhalten und Beachtung der ""Zehn goldenen Regeln für das Verhalten von Wassersportlern in der Natur"".";"Durch umweltbewusstes Verhalten und Beachtung der ""Zehn Grundregeln für den Wassersport"".";Durch umsichtiges Verhalten und Beachtung der Verkehrsvorschriften.;Durch vorausschauendes Fahren und Ausweichen entsprechend der Verkehrsvorschriften.;A;Umweltschutz;Umweltgerechtes Verhalten;Umweltgerechtes Verhalten auswählen;false;SBFSEE-0032 | SBFBIN-0032;shared_basis;"Richtig.

Durch umweltbewusstes Verhalten und Beachtung der ""Zehn goldenen Regeln für das Verhalten von Wassersportlern in der Natur"". Rücksicht auf Schutz- und Ruhezonen sowie die ordnungsgemäße Entsorgung von Abfällen vermindern Störungen und Gewässerverunreinigungen.";"Falsch.

Richtig ist: „Durch umweltbewusstes Verhalten und Beachtung der ""Zehn goldenen Regeln für das Verhalten von Wassersportlern in der Natur"".“

Rücksicht auf Schutz- und Ruhezonen sowie die ordnungsgemäße Entsorgung von Abfällen vermindern Störungen und Gewässerverunreinigungen.";multiple_choice;Feedback erstellt
SBF-BASIS-0033;33;Basis;Basisfragen;See + Binnen;Warum sollte man sich von Schilf- und Röhrichtzonen sowie von dicht bewachsenen Uferzonen möglichst weit fernhalten?;Weil diese Zonen vielfach Rast- und Brutplätze besonders schutzwürdiger Vögel oder Fischlaichplätze sind.;Weil in diesen Zonen die Gefahr von Grundberührungen besteht.;Weil durch die Pflanzen der Propeller blockiert werden könnte.;Weil in diesen Zonen badende Personen schwer zu erkennen sind.;A;Umweltschutz;Umweltgerechtes Verhalten;Umweltgerechtes Verhalten auswählen;false;SBFSEE-0033 | SBFBIN-0033;shared_basis;"Richtig.

Weil diese Zonen vielfach Rast- und Brutplätze besonders schutzwürdiger Vögel oder Fischlaichplätze sind. Schilf, Röhricht und dicht bewachsene Ufer sind empfindliche Brut-, Rast- und Laichräume; Abstand verhindert Störungen und Schäden.";"Falsch.

Richtig ist: „Weil diese Zonen vielfach Rast- und Brutplätze besonders schutzwürdiger Vögel oder Fischlaichplätze sind.“

Schilf, Röhricht und dicht bewachsene Ufer sind empfindliche Brut-, Rast- und Laichräume; Abstand verhindert Störungen und Schäden.";multiple_choice;Feedback erstellt
SBF-BASIS-0034;34;Basis;Basisfragen;See + Binnen;Warum soll ein kleines Fahrzeug nicht dicht an ein großes in Fahrt befindliches Fahrzeug heranfahren?;Es kann durch dessen Bug- oder Heckwelle kentern oder durch den Sog mit dem Fahrzeug kollidieren.;Dichtes Heranfahren ist ein Verstoß gegen die Grundregeln für das Verhalten im Verkehr.;Da es dem großen in Fahrt befindlichen Fahrzeug sonst nicht ausweichen kann.;Es kann durch dessen Bug- oder Heckwelle Seeschlag erleiden.;A;Allgemeine Seemannschaft;Grundlagen;Seemännische Grundlagen sicher anwenden;false;SBFSEE-0034 | SBFBIN-0034;shared_basis;"Richtig.

Es kann durch dessen Bug- oder Heckwelle kentern oder durch den Sog mit dem Fahrzeug kollidieren. Große Fahrzeuge erzeugen Bugwelle, Heckwelle und Sog. Ein kleines Boot kann dadurch die Kontrolle verlieren, kollidieren oder kentern.";"Falsch.

Richtig ist: „Es kann durch dessen Bug- oder Heckwelle kentern oder durch den Sog mit dem Fahrzeug kollidieren.“

Große Fahrzeuge erzeugen Bugwelle, Heckwelle und Sog. Ein kleines Boot kann dadurch die Kontrolle verlieren, kollidieren oder kentern.";multiple_choice;Feedback erstellt
SBF-BASIS-0035;35;Basis;Basisfragen;See + Binnen;Warum soll man möglichst gegen Strom und Wind anlegen?;Weil sich das Fahrzeug dabei sicherer manövrieren lässt.;Weil dadurch Sog und Wellenschlag vermieden wird.;Weil dadurch Einflüsse von Wellen und Wassertiefe ausgeglichen werden.;Weil dies die Steuerwirkung der Schraube erhöht.;A;Seemannschaft & Technik;Manöver / Bordtechnik;Boot sicher manövrieren und Technik beurteilen;false;SBFSEE-0035 | SBFBIN-0035;shared_basis;"Richtig.

Weil sich das Fahrzeug dabei sicherer manövrieren lässt. Gegen Wind oder Strom bleibt Fahrt im Ruder und die Annäherung lässt sich mit geringer Geschwindigkeit besser kontrollieren.";"Falsch.

Richtig ist: „Weil sich das Fahrzeug dabei sicherer manövrieren lässt.“

Gegen Wind oder Strom bleibt Fahrt im Ruder und die Annäherung lässt sich mit geringer Geschwindigkeit besser kontrollieren.";multiple_choice;Feedback erstellt
SBF-BASIS-0036;36;Basis;Basisfragen;See + Binnen;Wie verhält man sich beim Begegnen mit anderen Fahrzeugen in einem engen Fahrwasser?;Geschwindigkeit herabsetzen und ausreichenden Passierabstand halten.;Geschwindigkeit erhöhen, um das Begegnungsmanöver zügig durchzuführen.;Das gegen den Strom fahrende Fahrzeug ist ausweichpflichtig.;Das mit dem Strom fahrende Fahrzeug hat aufzustoppen.;A;Schifffahrtszeichen & Fahrwasser;Zeichen / Betonnung;Schifffahrtszeichen und Fahrwasserinformationen interpretieren;false;SBFSEE-0036 | SBFBIN-0036;shared_basis;"Richtig.

Geschwindigkeit herabsetzen und ausreichenden Passierabstand halten. Weniger Geschwindigkeit reduziert Sog, Wellenschlag und Reaktionsdruck; ausreichender Abstand schafft Manöverraum.";"Falsch.

Richtig ist: „Geschwindigkeit herabsetzen und ausreichenden Passierabstand halten.“

Weniger Geschwindigkeit reduziert Sog, Wellenschlag und Reaktionsdruck; ausreichender Abstand schafft Manöverraum.";multiple_choice;Feedback erstellt
SBF-BASIS-0037;37;Basis;Basisfragen;See + Binnen;Welche Gefahren können entstehen, wenn ein kleines von einem größeren Fahrzeug überholt wird?;Das kleinere Fahrzeug kann durch Stau, Sog oder Schwell aus dem Kurs laufen und kollidieren oder querschlagen, in flachen Gewässern auf Grund laufen.;Das größere Fahrzeug kann durch Stau, Sog oder Schwell aus dem Kurs laufen und kollidieren oder querschlagen, in flachen Gewässern auf Grund laufen.;Das kleinere Fahrzeug kann durch Stau, Sog oder Schwell aus dem Kurs laufen und kollidieren oder kentern, in flachen Gewässern extrem versetzt werden.;Das größere Fahrzeug kann durch Wellenbildung aus dem Kurs laufen und kollidieren oder querschlagen, in flachen Gewässern auf Grund laufen.;A;Ausweichregeln;KVR / Kollisionsvermeidung;Kollisionslage beurteilen und richtige Maßnahme wählen;false;SBFSEE-0037 | SBFBIN-0037;shared_basis;"Richtig.

Das kleinere Fahrzeug kann durch Stau, Sog oder Schwell aus dem Kurs laufen und kollidieren oder querschlagen, in flachen Gewässern auf Grund laufen. Stau, Sog und Schwell eines großen Fahrzeugs können ein kleines Boot versetzen oder querstellen; in flachem Wasser droht zusätzlich eine Grundberührung.";"Falsch.

Richtig ist: „Das kleinere Fahrzeug kann durch Stau, Sog oder Schwell aus dem Kurs laufen und kollidieren oder querschlagen, in flachen Gewässern auf Grund laufen.“

Stau, Sog und Schwell eines großen Fahrzeugs können ein kleines Boot versetzen oder querstellen; in flachem Wasser droht zusätzlich eine Grundberührung.";multiple_choice;Feedback erstellt
SBF-BASIS-0038;38;Basis;Basisfragen;See + Binnen;Wo finden Sie Informationen über umweltfreundliche Farben, Lacke und Antifouling-Beschichtungen für Ihr Boot?;Beim Umweltbundesamt.;Beim Bundesministerium für Digitales und Verkehr.;In der Sportbootführerscheinverordnung.;In der Sportbootvermietungsverordnung.;A;Umweltschutz;Umweltgerechtes Verhalten;Umweltgerechtes Verhalten auswählen;false;SBFSEE-0038 | SBFBIN-0038;shared_basis;"Richtig.

Beim Umweltbundesamt. Das Umweltbundesamt stellt fachlich geprüfte Informationen zu umweltverträglichen Beschichtungen und Antifouling bereit.";"Falsch.

Richtig ist: „Beim Umweltbundesamt.“

Das Umweltbundesamt stellt fachlich geprüfte Informationen zu umweltverträglichen Beschichtungen und Antifouling bereit.";multiple_choice;Feedback erstellt
SBF-BASIS-0039;39;Basis;Basisfragen;See + Binnen;Woran kann man erkennen, ob der Anker hält?;Wenn beim Handauflegen auf die Ankerkette oder -leine kein Rucken zu verspüren ist und sich die Ankerpeilung nicht ändert.;Wenn Ankerkette oder -leine nicht vibrieren und sich der anliegende Magnetkompasskurs nicht verändert.;Wenn beim Handauflegen auf die Ankerkette oder -leine kein Rucken zu verspüren ist und das Fahrzeug nicht schwojt.;Wenn beim Handauflegen auf die Ankerkette oder -leine kein Rucken zu verspüren ist und sich die Ankerpeilung ändert.;A;Seemannschaft & Technik;Manöver / Bordtechnik;Boot sicher manövrieren und Technik beurteilen;false;SBFSEE-0039 | SBFBIN-0039;shared_basis;"Richtig.

Wenn beim Handauflegen auf die Ankerkette oder -leine kein Rucken zu verspüren ist und sich die Ankerpeilung nicht ändert. Eine unveränderte Peilung zu einem festen Objekt zeigt, dass das Boot nicht vertreibt; eine ruhig bleibende Kette oder Leine bestätigt den Halt zusätzlich.";"Falsch.

Richtig ist: „Wenn beim Handauflegen auf die Ankerkette oder -leine kein Rucken zu verspüren ist und sich die Ankerpeilung nicht ändert.“

Eine unveränderte Peilung zu einem festen Objekt zeigt, dass das Boot nicht vertreibt; eine ruhig bleibende Kette oder Leine bestätigt den Halt zusätzlich.";multiple_choice;Feedback erstellt
SBF-BASIS-0040;40;Basis;Basisfragen;See + Binnen;Welches ist der günstigste Anlaufwinkel beim Anlegen?;Ein möglichst spitzer Winkel.;Ein Winkel von 90° bis 100°.;Ein möglichst stumpfer Winkel.;Ein Winkel von 60° bis 70°.;A;Seemannschaft & Technik;Manöver / Bordtechnik;Boot sicher manövrieren und Technik beurteilen;false;SBFSEE-0040 | SBFBIN-0040;shared_basis;"Richtig.

Ein möglichst spitzer Winkel. Ein spitzer Anlaufwinkel hält die Annäherungsgeschwindigkeit quer zur Pier klein und lässt sich leichter korrigieren.";"Falsch.

Richtig ist: „Ein möglichst spitzer Winkel.“

Ein spitzer Anlaufwinkel hält die Annäherungsgeschwindigkeit quer zur Pier klein und lässt sich leichter korrigieren.";multiple_choice;Feedback erstellt
SBF-BASIS-0041;41;Basis;Basisfragen;See + Binnen;Wie verhält sich im Allgemeinen das Schiff im Rückwärtsgang bei einem rechtsdrehenden Propeller?;Das Heck dreht nach Backbord.;Das Heck dreht nach Steuerbord.;Der Kurs des Schiffes ändert sich nicht.;Der Bug dreht nach Backbord.;A;Seemannschaft & Technik;Manöver / Bordtechnik;Boot sicher manövrieren und Technik beurteilen;false;SBFSEE-0041 | SBFBIN-0041;shared_basis;"Richtig.

Das Heck dreht nach Backbord. Beim rechtsdrehenden Propeller versetzt der Radeffekt das Heck in Rückwärtsfahrt typischerweise nach Backbord.";"Falsch.

Richtig ist: „Das Heck dreht nach Backbord.“

Beim rechtsdrehenden Propeller versetzt der Radeffekt das Heck in Rückwärtsfahrt typischerweise nach Backbord.";multiple_choice;Feedback erstellt
SBF-BASIS-0042;42;Basis;Basisfragen;See + Binnen;Was bewirkt der Quickstopp?;Unterbrechung von Zündkontakt bzw. Kraftstoffzufuhr.;Automatisches Anlassen des Motors.;Kurze Unterbrechung des Motorlaufs.;Automatische Schubumkehr.;A;Sicherheit & Notfälle;Sicherheit / Notfall;Gefahren erkennen und geeignete Sicherheitsmaßnahme wählen;false;SBFSEE-0042 | SBFBIN-0042;shared_basis;"Richtig.

Unterbrechung von Zündkontakt bzw. Kraftstoffzufuhr. Der Quickstopp stoppt den Motor, wenn die Verbindung zur führenden Person getrennt wird, und verhindert so ein unkontrolliert weiterfahrendes Boot.";"Falsch.

Richtig ist: „Unterbrechung von Zündkontakt bzw. Kraftstoffzufuhr.“

Der Quickstopp stoppt den Motor, wenn die Verbindung zur führenden Person getrennt wird, und verhindert so ein unkontrolliert weiterfahrendes Boot.";multiple_choice;Feedback erstellt
SBF-BASIS-0043;43;Basis;Basisfragen;See + Binnen;Was ist zu unternehmen, wenn Treibstoff oder Öl in die Bilge gelangt?;Mit Lappen aufnehmen und umweltgerecht entsorgen.;Räume lüften und abwarten.;Gleichmäßig verteilen.;Mit entsprechendem Mittel neutralisieren.;A;Seemannschaft & Technik;Manöver / Bordtechnik;Boot sicher manövrieren und Technik beurteilen;false;SBFSEE-0043 | SBFBIN-0043;shared_basis;"Richtig.

Mit Lappen aufnehmen und umweltgerecht entsorgen. Öl oder Kraftstoff dürfen weder abgepumpt noch über Bord gespült werden; sie müssen aufgenommen und fachgerecht entsorgt werden.";"Falsch.

Richtig ist: „Mit Lappen aufnehmen und umweltgerecht entsorgen.“

Öl oder Kraftstoff dürfen weder abgepumpt noch über Bord gespült werden; sie müssen aufgenommen und fachgerecht entsorgt werden.";multiple_choice;Feedback erstellt
SBF-BASIS-0044;44;Basis;Basisfragen;See + Binnen;Was ist unter einem rechtsdrehenden Propeller zu verstehen?;Von achtern gesehen in Vorausfahrt Drehung des Propellers im Uhrzeigersinn.;Von vorne gesehen in Vorausfahrt Drehung des Propellers im Uhrzeigersinn.;Von achtern gesehen in Vorausfahrt Drehung des Propellers gegen den Uhrzeigersinn.;Von vorne gesehen in Rückwärtsfahrt Drehung des Propellers gegen den Uhrzeigersinn.;A;Seemannschaft & Technik;Manöver / Bordtechnik;Boot sicher manövrieren und Technik beurteilen;false;SBFSEE-0044 | SBFBIN-0044;shared_basis;"Richtig.

Von achtern gesehen in Vorausfahrt Drehung des Propellers im Uhrzeigersinn. Die Drehrichtung wird von achtern und für Vorausfahrt bestimmt; rechtsdrehend bedeutet Drehung im Uhrzeigersinn.";"Falsch.

Richtig ist: „Von achtern gesehen in Vorausfahrt Drehung des Propellers im Uhrzeigersinn.“

Die Drehrichtung wird von achtern und für Vorausfahrt bestimmt; rechtsdrehend bedeutet Drehung im Uhrzeigersinn.";multiple_choice;Feedback erstellt
SBF-BASIS-0045;45;Basis;Basisfragen;See + Binnen;Was ist unter einem linksdrehenden Propeller zu verstehen?;Von achtern gesehen in Vorausfahrt Drehung des Propellers gegen den Uhrzeigersinn.;Von vorne gesehen in Vorausfahrt Drehung des Propellers gegen den Uhrzeigersinn.;Von achtern gesehen in Vorausfahrt Drehung des Propellers im Uhrzeigersinn.;Von vorne gesehen in Rückwärtsfahrt Drehung des Propellers im Uhrzeigersinn.;A;Seemannschaft & Technik;Manöver / Bordtechnik;Boot sicher manövrieren und Technik beurteilen;false;SBFSEE-0045 | SBFBIN-0045;shared_basis;"Richtig.

Von achtern gesehen in Vorausfahrt Drehung des Propellers gegen den Uhrzeigersinn. Die Drehrichtung wird von achtern und für Vorausfahrt bestimmt; linksdrehend bedeutet Drehung gegen den Uhrzeigersinn.";"Falsch.

Richtig ist: „Von achtern gesehen in Vorausfahrt Drehung des Propellers gegen den Uhrzeigersinn.“

Die Drehrichtung wird von achtern und für Vorausfahrt bestimmt; linksdrehend bedeutet Drehung gegen den Uhrzeigersinn.";multiple_choice;Feedback erstellt
SBF-BASIS-0046;46;Basis;Basisfragen;See + Binnen;Was ist unter der indirekten Ruderwirkung (Radeffekt) des Propellers zu verstehen?;Das seitliche Versetzen des Hecks.;Das Versetzen nach vorne.;Das Versetzen nach hinten.;Das seitliche Versetzen des Bugs.;A;Seemannschaft & Technik;Manöver / Bordtechnik;Boot sicher manövrieren und Technik beurteilen;false;SBFSEE-0046 | SBFBIN-0046;shared_basis;"Richtig.

Das seitliche Versetzen des Hecks. Der Radeffekt wirkt quer zur eigentlichen Schubrichtung und versetzt beim Manövrieren vor allem das Heck seitlich.";"Falsch.

Richtig ist: „Das seitliche Versetzen des Hecks.“

Der Radeffekt wirkt quer zur eigentlichen Schubrichtung und versetzt beim Manövrieren vor allem das Heck seitlich.";multiple_choice;Feedback erstellt
SBF-BASIS-0047;47;Basis;Basisfragen;See + Binnen;Weshalb ist die Kenntnis der Propellerdrehrichtung von Bedeutung?;Sie hilft beim Manövrieren.;Sie hilft beim Kurshalten.;Sie hilft beim Überholen.;Sie hilft beim Begegnen.;A;Seemannschaft & Technik;Manöver / Bordtechnik;Boot sicher manövrieren und Technik beurteilen;false;SBFSEE-0047 | SBFBIN-0047;shared_basis;"Richtig.

Sie hilft beim Manövrieren. Aus der Propellerdrehrichtung lässt sich abschätzen, zu welcher Seite das Heck besonders beim Rückwärtsfahren versetzt wird.";"Falsch.

Richtig ist: „Sie hilft beim Manövrieren.“

Aus der Propellerdrehrichtung lässt sich abschätzen, zu welcher Seite das Heck besonders beim Rückwärtsfahren versetzt wird.";multiple_choice;Feedback erstellt
SBF-BASIS-0048;48;Basis;Basisfragen;See + Binnen;Welche Anlegeseite ist mit rechtsdrehendem Propeller empfehlenswert und warum?;Die Backbordseite - der Radeffekt zieht das Fahrzeug an die Pier.;Die Steuerbordseite - der Radeffekt zieht das Fahrzeug an die Pier.;Die Steuerbord- oder Backbordseite je nach Ruderlage.;Es gibt keine empfehlenswerte Anlegeseite.;A;Seemannschaft & Technik;Manöver / Bordtechnik;Boot sicher manövrieren und Technik beurteilen;false;SBFSEE-0048 | SBFBIN-0048;shared_basis;"Richtig.

Die Backbordseite - der Radeffekt zieht das Fahrzeug an die Pier. Beim rechtsdrehenden Propeller zieht der Radeffekt das Heck in Rückwärtsfahrt nach Backbord und unterstützt dadurch das Anlegen mit der Backbordseite.";"Falsch.

Richtig ist: „Die Backbordseite - der Radeffekt zieht das Fahrzeug an die Pier.“

Beim rechtsdrehenden Propeller zieht der Radeffekt das Heck in Rückwärtsfahrt nach Backbord und unterstützt dadurch das Anlegen mit der Backbordseite.";multiple_choice;Feedback erstellt
SBF-BASIS-0049;49;Basis;Basisfragen;See + Binnen;Was muss beim Tanken beachtet werden?;Motor abstellen, keine elektrischen Schalter betätigen, Vorbereitung gegen das Überlaufen von Kraftstoff treffen, kein offenes Feuer.;Motor in Leerlaufstellung, keine elektrischen Schalter betätigen, Vorbereitung gegen das Überlaufen von Kraftstoff treffen, kein offenes Feuer.;Fenster schließen, keine elektrischen Schalter betätigen, Vorbereitung gegen das Überlaufen von Kraftstoff treffen, kein offenes Feuer.;Motor abstellen, Feuerlöscher bereithalten, Vorbereitung gegen das Überlaufen von Kraftstoff treffen, kein offenes Feuer.;A;Seemannschaft & Technik;Manöver / Bordtechnik;Boot sicher manövrieren und Technik beurteilen;false;SBFSEE-0049 | SBFBIN-0049;shared_basis;"Richtig.

Motor abstellen, keine elektrischen Schalter betätigen, Vorbereitung gegen das Überlaufen von Kraftstoff treffen, kein offenes Feuer. Beim Tanken müssen Zündquellen und Funken vermieden und austretender Kraftstoff verhindert werden, weil Kraftstoffdämpfe leicht entzündlich sind.";"Falsch.

Richtig ist: „Motor abstellen, keine elektrischen Schalter betätigen, Vorbereitung gegen das Überlaufen von Kraftstoff treffen, kein offenes Feuer.“

Beim Tanken müssen Zündquellen und Funken vermieden und austretender Kraftstoff verhindert werden, weil Kraftstoffdämpfe leicht entzündlich sind.";multiple_choice;Feedback erstellt
SBF-BASIS-0050;50;Basis;Basisfragen;See + Binnen;Wodurch wird bei einem Fahrzeug mit Außenbordmotor und ohne Ruderanlage die Ruderwirkung erzielt?;Durch Schraubenstrom und Richtung des Propellers.;Durch Schraubenstrom und Anstellwinkel des Propellers.;Durch den Schraubenwiderstand und Anstellwinkel des Propellers.;Durch den Schraubenwiderstand und Richtung des Propellers.;A;Seemannschaft & Technik;Manöver / Bordtechnik;Boot sicher manövrieren und Technik beurteilen;false;SBFSEE-0050 | SBFBIN-0050;shared_basis;"Richtig.

Durch Schraubenstrom und Richtung des Propellers. Beim Außenborder wird der gesamte Propellerschub geschwenkt; dadurch entsteht die steuernde Richtungsänderung auch ohne separates Ruderblatt.";"Falsch.

Richtig ist: „Durch Schraubenstrom und Richtung des Propellers.“

Beim Außenborder wird der gesamte Propellerschub geschwenkt; dadurch entsteht die steuernde Richtungsänderung auch ohne separates Ruderblatt.";multiple_choice;Feedback erstellt
SBF-BASIS-0051;51;Basis;Basisfragen;See + Binnen;Weshalb setzt bei einem Fahrzeug mit Einbaumaschine und starrer Welle bei Aufnahme der Rückwärtsfahrt die Ruderwirkung erst relativ spät ein?;Weil sie erst mit Anströmung des Ruderblattes einsetzt.;Weil sich durch den Radeffekt ein Unterdruck am Propeller entwickelt.;Durch den Abstand von Propeller und Ruderblatt.;Weil sich durch den Radeffekt ein Unterdruck am Ruder entwickelt.;A;Seemannschaft & Technik;Manöver / Bordtechnik;Boot sicher manövrieren und Technik beurteilen;false;SBFSEE-0051 | SBFBIN-0051;shared_basis;"Richtig.

Weil sie erst mit Anströmung des Ruderblattes einsetzt. Bei starrer Welle erzeugt das Ruder erst Wirkung, wenn Wasser daran entlangströmt; beim beginnenden Rückwärtsfahren fehlt diese Anströmung zunächst.";"Falsch.

Richtig ist: „Weil sie erst mit Anströmung des Ruderblattes einsetzt.“

Bei starrer Welle erzeugt das Ruder erst Wirkung, wenn Wasser daran entlangströmt; beim beginnenden Rückwärtsfahren fehlt diese Anströmung zunächst.";multiple_choice;Feedback erstellt
SBF-BASIS-0052;52;Basis;Basisfragen;See + Binnen;Während der Fahrt sollte die Maschinenanlage ständig überwacht werden. Worauf muss besonders geachtet werden?;Motortemperatur, Öldruck, Ladekontrolle.;Kühlwasseraustritt, Drehzahlmesser, Keilriemenspannung.;Schraubendrehzahl, Getriebeöltemperatur, Öldruck.;Druck der Einspritzpumpe, Impellerpumpe, Ölpumpe.;A;Seemannschaft & Technik;Manöver / Bordtechnik;Boot sicher manövrieren und Technik beurteilen;false;SBFSEE-0052 | SBFBIN-0052;shared_basis;"Richtig.

Motortemperatur, Öldruck, Ladekontrolle. Temperatur, Öldruck und Ladekontrolle zeigen frühzeitig Überhitzung, Schmierungsprobleme oder einen Ausfall der Stromerzeugung an.";"Falsch.

Richtig ist: „Motortemperatur, Öldruck, Ladekontrolle.“

Temperatur, Öldruck und Ladekontrolle zeigen frühzeitig Überhitzung, Schmierungsprobleme oder einen Ausfall der Stromerzeugung an.";multiple_choice;Feedback erstellt
SBF-BASIS-0053;53;Basis;Basisfragen;See + Binnen;Die Temperatur der Antriebsmaschine überschreitet die zulässigen Grenzwerte. Was könnte die mögliche Ursache sein?;Defektes Thermostat, defekte Impellerpumpe, geschlossenes Seeventil, zu niedriger Kühlwasserstand.;Zu viel Motoröl, defekte Impellerpumpe, geschlossenes Seeventil, zu niedriger Kühlwasserstand.;Defektes Thermostat, defekte Impellerpumpe, geschlossenes Seeventil, zu hohe Batteriespannung.;Defektes Thermostat, defekte Kupplung, geschlossenes Seeventil, zu niedriger Kühlwasserstand.;A;Seemannschaft & Technik;Manöver / Bordtechnik;Boot sicher manövrieren und Technik beurteilen;false;SBFSEE-0053 | SBFBIN-0053;shared_basis;"Richtig.

Defektes Thermostat, defekte Impellerpumpe, geschlossenes Seeventil, zu niedriger Kühlwasserstand. Alle genannten Fehler können den Kühlwasserkreislauf unterbrechen oder seine Leistung vermindern und dadurch eine Überhitzung verursachen.";"Falsch.

Richtig ist: „Defektes Thermostat, defekte Impellerpumpe, geschlossenes Seeventil, zu niedriger Kühlwasserstand.“

Alle genannten Fehler können den Kühlwasserkreislauf unterbrechen oder seine Leistung vermindern und dadurch eine Überhitzung verursachen.";multiple_choice;Feedback erstellt
SBF-BASIS-0054;54;Basis;Basisfragen;See + Binnen;Die Ladekontrolllampe erlischt nach dem Starten nicht. Was könnte die mögliche Ursache sein?;Lichtmaschine bzw. Regler der Lichtmaschine defekt.;Zu hohe Motordrehzahl.;Keilriemen gerissen und hoher Stromverbrauch.;Anlasser ist nach dem Starten ausgefallen.;A;Seemannschaft & Technik;Manöver / Bordtechnik;Boot sicher manövrieren und Technik beurteilen;false;SBFSEE-0054 | SBFBIN-0054;shared_basis;"Richtig.

Lichtmaschine bzw. Regler der Lichtmaschine defekt. Bleibt die Ladekontrollleuchte an, liefert die Lichtmaschine keine ordnungsgemäße Ladespannung oder ihr Regler arbeitet nicht korrekt.";"Falsch.

Richtig ist: „Lichtmaschine bzw. Regler der Lichtmaschine defekt.“

Bleibt die Ladekontrollleuchte an, liefert die Lichtmaschine keine ordnungsgemäße Ladespannung oder ihr Regler arbeitet nicht korrekt.";multiple_choice;Feedback erstellt
SBF-BASIS-0055;55;Basis;Basisfragen;See + Binnen;Die Ölkontrollleuchte leuchtet nach dem Starten weiter. Was könnte die mögliche Ursache sein?;Druckschalter bzw. Öldruckpumpe defekt.;Zu viel Motoröl im Motor.;FI-Schalter defekt.;Zu hohe Motordrehzahl.;A;Seemannschaft & Technik;Manöver / Bordtechnik;Boot sicher manövrieren und Technik beurteilen;false;SBFSEE-0055 | SBFBIN-0055;shared_basis;"Richtig.

Druckschalter bzw. Öldruckpumpe defekt. Eine weiterleuchtende Ölkontrollleuchte weist auf fehlenden Öldruck oder einen Fehler der Überwachung hin; der Motor ist deshalb nicht weiter zu belasten.";"Falsch.

Richtig ist: „Druckschalter bzw. Öldruckpumpe defekt.“

Eine weiterleuchtende Ölkontrollleuchte weist auf fehlenden Öldruck oder einen Fehler der Überwachung hin; der Motor ist deshalb nicht weiter zu belasten.";multiple_choice;Feedback erstellt
SBF-BASIS-0056;56;Basis;Basisfragen;See + Binnen;Der Motor ist gestartet worden. Was kann die Ursache sein, wenn nach dem Einkuppeln der Antriebswelle der Motor stehenbleibt?;Blockierter Propeller.;Blockierte Kraftstoffzufuhr.;Verschmutzter Ölfilter.;Verschmutzter Luftfilter.;A;Seemannschaft & Technik;Manöver / Bordtechnik;Boot sicher manövrieren und Technik beurteilen;false;SBFSEE-0056 | SBFBIN-0056;shared_basis;"Richtig.

Blockierter Propeller. Ein blockierter Propeller belastet den Motor beim Einkuppeln schlagartig so stark, dass er abgewürgt werden kann.";"Falsch.

Richtig ist: „Blockierter Propeller.“

Ein blockierter Propeller belastet den Motor beim Einkuppeln schlagartig so stark, dass er abgewürgt werden kann.";multiple_choice;Feedback erstellt
SBF-BASIS-0057;57;Basis;Basisfragen;See + Binnen;Ein Außenborder mit gefülltem Tank bleibt während der Fahrt stehen. Was könnten die Ursachen sein?;"Belüftungsschraube geschlossen; verstopfte Kraftstoffleitung.";Ansaugdüsen zu groß bzw. zu klein.;Tankdeckel ist offen.;Schraube an der Welle lose.;A;Allgemeine Seemannschaft;Grundlagen;Seemännische Grundlagen sicher anwenden;false;SBFSEE-0057 | SBFBIN-0057;shared_basis;"Richtig.

Belüftungsschraube geschlossen; verstopfte Kraftstoffleitung. Ohne Tankbelüftung entsteht Unterdruck; eine verstopfte Leitung unterbricht ebenfalls die Kraftstoffzufuhr, obwohl Kraftstoff vorhanden ist.";"Falsch.

Richtig ist: „Belüftungsschraube geschlossen; verstopfte Kraftstoffleitung.“

Ohne Tankbelüftung entsteht Unterdruck; eine verstopfte Leitung unterbricht ebenfalls die Kraftstoffzufuhr, obwohl Kraftstoff vorhanden ist.";multiple_choice;Feedback erstellt
SBF-BASIS-0058;58;Basis;Basisfragen;See + Binnen;Welche Veröffentlichungen enthalten wichtige Regeln und Tipps für Wassersportler, Empfehlungen zur Ausrüstung von Sportbooten sowie Hinweise zu umweltgerechtem Verhalten auf dem Wasser?;"Nautische Publikationen wie „Sicherheit auf dem Wasser“ und „Sicher auf See"".";"Verordnung über die Sicherung der Seefahrt und nautische Publikationen wie „Sicher auf See"".";Nautische Publikation wie „Sicherheit auf dem Wasser“ und Internationales Signalbuch.;Internationales Signalbuch und Verordnung über die Sicherung der Seefahrt.;A;Allgemeine Seemannschaft;Grundlagen;Seemännische Grundlagen sicher anwenden;false;SBFSEE-0058 | SBFBIN-0058;shared_basis;"Richtig.

Nautische Publikationen wie „Sicherheit auf dem Wasser“ und „Sicher auf See"". Nautische Publikationen wie „Sicherheit auf dem Wasser“ und „Sicher auf See"". Entscheidend sind die im Antworttext genannten Voraussetzungen; nur dann entspricht das Verhalten der geforderten sicheren und eindeutigen Schiffsführung.";"Falsch.

Richtig ist: „Nautische Publikationen wie „Sicherheit auf dem Wasser“ und „Sicher auf See"".“

Nautische Publikationen wie „Sicherheit auf dem Wasser“ und „Sicher auf See"". Entscheidend sind die im Antworttext genannten Voraussetzungen; nur dann entspricht das Verhalten der geforderten sicheren und eindeutigen Schiffsführung.";multiple_choice;Feedback erstellt
SBF-BASIS-0059;59;Basis;Basisfragen;See + Binnen;Unter welchen Voraussetzungen darf ein Sportboot mit Elektromotor ohne Fahrerlaubnis geführt werden?;Die Antriebsleistung beträgt höchstens 7,5 Kilowatt Betriebsart S1 (Dauerbetrieb).;Es darf immer ohne Fahrerlaubnis geführt werden, unabhängig von der Antriebsleistung.;Bis zu einer Antriebsleistung von 11,03 Kilowatt Betriebsart S1 (Dauerbetrieb).;Es darf nie ohne Fahrerlaubnis geführt werden, unabhängig von der Antriebsleistung.;A;Vorschriften & Pflichten;KVR / SeeSchStrO / Verantwortung;Regeln und Verantwortlichkeiten korrekt anwenden;false;SBFSEE-0059 | SBFBIN-0059;shared_basis;"Richtig.

Die Antriebsleistung beträgt höchstens 7,5 Kilowatt Betriebsart S1 (Dauerbetrieb). Für Elektromotoren ist die Dauerleistung S1 maßgeblich. Nur bis einschließlich 7,5 kW greift die genannte Fahrerlaubnisfreiheit.";"Falsch.

Richtig ist: „Die Antriebsleistung beträgt höchstens 7,5 Kilowatt Betriebsart S1 (Dauerbetrieb).“

Für Elektromotoren ist die Dauerleistung S1 maßgeblich. Nur bis einschließlich 7,5 kW greift die genannte Fahrerlaubnisfreiheit.";multiple_choice;Feedback erstellt
SBF-BASIS-0060;60;Basis;Basisfragen;See + Binnen;Welche Vorkehrungen sind für das längere Verlassen des Fahrzeugs zu treffen?;Alle Seeventile schließen und den Hauptschalter des Bordnetzes ausschalten.;Kraftstoff- und Wassertank auffüllen und das Bordnetz aufladen.;Tagestank schließen und Kraftstofffilter entwässern.;Fahrzeug seefest hinterlassen und den Hafenmeister verständigen.;A;Allgemeine Seemannschaft;Grundlagen;Seemännische Grundlagen sicher anwenden;false;SBFSEE-0060 | SBFBIN-0060;shared_basis;"Richtig.

Alle Seeventile schließen und den Hauptschalter des Bordnetzes ausschalten. Geschlossene Seeventile vermindern das Risiko eines Wassereinbruchs; der ausgeschaltete Hauptschalter reduziert Brand- und Entladungsgefahren.";"Falsch.

Richtig ist: „Alle Seeventile schließen und den Hauptschalter des Bordnetzes ausschalten.“

Geschlossene Seeventile vermindern das Risiko eines Wassereinbruchs; der ausgeschaltete Hauptschalter reduziert Brand- und Entladungsgefahren.";multiple_choice;Feedback erstellt
SBF-BASIS-0061;61;Basis;Basisfragen;See + Binnen;Wie ist ein enges Gewässer zu befahren, wenn man sich am Ufer festgemachten Fahrzeugen nähert?;Verringerung der Geschwindigkeit, um schädlichen Sog und Wellenschlag zu vermeiden.;Beibehaltung der Geschwindigkeit, um durch Gleitfahrt schädlichen Sog und Wellenschlag auszuschließen.;Verringerung der Geschwindigkeit und nötigenfalls vom Rechtsfahrgebot abweichen.;Auf Höhe der festgemachten Fahrzeuge aufstoppen und überprüfen, dass kein Dritter behindert oder geschädigt wird.;A;Allgemeine Seemannschaft;Grundlagen;Seemännische Grundlagen sicher anwenden;false;SBFSEE-0061 | SBFBIN-0061;shared_basis;"Richtig.

Verringerung der Geschwindigkeit, um schädlichen Sog und Wellenschlag zu vermeiden. Eine verringerte Geschwindigkeit reduziert Sog und Wellenschlag und schützt festgemachte Fahrzeuge sowie deren Leinen und Besatzungen.";"Falsch.

Richtig ist: „Verringerung der Geschwindigkeit, um schädlichen Sog und Wellenschlag zu vermeiden.“

Eine verringerte Geschwindigkeit reduziert Sog und Wellenschlag und schützt festgemachte Fahrzeuge sowie deren Leinen und Besatzungen.";multiple_choice;Feedback erstellt
SBF-BASIS-0062;62;Basis;Basisfragen;See + Binnen;Wo sollen die Gasbehälter einer Flüssiggasanlage gelagert werden?;Möglichst an Deck, geschützt vor Sonneneinstrahlung, sonst in einem besonders abgeschlossenen Raum für Gasbehälter, der in Bodenhöhe eine Öffnung nach außenbords hat.;Möglichst unten im Schiff, geschützt vor Sonneneinstrahlung, sonst in einem besonders abgeschlossenen Raum für Gasbehälter, der in Bodenhöhe eine Öffnung nach außenbords hat.;Möglichst auf dem Vorschiff, geschützt vor Sonneneinstrahlung, sonst in einem besonders abgeschlossenen Raum für Gasbehälter, der in Bodenhöhe eine Öffnung nach außenbords hat.;Möglichst an Deck, geschützt vor Sonneneinstrahlung, sonst in einem besonders abgeschlossenen Raum für Gasbehälter, der oben belüftet ist.;A;Seemannschaft & Technik;Manöver / Bordtechnik;Boot sicher manövrieren und Technik beurteilen;false;SBFSEE-0062 | SBFBIN-0062;shared_basis;"Richtig.

Möglichst an Deck, geschützt vor Sonneneinstrahlung, sonst in einem besonders abgeschlossenen Raum für Gasbehälter, der in Bodenhöhe eine Öffnung nach außenbords hat. Weil Flüssiggas schwerer als Luft ist, muss ein Gasraum nach außenbords am tiefsten Punkt entwässern beziehungsweise entlüften können.";"Falsch.

Richtig ist: „Möglichst an Deck, geschützt vor Sonneneinstrahlung, sonst in einem besonders abgeschlossenen Raum für Gasbehälter, der in Bodenhöhe eine Öffnung nach außenbords hat.“

Weil Flüssiggas schwerer als Luft ist, muss ein Gasraum nach außenbords am tiefsten Punkt entwässern beziehungsweise entlüften können.";multiple_choice;Feedback erstellt
SBF-BASIS-0063;63;Basis;Basisfragen;See + Binnen;Warum sind die Flüssiggase Propan und Butan an Bord besonders gefährlich?;Beide Gase sind schwerer als Luft und bilden mit Luft ein explosives Gemisch.;Beide Gase sind leichter als Luft und bilden mit Luft ein explosives Gemisch.;Beide Gase sind schwerer als Wasser und bilden mit Wasser ein explosives Gemisch.;Beide Gase sind schwerer als Luft und bilden mit Wasser ein explosives Gemisch.;A;Seemannschaft & Technik;Manöver / Bordtechnik;Boot sicher manövrieren und Technik beurteilen;false;SBFSEE-0063 | SBFBIN-0063;shared_basis;"Richtig.

Beide Gase sind schwerer als Luft und bilden mit Luft ein explosives Gemisch. Propan und Butan sammeln sich in tiefen Bereichen des Boots. Mit Luft entsteht dort ein explosionsfähiges Gemisch.";"Falsch.

Richtig ist: „Beide Gase sind schwerer als Luft und bilden mit Luft ein explosives Gemisch.“

Propan und Butan sammeln sich in tiefen Bereichen des Boots. Mit Luft entsteht dort ein explosionsfähiges Gemisch.";multiple_choice;Feedback erstellt
SBF-BASIS-0064;64;Basis;Basisfragen;See + Binnen;Was ist zu tun, wenn Flüssiggas in das Innere des Bootes gelangt?;Gaszuführung absperren und für Lüftung sorgen. Außerdem keine elektrischen Schalter betätigen und keinen Funk und keine Mobiltelefone benutzen.;Gasleitung entleeren und für Lüftung sorgen. Außerdem keine elektrischen Schalter betätigen und keine Telefone benutzen.;Gaszuführung absperren und für Lüftung sorgen. Außerdem keine elektrischen Schalter betätigen und per Telefon Hilfe holen.;Gasleitung entleeren und die Gasfreiheit mit dem Feuerzeug prüfen sowie über Funk oder Mobiltelefon Hilfe anfordern.;A;Seemannschaft & Technik;Manöver / Bordtechnik;Boot sicher manövrieren und Technik beurteilen;false;SBFSEE-0064 | SBFBIN-0064;shared_basis;"Richtig.

Gaszuführung absperren und für Lüftung sorgen. Außerdem keine elektrischen Schalter betätigen und keinen Funk und keine Mobiltelefone benutzen. Jeder Funke kann das Gas-Luft-Gemisch zünden; deshalb zuerst absperren und lüften und keinerlei elektrische Geräte oder Funkmittel schalten.";"Falsch.

Richtig ist: „Gaszuführung absperren und für Lüftung sorgen. Außerdem keine elektrischen Schalter betätigen und keinen Funk und keine Mobiltelefone benutzen.“

Jeder Funke kann das Gas-Luft-Gemisch zünden; deshalb zuerst absperren und lüften und keinerlei elektrische Geräte oder Funkmittel schalten.";multiple_choice;Feedback erstellt
SBF-BASIS-0065;65;Basis;Basisfragen;See + Binnen;Was ist vor Inbetriebnahme einer Flüssiggasanlage zu prüfen?;Die Anlage muss abgenommen sein, Leitungen und Anschlüsse müssen dicht sein. Haupthahn und andere Absperrventile sind zu öffnen.;Die Anlage muss abgenommen sein, die Inbetriebnahme darf nur durch eine besonders geprüfte Person erfolgen.;Die Anlage muss abgenommen sein und jährlich überprüft werden. Die Inbetriebnahme darf nur durch eine besonders geprüfte Person erfolgen.;Die Abnahme der Anlage darf nicht länger als drei Jahre zurückliegen. Haupthahn und andere Absperrventile sind zu öffnen.;A;Seemannschaft & Technik;Manöver / Bordtechnik;Boot sicher manövrieren und Technik beurteilen;false;SBFSEE-0065 | SBFBIN-0065;shared_basis;"Richtig.

Die Anlage muss abgenommen sein, Leitungen und Anschlüsse müssen dicht sein. Haupthahn und andere Absperrventile sind zu öffnen. Eine abgenommene, dichte Anlage verhindert unkontrollierten Gasaustritt; erst danach dürfen die vorgesehenen Ventile geöffnet werden.";"Falsch.

Richtig ist: „Die Anlage muss abgenommen sein, Leitungen und Anschlüsse müssen dicht sein. Haupthahn und andere Absperrventile sind zu öffnen.“

Eine abgenommene, dichte Anlage verhindert unkontrollierten Gasaustritt; erst danach dürfen die vorgesehenen Ventile geöffnet werden.";multiple_choice;Feedback erstellt
SBF-BASIS-0066;66;Basis;Basisfragen;See + Binnen;Was ist zu beachten, wenn eine Flüssiggasanlage außer Betrieb gesetzt wird?;Haupthahn und Absperrventile sind zu schließen.;Die Anlage ist gasfrei zu machen.;Gasflasche fachgerecht entsorgen.;Der Flüssiggasbehälter ist vollständig zu entleeren.;A;Seemannschaft & Technik;Manöver / Bordtechnik;Boot sicher manövrieren und Technik beurteilen;false;SBFSEE-0066 | SBFBIN-0066;shared_basis;"Richtig.

Haupthahn und Absperrventile sind zu schließen. Das Schließen von Haupthahn und Absperrventilen verhindert, dass bei einer Undichtigkeit weiter Gas austritt.";"Falsch.

Richtig ist: „Haupthahn und Absperrventile sind zu schließen.“

Das Schließen von Haupthahn und Absperrventilen verhindert, dass bei einer Undichtigkeit weiter Gas austritt.";multiple_choice;Feedback erstellt
SBF-BASIS-0067;67;Basis;Basisfragen;See + Binnen;Wie oft muss man aufblasbare Rettungsmittel warten lassen?;Entsprechend der Herstellerangabe, mindestens alle 2 Jahre.;Jährlich und nach jedem Einsatz oder Übungsgebrauch.;Entsprechend der Herstellerangabe, mindestens alle 3 Jahre.;Jährlich, jeweils vor Beginn der Wassersportsaison.;A;Sicherheit & Notfälle;Sicherheit / Notfall;Gefahren erkennen und geeignete Sicherheitsmaßnahme wählen;false;SBFSEE-0067 | SBFBIN-0067;shared_basis;"Richtig.

Entsprechend der Herstellerangabe, mindestens alle 2 Jahre. Aufblasbare Rettungsmittel funktionieren nur zuverlässig, wenn Auslöser, Gaspatrone, Schwimmkörper und Dichtheit fristgerecht geprüft werden.";"Falsch.

Richtig ist: „Entsprechend der Herstellerangabe, mindestens alle 2 Jahre.“

Aufblasbare Rettungsmittel funktionieren nur zuverlässig, wenn Auslöser, Gaspatrone, Schwimmkörper und Dichtheit fristgerecht geprüft werden.";multiple_choice;Feedback erstellt
SBF-BASIS-0068;68;Basis;Basisfragen;See + Binnen;Welcher Feuerlöscher ist für Sportboote zweckmäßig und wie oft muss man einen Feuerlöscher überprüfen lassen?;ABC-Pulver- und Schaumlöscher, mindestens alle 2 Jahre.;Feuerlöscher mit Löschschaum, mindestens einmal pro Jahr.;CO2-Feuerlöscher, mindestens alle 2 Jahre.;ABC-Pulverlöscher, mindestens einmal pro Jahr.;A;Sicherheit & Notfälle;Sicherheit / Notfall;Gefahren erkennen und geeignete Sicherheitsmaßnahme wählen;false;SBFSEE-0068 | SBFBIN-0068;shared_basis;"Richtig.

ABC-Pulver- und Schaumlöscher, mindestens alle 2 Jahre. Geeignete Löscher müssen zu den an Bord möglichen Brandklassen passen; die wiederkehrende Prüfung stellt ihre Einsatzbereitschaft sicher.";"Falsch.

Richtig ist: „ABC-Pulver- und Schaumlöscher, mindestens alle 2 Jahre.“

Geeignete Löscher müssen zu den an Bord möglichen Brandklassen passen; die wiederkehrende Prüfung stellt ihre Einsatzbereitschaft sicher.";multiple_choice;Feedback erstellt
SBF-BASIS-0069;69;Basis;Basisfragen;See + Binnen;Welche Maßnahmen muss man ergreifen, um einen Brand mit dem Feuerlöscher wirksam zu bekämpfen?;Luftzufuhr verhindern, Feuerlöscher erst am Brandherd einsetzen und das Feuer möglichst von unten bekämpfen.;Rauchabzug sicherstellen und Feuerlöscher rechtzeitig einsetzen, dabei den Löschstrahl möglichst in die lodernden Flammen halten.;Luftzufuhr verhindern und den Feuerlöscher mit sparsamen Löschstrahlstößen einsetzen, dabei das Feuer möglichst von oben bekämpfen.;Handhabungshinweise durchlesen und den Feuerlöscher sofort einsetzen, dabei das Feuer möglichst von unten bekämpfen.;A;Sicherheit & Notfälle;Sicherheit / Notfall;Gefahren erkennen und geeignete Sicherheitsmaßnahme wählen;false;SBFSEE-0069 | SBFBIN-0069;shared_basis;"Richtig.

Luftzufuhr verhindern, Feuerlöscher erst am Brandherd einsetzen und das Feuer möglichst von unten bekämpfen. Weniger Sauerstoff hemmt den Brand; der gezielte Einsatz am Brandherd und von unten bekämpft die Verbrennungszone statt nur die Flammen.";"Falsch.

Richtig ist: „Luftzufuhr verhindern, Feuerlöscher erst am Brandherd einsetzen und das Feuer möglichst von unten bekämpfen.“

Weniger Sauerstoff hemmt den Brand; der gezielte Einsatz am Brandherd und von unten bekämpft die Verbrennungszone statt nur die Flammen.";multiple_choice;Feedback erstellt
SBF-BASIS-0070;70;Basis;Basisfragen;See + Binnen;Wie hat man sich nach einem Zusammenstoß zu verhalten?;"Hilfe leisten und so lange am Unfallort bleiben, bis ein weiterer Beistand nicht mehr erforderlich ist; alle erforderlichen Daten austauschen.";"Hilfe leisten und so lange am Unfallort bleiben, bis ein weiterer Beistand nicht mehr erforderlich ist; die Wasserschutzpolizei benachrichtigen.";"Hilfe leisten und so lange am Unfallort bleiben, bis ein weiterer Beistand nicht mehr erforderlich ist; Notsignal geben.";"Hilfe leisten und so lange am Unfallort bleiben, bis ein weiterer Beistand nicht mehr erforderlich ist; Verschlusszustand herstellen.";A;Sicherheit & Notfälle;Sicherheit / Notfall;Gefahren erkennen und geeignete Sicherheitsmaßnahme wählen;false;SBFSEE-0070 | SBFBIN-0070;shared_basis;"Richtig.

Hilfe leisten und so lange am Unfallort bleiben, bis ein weiterer Beistand nicht mehr erforderlich ist; alle erforderlichen Daten austauschen. Nach einem Zusammenstoß haben Menschenrettung und Gefahrenabwehr Vorrang; anschließend müssen die Beteiligten die für die Unfallklärung erforderlichen Daten austauschen.";"Falsch.

Richtig ist: „Hilfe leisten und so lange am Unfallort bleiben, bis ein weiterer Beistand nicht mehr erforderlich ist; alle erforderlichen Daten austauschen.“

Nach einem Zusammenstoß haben Menschenrettung und Gefahrenabwehr Vorrang; anschließend müssen die Beteiligten die für die Unfallklärung erforderlichen Daten austauschen.";multiple_choice;Feedback erstellt
SBF-BASIS-0071;71;Basis;Basisfragen;See + Binnen;Welche Faktoren sind hauptsächlich für das Wettergeschehen, also für Wind und Niederschläge, ausschlaggebend?;Luftdruckänderung, Luftfeuchtigkeit und Temperatur.;Luftdruckänderung, Sonneneinstrahlung und Höhenlage.;Luftdruckänderung, Luftfeuchtigkeit und Jahreszeit.;Luftdruckänderung, Tageszeit und Temperatur.;A;Wetterkunde;Wetter & Wind;Wetterfaktoren und Auswirkungen beurteilen;false;SBFSEE-0071 | SBFBIN-0071;shared_basis;"Richtig.

Luftdruckänderung, Luftfeuchtigkeit und Temperatur. Luftdruck, Feuchtigkeit und Temperatur bestimmen Luftbewegungen, Wolkenbildung und Niederschlag und damit die wesentlichen Wetterabläufe.";"Falsch.

Richtig ist: „Luftdruckänderung, Luftfeuchtigkeit und Temperatur.“

Luftdruck, Feuchtigkeit und Temperatur bestimmen Luftbewegungen, Wolkenbildung und Niederschlag und damit die wesentlichen Wetterabläufe.";multiple_choice;Feedback erstellt
SBF-BASIS-0072;72;Basis;Basisfragen;See + Binnen;In welcher Situation dürfen Notsignale gegeben werden?;Wenn Gefahr für Leib oder Leben von Personen besteht und daher Hilfe benötigt wird.;Wenn Gefahr für Leib oder Leben von Personen besteht oder das Schiff nicht mehr sicher manövriert werden kann.;Wenn Gefahr für Leib oder Leben von Personen oder erhebliche Sachwerte besteht und daher Hilfe benötigt wird.;Wenn Gefahr für Leib oder Leben von Personen, erhebliche Sachwerte oder die maritime Umwelt besteht.;A;Allgemeine Seemannschaft;Grundlagen;Seemännische Grundlagen sicher anwenden;false;SBFSEE-0072 | SBFBIN-0072;shared_basis;"Richtig.

Wenn Gefahr für Leib oder Leben von Personen besteht und daher Hilfe benötigt wird. Notsignale sind ernsten Notlagen mit Gefahr für Menschen vorbehalten, damit Hilfe gezielt ausgelöst und Fehlalarm vermieden wird.";"Falsch.

Richtig ist: „Wenn Gefahr für Leib oder Leben von Personen besteht und daher Hilfe benötigt wird.“

Notsignale sind ernsten Notlagen mit Gefahr für Menschen vorbehalten, damit Hilfe gezielt ausgelöst und Fehlalarm vermieden wird.";multiple_choice;Feedback erstellt
SBF-SEE-0073;73;SBF See;Vorschriften und Pflichten;See;Wo gelten die Kollisionsverhütungsregeln (KVR)?;Auf der Hohen See und auf den mit dieser zusammenhängenden, von Seeschiffen befahrbaren Gewässern.;Auf der Hohen See und den deutschen Seeschifffahrtsstraßen, die von Seeschiffen befahren werden.;Auf den Seeschifffahrtsstraßen und den küstennahen deutschen Seegewässern, die von Seeschiffen befahren werden.;Auf der Hohen See und den von Seeschiffen befahrbaren Randmeeren, mit Ausnahme der Verkehrstrennungsgebiete.;A;Vorschriften & Pflichten;KVR / SeeSchStrO / Verantwortung;Regeln und Verantwortlichkeiten korrekt anwenden;false;SBFSEE-0073;see_specific;"Richtig.

Auf der Hohen See und auf den mit dieser zusammenhängenden, von Seeschiffen befahrbaren Gewässern. Die KVR bilden die internationalen Grundregeln zur Kollisionsverhütung auf Hoher See und den mit ihr verbundenen, seeschiffbaren Gewässern.";"Falsch.

Richtig ist: „Auf der Hohen See und auf den mit dieser zusammenhängenden, von Seeschiffen befahrbaren Gewässern.“

Die KVR bilden die internationalen Grundregeln zur Kollisionsverhütung auf Hoher See und den mit ihr verbundenen, seeschiffbaren Gewässern.";multiple_choice;Feedback erstellt
SBF-SEE-0074;74;SBF See;Vorschriften und Pflichten;See;Was gilt, wenn eine Bestimmung der Seeschifffahrtsstraßen-Ordnung (SeeSchStrO) mit den Kollisionsverhütungsregeln (KVR) im Widerspruch steht?;Die Vorschrift der Seeschifffahrtsstraßen-Ordnung.;Die Vorschrift der Kollisionsverhütungsregeln (KVR).;Die Grundregeln für das Verhalten im Verkehr.;Die Vorschrift der Schifffahrtsordnung Emsmündung.;A;Vorschriften & Pflichten;KVR / SeeSchStrO / Verantwortung;Regeln und Verantwortlichkeiten korrekt anwenden;false;SBFSEE-0074;see_specific;"Richtig.

Die Vorschrift der Seeschifffahrtsstraßen-Ordnung. Auf deutschen Seeschifffahrtsstraßen ist die speziellere örtliche Regel der SeeSchStrO gegenüber einer widersprechenden allgemeinen KVR-Regel maßgeblich.";"Falsch.

Richtig ist: „Die Vorschrift der Seeschifffahrtsstraßen-Ordnung.“

Auf deutschen Seeschifffahrtsstraßen ist die speziellere örtliche Regel der SeeSchStrO gegenüber einer widersprechenden allgemeinen KVR-Regel maßgeblich.";multiple_choice;Feedback erstellt
SBF-SEE-0075;75;SBF See;Vorschriften und Pflichten;See;Welche Sportboote sind von der Fahrerlaubnispflicht auf den Seeschifffahrtsstraßen ausgenommen?;Sportboote ohne Antriebsmaschine oder solche mit einer größten, nicht überschreitbaren Nutzleistung von 11,03 Kilowatt (15 PS) bei Verwendung eines Verbrennungsmotors bzw. 7,5 Kilowatt bei Verwendung eines Elektromotors Betriebsart S1 (Dauerbetrieb) oder weniger.;Sportboote unter Segel mit einer Rumpflänge unter 20 m und solche deren Antriebsmaschine nicht benutzt wird.;Sportboote mit Antriebsmaschine mit einer größeren Nutzleistung als 11,03 Kilowatt (15 PS) bei Verwendung eines Verbrennungsmotors bzw. 7,5 Kilowatt bei Verwendung eines Elektromotors Betriebsart S1 (Dauerbetrieb). Sportschifffahrt Sportbootführerscheine Fragenkatalog See Spezifische Fragen See;Sportboote, die entweder vor Anker liegen oder an Land festgemacht sind oder auf Grund sitzen.;A;Vorschriften & Pflichten;KVR / SeeSchStrO / Verantwortung;Regeln und Verantwortlichkeiten korrekt anwenden;false;SBFSEE-0075;see_specific;"Richtig.

Sportboote ohne Antriebsmaschine oder solche mit einer größten, nicht überschreitbaren Nutzleistung von 11,03 Kilowatt (15 PS) bei Verwendung eines Verbrennungsmotors bzw. 7,5 Kilowatt bei Verwendung eines Elektromotors Betriebsart S1 (Dauerbetrieb) oder weniger. Die Fahrerlaubnispflicht knüpft auf Seeschifffahrtsstraßen an die Motorart und deren maßgebliche Leistungsgrenze an; Boote ohne Antriebsmaschine bleiben ausgenommen.";"Falsch.

Richtig ist: „Sportboote ohne Antriebsmaschine oder solche mit einer größten, nicht überschreitbaren Nutzleistung von 11,03 Kilowatt (15 PS) bei Verwendung eines Verbrennungsmotors bzw. 7,5 Kilowatt bei Verwendung eines Elektromotors Betriebsart S1 (Dauerbetrieb) oder weniger.“

Die Fahrerlaubnispflicht knüpft auf Seeschifffahrtsstraßen an die Motorart und deren maßgebliche Leistungsgrenze an; Boote ohne Antriebsmaschine bleiben ausgenommen.";multiple_choice;Feedback erstellt
SBF-SEE-0076;76;SBF See;Vorschriften und Pflichten;See;Wer ist für die Befolgung der Verkehrsvorschriften verantwortlich?;Der Fahrzeugführer oder sein Stellvertreter.;Der Fahrzeugführer und sein Stellvertreter.;Der Fahrzeugführer und jeder sonst Verantwortliche.;Der Fahrzeugführer oder jeder sonst Verantwortliche.;A;Vorschriften & Pflichten;KVR / SeeSchStrO / Verantwortung;Regeln und Verantwortlichkeiten korrekt anwenden;false;SBFSEE-0076;see_specific;"Richtig.

Der Fahrzeugführer oder sein Stellvertreter. Der Fahrzeugführer trägt die Verantwortung für die Einhaltung der Vorschriften; bei wirksamer Vertretung geht diese Aufgabe auf den Stellvertreter über.";"Falsch.

Richtig ist: „Der Fahrzeugführer oder sein Stellvertreter.“

Der Fahrzeugführer trägt die Verantwortung für die Einhaltung der Vorschriften; bei wirksamer Vertretung geht diese Aufgabe auf den Stellvertreter über.";multiple_choice;Feedback erstellt
SBF-SEE-0077;77;SBF See;Vorschriften und Pflichten;See;"Was bedeutet ""seemännische Sorgfaltspflicht""?";Die Verpflichtung zur Beachtung von Vorsichtsmaßregeln über die Verkehrsvorschriften hinaus, die Seemannsbrauch oder besondere Umstände des Falles erfordern.;Die Verpflichtung zur Beachtung der Seeschifffahrtsstraßen-Ordnung (SeeSchStrO), der Kollisionsverhütungsregeln (KVR), der Grundregeln für das Verhalten im Verkehr und der Ausweichregeln mit dem Manöver des letzten Augenblicks.;Die Verpflichtung zur Beachtung der Vorsichtsmaßregeln und Sicherheitsregeln der Verkehrsvorschriften und der Grundregeln für das Verhalten im Verkehr.;Die Verpflichtung zur Beachtung von Vorsichtsmaßregeln der Kollisionsverhütungsregeln (KVR), der Grundregeln für das Verhalten im Verkehr und der Ausweichregeln mit dem Manöver des letzten Augenblicks.;A;Vorschriften & Pflichten;KVR / SeeSchStrO / Verantwortung;Regeln und Verantwortlichkeiten korrekt anwenden;false;SBFSEE-0077;see_specific;"Richtig.

Die Verpflichtung zur Beachtung von Vorsichtsmaßregeln über die Verkehrsvorschriften hinaus, die Seemannsbrauch oder besondere Umstände des Falles erfordern. Seemännische Sorgfalt endet nicht beim Wortlaut einzelner Vorschriften. Besondere Gefahren können zusätzliche, vernünftige Vorsichtsmaßnahmen verlangen.";"Falsch.

Richtig ist: „Die Verpflichtung zur Beachtung von Vorsichtsmaßregeln über die Verkehrsvorschriften hinaus, die Seemannsbrauch oder besondere Umstände des Falles erfordern.“

Seemännische Sorgfalt endet nicht beim Wortlaut einzelner Vorschriften. Besondere Gefahren können zusätzliche, vernünftige Vorsichtsmaßnahmen verlangen.";multiple_choice;Feedback erstellt
SBF-SEE-0078;78;SBF See;Vorschriften und Pflichten;See;Welche Sicherheitsmaßnahmen hat der Fahrzeugführer im Rahmen seiner seemännischen Sorgfaltspflicht vor Fahrtantritt zum Schutze und für die Sicherheit der Personen an Bord zu treffen?;Der Fahrzeugführer hat die Besatzungsmitglieder und Gäste über die Sicherheitsvorkehrungen an Bord zu unterrichten, in die Handhabung der Rettungs- und Feuerlöschmittel einzuweisen und auf geeignete Maßnahmen gegen das Überbordfallen hinzuweisen, zudem darauf, dass ständig angelegte Rettungswesten die Überlebenschancen im Wasser erhöhen.;Der Fahrzeugführer muss die Besatzungsmitglieder und Gäste anweisen, dass sie sich über die Sicherheitsvorkehrungen an Bord informieren, sich die Gebrauchsanweisungen der Rettungs- und Feuerlöschmittel ansehen und auf geeignete Maßnahmen gegen das Überbordfallen achten, zudem darauf, dass ständig angelegte Rettungswesten die Überlebenschancen im Wasser erhöhen.;Der Fahrzeugführer hat die verantwortlichen Besatzungsmitglieder über die Sicherheitsvorkehrungen an Bord zu unterrichten, in die Handhabung der Rettungs- und Feuerlöschmittel einzuweisen und auf geeignete Maßnahmen gegen das Überbordfallen hinzuweisen, zudem darauf, dass ständig angelegte Rettungswesten die Überlebenschancen im Wasser erhöhen.;Der Fahrzeugführer hat die Gäste an Bord über die Sicherheitsvorkehrungen an Bord zu unterrichten, in die Handhabung der Rettungs- und Feuerlöschmittel einzuweisen und auf geeignete Maßnahmen gegen das Überbordfallen hinzuweisen, zudem darauf, dass ständig angelegte Rettungswesten die Überlebenschancen im Wasser erhöhen.;A;Vorschriften & Pflichten;KVR / SeeSchStrO / Verantwortung;Regeln und Verantwortlichkeiten korrekt anwenden;false;SBFSEE-0078;see_specific;"Richtig.

Der Fahrzeugführer hat die Besatzungsmitglieder und Gäste über die Sicherheitsvorkehrungen an Bord zu unterrichten, in die Handhabung der Rettungs- und Feuerlöschmittel einzuweisen und auf geeignete Maßnahmen gegen das Überbordfallen hinzuweisen, zudem darauf, dass ständig angelegte Rettungswesten die Überlebenschancen im Wasser erhöhen. Eine Einweisung vor Fahrtbeginn stellt sicher, dass alle Personen Rettungs- und Feuerlöschmittel finden, bedienen und Risiken an Deck vermeiden können.";"Falsch.

Richtig ist: „Der Fahrzeugführer hat die Besatzungsmitglieder und Gäste über die Sicherheitsvorkehrungen an Bord zu unterrichten, in die Handhabung der Rettungs- und Feuerlöschmittel einzuweisen und auf geeignete Maßnahmen gegen das Überbordfallen hinzuweisen, zudem darauf, dass ständig angelegte Rettungswesten die Überlebenschancen im Wasser erhöhen.“

Eine Einweisung vor Fahrtbeginn stellt sicher, dass alle Personen Rettungs- und Feuerlöschmittel finden, bedienen und Risiken an Deck vermeiden können.";multiple_choice;Feedback erstellt
SBF-SEE-0079;79;SBF See;Vorschriften und Pflichten;See;"Was bedeutet das ""Manöver des letzten Augenblicks""?";Ausweichmanöver des Kurshalters.;Ausweichmanöver des Ausweichpflichtigen.;Ausweichmanöver des Kurshalters und des Ausweichpflichtigen.;Ausweichmanöver des Kurshalters oder des Ausweichpflichtigen.;A;Ausweichregeln;KVR / Kollisionsvermeidung;Kollisionslage beurteilen und richtige Maßnahme wählen;false;SBFSEE-0079;see_specific;"Richtig.

Ausweichmanöver des Kurshalters. Der Kurshalter greift erst selbst ausweichend ein, wenn das Manöver des Ausweichpflichtigen einen Zusammenstoß nicht mehr sicher verhindert.";"Falsch.

Richtig ist: „Ausweichmanöver des Kurshalters.“

Der Kurshalter greift erst selbst ausweichend ein, wenn das Manöver des Ausweichpflichtigen einen Zusammenstoß nicht mehr sicher verhindert.";multiple_choice;Feedback erstellt
SBF-SEE-0080;80;SBF See;Vorschriften und Pflichten;See;"Wann ist das ""Manöver des letzten Augenblicks"" durchzuführen?";Es muss durchgeführt werden, wenn ein Zusammenstoß durch Manöver des Ausweichpflichtigen allein nicht mehr vermieden werden kann.;Es muss durchgeführt werden, wenn ein Zusammenstoß durch Manöver des Kurshalters allein nicht mehr vermieden werden kann.;Es muss im letzten Augenblick von jedem durchgeführt werden, wenn ein Zusammenstoß sonst nicht mehr vermieden werden kann.;Es muss kurz vor der Kollision durchgeführt werden, wenn sonst ein Zusammenstoß durch Manöver des Kurshalters allein nicht mehr vermieden werden kann.;A;Ausweichregeln;KVR / Kollisionsvermeidung;Kollisionslage beurteilen und richtige Maßnahme wählen;false;SBFSEE-0080;see_specific;"Richtig.

Es muss durchgeführt werden, wenn ein Zusammenstoß durch Manöver des Ausweichpflichtigen allein nicht mehr vermieden werden kann. Das Manöver wird fällig, sobald das Handeln des Ausweichpflichtigen allein nicht mehr ausreicht; dann muss der Kurshalter aktiv die Kollision vermeiden.";"Falsch.

Richtig ist: „Es muss durchgeführt werden, wenn ein Zusammenstoß durch Manöver des Ausweichpflichtigen allein nicht mehr vermieden werden kann.“

Das Manöver wird fällig, sobald das Handeln des Ausweichpflichtigen allein nicht mehr ausreicht; dann muss der Kurshalter aktiv die Kollision vermeiden.";multiple_choice;Feedback erstellt
SBF-SEE-0081;81;SBF See;Vorschriften und Pflichten;See;Wann gilt ein Fahrzeug als überholendes Fahrzeug?;Wenn es sich einem anderen Fahrzeug aus einer Richtung von mehr als 22,5° achterlicher als querab (Bereich des Hecklichtes) nähert.;Wenn es sich einem anderen Fahrzeug aus einer Richtung von mehr als 112,5° achterlicher als querab (Bereich der Seitenlichter) nähert.;Wenn es sich einem anderen Fahrzeug gegenüber in einer Richtung von mehr als 22,5° achterlicher als querab (Bereich des Hecklichtes) befindet.;Wenn es an einem anderen Fahrzeug aus einer achterlichen Richtung von mehr als 22,5° querab kommend (Bereich des Topplichtes) vorbeifährt.;A;Ausweichregeln;KVR / Kollisionsvermeidung;Kollisionslage beurteilen und richtige Maßnahme wählen;false;SBFSEE-0081;see_specific;"Richtig.

Wenn es sich einem anderen Fahrzeug aus einer Richtung von mehr als 22,5° achterlicher als querab (Bereich des Hecklichtes) nähert. Der Bereich mehr als 22,5 Grad achterlicher als querab entspricht dem Sektor des Hecklichts und grenzt die Überholsituation eindeutig ab.";"Falsch.

Richtig ist: „Wenn es sich einem anderen Fahrzeug aus einer Richtung von mehr als 22,5° achterlicher als querab (Bereich des Hecklichtes) nähert.“

Der Bereich mehr als 22,5 Grad achterlicher als querab entspricht dem Sektor des Hecklichts und grenzt die Überholsituation eindeutig ab.";multiple_choice;Feedback erstellt
SBF-SEE-0082;82;SBF See;Vorschriften und Pflichten;See;Wann ist ein Fahrzeug manövrierunfähig?;Wenn es wegen außergewöhnlicher Umstände, z. B. Ausfall der Ruder- oder Maschinenanlage, nicht so wie vorgeschrieben manövrieren und daher einem anderen Fahrzeug nicht ausweichen kann.;Wenn es wegen der Art seines Einsatzes behindert ist und deshalb nicht so wie vorgeschrieben manövrieren und daher einem anderen Fahrzeug nicht ausweichen kann.;Wenn es wegen seines Tiefgangs im Verhältnis zu der vorhandenen Tiefe und Breite des befahrbaren Gewässers erheblich behindert ist, von seinem zu verfolgenden Kurs abzuweichen.;Wenn es mit Netzen, Leinen, Schleppnetzen oder anderen Fanggeräten fischt, welche die Manövrierfähigkeit einschränken.;A;Allgemeine Seemannschaft;Grundlagen;Seemännische Grundlagen sicher anwenden;false;SBFSEE-0082;see_specific;"Richtig.

Wenn es wegen außergewöhnlicher Umstände, z. B. Ausfall der Ruder- oder Maschinenanlage, nicht so wie vorgeschrieben manövrieren und daher einem anderen Fahrzeug nicht ausweichen kann. Manövrierunfähigkeit beruht auf außergewöhnlichen Umständen wie einem technischen Ausfall; das Fahrzeug kann deshalb den normalen Ausweichregeln nicht folgen.";"Falsch.

Richtig ist: „Wenn es wegen außergewöhnlicher Umstände, z. B. Ausfall der Ruder- oder Maschinenanlage, nicht so wie vorgeschrieben manövrieren und daher einem anderen Fahrzeug nicht ausweichen kann.“

Manövrierunfähigkeit beruht auf außergewöhnlichen Umständen wie einem technischen Ausfall; das Fahrzeug kann deshalb den normalen Ausweichregeln nicht folgen.";multiple_choice;Feedback erstellt
SBF-SEE-0083;83;SBF See;Vorschriften und Pflichten;See;Wann ist ein Fahrzeug manövrierbehindert?;Wenn es wegen der Art seines Einsatzes behindert ist und deshalb nicht so wie vorgeschrieben manövrieren und daher einem anderen Fahrzeug nicht ausweichen kann.;Wenn es wegen außergewöhnlicher Umstände, z. B. Ausfall der Ruder- oder Maschinenanlage, nicht so wie vorgeschrieben manövrieren und daher einem anderen Fahrzeug nicht ausweichen kann.;Wenn es wegen seines Tiefgangs im Verhältnis zu der vorhandenen Tiefe und Breite des befahrbaren Gewässers erheblich behindert ist, von seinem zu verfolgenden Kurs abzuweichen.;Wenn es mit Netzen, Leinen, Schleppnetzen oder anderen Fanggeräten fischt, welche die Manövrierfähigkeit einschränken.;A;Allgemeine Seemannschaft;Grundlagen;Seemännische Grundlagen sicher anwenden;false;SBFSEE-0083;see_specific;"Richtig.

Wenn es wegen der Art seines Einsatzes behindert ist und deshalb nicht so wie vorgeschrieben manövrieren und daher einem anderen Fahrzeug nicht ausweichen kann. Bei Manövrierbehinderung begrenzt die ausgeübte Arbeit oder Aufgabe die Manövrierfähigkeit, nicht ein unvorhergesehener Defekt.";"Falsch.

Richtig ist: „Wenn es wegen der Art seines Einsatzes behindert ist und deshalb nicht so wie vorgeschrieben manövrieren und daher einem anderen Fahrzeug nicht ausweichen kann.“

Bei Manövrierbehinderung begrenzt die ausgeübte Arbeit oder Aufgabe die Manövrierfähigkeit, nicht ein unvorhergesehener Defekt.";multiple_choice;Feedback erstellt
SBF-SEE-0084;84;SBF See;Vorschriften und Pflichten;See;Welche besonderen Maßnahmen sind bei verminderter Sicht zu treffen?;Es muss mit sicherer, den verminderten Sichtverhältnissen angepasster Geschwindigkeit gefahren werden, es müssen Schallsignale gegeben werden, es müssen Positionslichter eingeschaltet werden und es muss gehörig Ausguck gegangen werden.;Es muss mit sicherer, den verminderten Sichtverhältnissen angepasster Geschwindigkeit gefahren werden, es müssen Schallsignale gegeben werden, das Radargerät muss eingeschaltet werden und es muss Ausguck gegangen werden.;Es muss mit sicherer, den verminderten Sichtverhältnissen angepasster Geschwindigkeit gefahren werden, es müssen Schallsinale gegeben werden, es müssen Positionslichter eingeschaltet werden und es muss der Radarreflektor eingesetzt werden.;Es muss mit verminderter Geschwindigkeit gefahren werden, es müssen Schallsignale gegeben werden, es müssen Positionslichter eingeschaltet werden und es muss das AIS (Automatic Identifikation System) eingeschaltet werden.;A;Allgemeine Seemannschaft;Grundlagen;Seemännische Grundlagen sicher anwenden;false;SBFSEE-0084;see_specific;"Richtig.

Es muss mit sicherer, den verminderten Sichtverhältnissen angepasster Geschwindigkeit gefahren werden, es müssen Schallsignale gegeben werden, es müssen Positionslichter eingeschaltet werden und es muss gehörig Ausguck gegangen werden. Bei verminderter Sicht sinken Erkennungs- und Reaktionszeit; sichere Geschwindigkeit, Ausguck, Lichter und Schallsignale gleichen dieses Risiko aus.";"Falsch.

Richtig ist: „Es muss mit sicherer, den verminderten Sichtverhältnissen angepasster Geschwindigkeit gefahren werden, es müssen Schallsignale gegeben werden, es müssen Positionslichter eingeschaltet werden und es muss gehörig Ausguck gegangen werden.“

Bei verminderter Sicht sinken Erkennungs- und Reaktionszeit; sichere Geschwindigkeit, Ausguck, Lichter und Schallsignale gleichen dieses Risiko aus.";multiple_choice;Feedback erstellt
SBF-SEE-0085;85;SBF See;Vorschriften und Pflichten;See;Welche Vorschriften regeln die Ausrüstung, Anordnung und Anbringung der Positionslaternen, Sichtzeichen und Schallsignalanlagen auf Fahrzeugen?;Die Kollisionsverhütungsregeln (KVR), die Seeschifffahrtsstraßen-Ordnung (SeeSchStrO) und die Schifffahrtsordnung Emsmündung (EmsSchO).;Die Kollisionsverhütungsregeln (KVR), die Seeschifffahrtsstraßen-Ordnung (SeeSchStrO) und die Sportbootführerscheinverordnung.;Die Kollisionsverhütungsregeln (KVR), die Seeschifffahrtsstraßen-Ordnung (SeeSchStrO) und die Schiffssicherheitsverordnung.;Die Kollisionsverhütungsregeln (KVR), die Seeschifffahrtsstraßen-Ordnung (SeeSchStrO) und die Verordnung zur Sicherung der Seefahrt.;A;Lichter, Zeichen & Schallsignale;Fahrzeug- und Verkehrssignale;Signale erkennen und Bedeutung zuordnen;false;SBFSEE-0085;see_specific;"Richtig.

Die Kollisionsverhütungsregeln (KVR), die Seeschifffahrtsstraßen-Ordnung (SeeSchStrO) und die Schifffahrtsordnung Emsmündung (EmsSchO). Die Regelwerke legen gemeinsam fest, welche Laternen und Signalanlagen benötigt werden und wie sie angebracht und verwendet werden.";"Falsch.

Richtig ist: „Die Kollisionsverhütungsregeln (KVR), die Seeschifffahrtsstraßen-Ordnung (SeeSchStrO) und die Schifffahrtsordnung Emsmündung (EmsSchO).“

Die Regelwerke legen gemeinsam fest, welche Laternen und Signalanlagen benötigt werden und wie sie angebracht und verwendet werden.";multiple_choice;Feedback erstellt
SBF-SEE-0086;86;SBF See;Vorschriften und Pflichten;See;Welche Positionslaternen und Schallsignalanlagen dürfen auf Sportbooten unter deutscher Flagge verwendet werden?;Solche, deren Baumuster vom Bundesamt für Seeschifffahrt und Hydrographie (BSH) zur Verwendung zugelassen sind oder eine als gleichwertig anerkannte Zulassung eines EU-Staates besitzen.;Solche, die die vorgeschriebene Mindesttragweite von drei Seemeilen, die Größe und Farbgebung bzw. Lautstärke erreichen und mit einer Bescheinigung einer Klassifikationsgesellschaft versehen sind.;Solche, die gemäß der Kollisionsverhütungsregeln (KVR), der Seeschifffahrtsstraßen-Ordnung (SeeSchStrO) und der Schifffahrtsordnung Emsmündung (EmsSchO) vorgeschrieben sind und ein CE-Zeichen haben.;Solche, die vom Technischen Überwachungsverein (TÜV) geprüft und mit dem Zeichen für geprüfte Sicherheit (GS) versehen sind.;A;Lichter, Zeichen & Schallsignale;Fahrzeug- und Verkehrssignale;Signale erkennen und Bedeutung zuordnen;false;SBFSEE-0086;see_specific;"Richtig.

Solche, deren Baumuster vom Bundesamt für Seeschifffahrt und Hydrographie (BSH) zur Verwendung zugelassen sind oder eine als gleichwertig anerkannte Zulassung eines EU-Staates besitzen. Zugelassene Baumuster sichern festgelegte Tragweiten, Farben und Abstrahlwinkel; nur so können andere Fahrzeuge die Signale zuverlässig erkennen.";"Falsch.

Richtig ist: „Solche, deren Baumuster vom Bundesamt für Seeschifffahrt und Hydrographie (BSH) zur Verwendung zugelassen sind oder eine als gleichwertig anerkannte Zulassung eines EU-Staates besitzen.“

Zugelassene Baumuster sichern festgelegte Tragweiten, Farben und Abstrahlwinkel; nur so können andere Fahrzeuge die Signale zuverlässig erkennen.";multiple_choice;Feedback erstellt
SBF-SEE-0087;87;SBF See;Vorschriften und Pflichten;See;"Was sind ""Verkehrstrennungsgebiete""?";Es sind bekannt gemachte Schifffahrtswege, die durch Trennlinien oder Trennzonen in Einbahnwege geteilt sind.;Es sind bekannt gemachte Fahrwasser, die durch Trennlinien oder Trennzonen in Einbahnwege geteilt sind.;Es sind bekannt gemachte Seeschifffahrtsstraßen, die durch Trennlinien oder Trennzonen in Einbahnwege geteilt sind.;Es sind bekannt gemachte Bundeswasserstraßen, die durch Trennlinien oder Trennzonen in Einbahnwege geteilt sind.;A;Ausweichregeln;KVR / Kollisionsvermeidung;Kollisionslage beurteilen und richtige Maßnahme wählen;false;SBFSEE-0087;see_specific;"Richtig.

Es sind bekannt gemachte Schifffahrtswege, die durch Trennlinien oder Trennzonen in Einbahnwege geteilt sind. Getrennte Einbahnwege ordnen gegenläufige Verkehrsströme und vermindern dadurch Begegnungs- und Kollisionsrisiken.";"Falsch.

Richtig ist: „Es sind bekannt gemachte Schifffahrtswege, die durch Trennlinien oder Trennzonen in Einbahnwege geteilt sind.“

Getrennte Einbahnwege ordnen gegenläufige Verkehrsströme und vermindern dadurch Begegnungs- und Kollisionsrisiken.";multiple_choice;Feedback erstellt
SBF-SEE-0088;88;SBF See;Vorschriften und Pflichten;See;Wie sind Verkehrstrennungsgebiete zu befahren?;Sie dürfen jeweils nur in der allgemeinen Verkehrsrichtung rechts der Trennlinie oder Trennzone befahren werden.;Sie dürfen jeweils nur in Fahrtrichtung links der Trennlinie oder Trennzone befahren werden.;Sie dürfen innerhalb der äußeren Trennlinien nur in einer Fahrtrichtung befahren werden.;Sie dürfen nur vom Anfang bis zum Ende und jeweils nur in Fahrtrichtung rechts der Trennzone befahren werden.;A;Ausweichregeln;KVR / Kollisionsvermeidung;Kollisionslage beurteilen und richtige Maßnahme wählen;false;SBFSEE-0088;see_specific;"Richtig.

Sie dürfen jeweils nur in der allgemeinen Verkehrsrichtung rechts der Trennlinie oder Trennzone befahren werden. Die Fahrt rechts der Trennzone und in allgemeiner Verkehrsrichtung hält die Verkehrsströme geordnet und vorhersehbar.";"Falsch.

Richtig ist: „Sie dürfen jeweils nur in der allgemeinen Verkehrsrichtung rechts der Trennlinie oder Trennzone befahren werden.“

Die Fahrt rechts der Trennzone und in allgemeiner Verkehrsrichtung hält die Verkehrsströme geordnet und vorhersehbar.";multiple_choice;Feedback erstellt
SBF-SEE-0089;89;SBF See;Vorschriften und Pflichten;See;"Was bedeutet ""in Sicht befindlich""?";Wenn jedes Fahrzeug vom anderen optisch wahrgenommen werden kann.;Wenn jeder Fahrzeugführer vom anderen optisch wahrgenommen werden kann.;Wenn beide Fahrzeuge optisch wahrgenommen werden können.;Wenn jedes Fahrzeug auch bei unsichtigem Wetter optisch wahrgenommen werden kann.;A;Allgemeine Seemannschaft;Grundlagen;Seemännische Grundlagen sicher anwenden;false;SBFSEE-0089;see_specific;"Richtig.

Wenn jedes Fahrzeug vom anderen optisch wahrgenommen werden kann. Die besonderen Regeln für Fahrzeuge in Sicht gelten nur, wenn die Fahrzeuge einander tatsächlich optisch wahrnehmen können.";"Falsch.

Richtig ist: „Wenn jedes Fahrzeug vom anderen optisch wahrgenommen werden kann.“

Die besonderen Regeln für Fahrzeuge in Sicht gelten nur, wenn die Fahrzeuge einander tatsächlich optisch wahrnehmen können.";multiple_choice;Feedback erstellt
SBF-SEE-0090;90;SBF See;Vorschriften und Pflichten;See;Was bedeutet sichere Geschwindigkeit?;Die Geschwindigkeit muss der Verkehrslage, den Sicht- und Witterungsverhältnissen angepasst sein und es muss jederzeit aufgestoppt werden können.;Die Geschwindigkeit muss der Verkehrslage, den Sicht- und Witterungsverhältnissen angepasst sein und der Verkehr darf nicht behindert werden.;Die Geschwindigkeit muss der Verkehrslage, den Sicht- und Witterungsverhältnissen und dem Treibstoffverbrauch angepasst sein.;Die Geschwindigkeit muss der Verkehrslage, dem Verkehrsaufkommen, den Seegangs- und Windverhältnissen angepasst sein, so dass kein Sog und Wellenschlag entsteht.;A;Allgemeine Seemannschaft;Grundlagen;Seemännische Grundlagen sicher anwenden;false;SBFSEE-0090;see_specific;"Richtig.

Die Geschwindigkeit muss der Verkehrslage, den Sicht- und Witterungsverhältnissen angepasst sein und es muss jederzeit aufgestoppt werden können. Sichere Geschwindigkeit ist situationsabhängig. Sie muss rechtzeitiges Manövrieren und Aufstoppen unter den aktuellen Sicht-, Wetter- und Verkehrsbedingungen ermöglichen.";"Falsch.

Richtig ist: „Die Geschwindigkeit muss der Verkehrslage, den Sicht- und Witterungsverhältnissen angepasst sein und es muss jederzeit aufgestoppt werden können.“

Sichere Geschwindigkeit ist situationsabhängig. Sie muss rechtzeitiges Manövrieren und Aufstoppen unter den aktuellen Sicht-, Wetter- und Verkehrsbedingungen ermöglichen.";multiple_choice;Feedback erstellt
SBF-SEE-0091;91;SBF See;Ausweichen;See;Welches Fahrzeug führt diese Lichter?;Maschinenfahrzeug in Fahrt von weniger als 50 m Länge.;Maschinenfahrzeug in Fahrt von 50 und mehr Meter Länge.;Ein manövrierunfähiges Fahrzeug in Fahrt.;Ein manövrierbehindertes Fahrzeug mit Fahrt durchs Wasser von 50 und mehr Meter Länge.;A;Lichter, Zeichen & Schallsignale;Fahrzeug- und Verkehrssignale;Signale erkennen und Bedeutung zuordnen;true;SBFSEE-0091;see_specific;"Richtig.

Maschinenfahrzeug in Fahrt von weniger als 50 m Länge. Farbe, Anzahl und Anordnung der gezeigten Lichter kennzeichnen: Maschinenfahrzeug in Fahrt von weniger als 50 m Länge. Die vollständige Lichtkombination ist entscheidend, weil einzelne Lichter allein mehrdeutig sein können.";"Falsch.

Richtig ist: „Maschinenfahrzeug in Fahrt von weniger als 50 m Länge.“

Farbe, Anzahl und Anordnung der gezeigten Lichter kennzeichnen: Maschinenfahrzeug in Fahrt von weniger als 50 m Länge. Die vollständige Lichtkombination ist entscheidend, weil einzelne Lichter allein mehrdeutig sein können.";multiple_choice;Feedback erstellt
SBF-SEE-0092;92;SBF See;Ausweichen;See;Welches Fahrzeug muss diese Lichter führen?;Maschinenfahrzeug in Fahrt von 50 und mehr Meter Länge.;Maschinenfahrzeug in Fahrt von weniger als 50 m Länge.;Ein manövrierunfähiges Fahrzeug in Fahrt.;Ein manövrierbehindertes Fahrzeug mit Fahrt durchs Wasser von 50 und mehr Meter Länge.;A;Lichter, Zeichen & Schallsignale;Fahrzeug- und Verkehrssignale;Signale erkennen und Bedeutung zuordnen;true;SBFSEE-0092;see_specific;"Richtig.

Maschinenfahrzeug in Fahrt von 50 und mehr Meter Länge. Farbe, Anzahl und Anordnung der gezeigten Lichter kennzeichnen: Maschinenfahrzeug in Fahrt von 50 und mehr Meter Länge. Die vollständige Lichtkombination ist entscheidend, weil einzelne Lichter allein mehrdeutig sein können.";"Falsch.

Richtig ist: „Maschinenfahrzeug in Fahrt von 50 und mehr Meter Länge.“

Farbe, Anzahl und Anordnung der gezeigten Lichter kennzeichnen: Maschinenfahrzeug in Fahrt von 50 und mehr Meter Länge. Die vollständige Lichtkombination ist entscheidend, weil einzelne Lichter allein mehrdeutig sein können.";multiple_choice;Feedback erstellt
SBF-SEE-0093;93;SBF See;Ausweichen;See;Welches Fahrzeug führt diese Lichter?;Manövrierbehinderter Schleppverband in Fahrt von 200 m Länge oder weniger.;Manövrierbehinderter Schleppverband in Fahrt von mehr als 200 m Länge.;Manövrierbehinderter Schleppverband in Fahrt von 200 m Länge oder weniger, ohne Fahrt durchs Wasser.;Ein manövrierbehindertes Fahrzeug mit Fahrt durchs Wasser von 50 und mehr Meter Länge.;A;Lichter, Zeichen & Schallsignale;Fahrzeug- und Verkehrssignale;Signale erkennen und Bedeutung zuordnen;true;SBFSEE-0093;see_specific;"Richtig.

Manövrierbehinderter Schleppverband in Fahrt von 200 m Länge oder weniger. Farbe, Anzahl und Anordnung der gezeigten Lichter kennzeichnen: Manövrierbehinderter Schleppverband in Fahrt von 200 m Länge oder weniger. Die vollständige Lichtkombination ist entscheidend, weil einzelne Lichter allein mehrdeutig sein können.";"Falsch.

Richtig ist: „Manövrierbehinderter Schleppverband in Fahrt von 200 m Länge oder weniger.“

Farbe, Anzahl und Anordnung der gezeigten Lichter kennzeichnen: Manövrierbehinderter Schleppverband in Fahrt von 200 m Länge oder weniger. Die vollständige Lichtkombination ist entscheidend, weil einzelne Lichter allein mehrdeutig sein können.";multiple_choice;Feedback erstellt
SBF-SEE-0094;94;SBF See;Ausweichen;See;Welches Fahrzeug führt diese Lichter?;Manövrierbehinderter Schleppverband in Fahrt von mehr als 200 m Länge.;Manövrierbehinderter Schleppverband in Fahrt von 200 m Länge oder weniger.;Manövrierbehinderter Schleppverband in Fahrt von mehr als 200 m Länge, ohne Fahrt durch das Wasser.;Ein manövrierbehindertes Fahrzeug, das baggert oder Unterwasserarbeiten ausführt und dabei die Schifffahrt behindert.;A;Lichter, Zeichen & Schallsignale;Fahrzeug- und Verkehrssignale;Signale erkennen und Bedeutung zuordnen;true;SBFSEE-0094;see_specific;"Richtig.

Manövrierbehinderter Schleppverband in Fahrt von mehr als 200 m Länge. Farbe, Anzahl und Anordnung der gezeigten Lichter kennzeichnen: Manövrierbehinderter Schleppverband in Fahrt von mehr als 200 m Länge. Die vollständige Lichtkombination ist entscheidend, weil einzelne Lichter allein mehrdeutig sein können.";"Falsch.

Richtig ist: „Manövrierbehinderter Schleppverband in Fahrt von mehr als 200 m Länge.“

Farbe, Anzahl und Anordnung der gezeigten Lichter kennzeichnen: Manövrierbehinderter Schleppverband in Fahrt von mehr als 200 m Länge. Die vollständige Lichtkombination ist entscheidend, weil einzelne Lichter allein mehrdeutig sein können.";multiple_choice;Feedback erstellt
SBF-SEE-0095;95;SBF See;Ausweichen;See;Welche Lichter führen geschleppte Fahrzeuge?;Seitenlichter rot und grün und ein weißes Hecklicht.;Seitenlichter rot und grün und ein weißes Rundumlicht.;Seitenlichter rot und grün und zwei rote Rundumlichter senkrecht übereinander.;Seitenlichter rot und grün und ein rotes Rundumlicht senkrecht über einem weißen Rundumlicht.;A;Lichter, Zeichen & Schallsignale;Fahrzeug- und Verkehrssignale;Signale erkennen und Bedeutung zuordnen;false;SBFSEE-0095;see_specific;"Richtig.

Seitenlichter rot und grün und ein weißes Hecklicht. Farbe, Anzahl und Anordnung der gezeigten Lichter kennzeichnen: Seitenlichter rot und grün und ein weißes Hecklicht. Die vollständige Lichtkombination ist entscheidend, weil einzelne Lichter allein mehrdeutig sein können.";"Falsch.

Richtig ist: „Seitenlichter rot und grün und ein weißes Hecklicht.“

Farbe, Anzahl und Anordnung der gezeigten Lichter kennzeichnen: Seitenlichter rot und grün und ein weißes Hecklicht. Die vollständige Lichtkombination ist entscheidend, weil einzelne Lichter allein mehrdeutig sein können.";multiple_choice;Feedback erstellt
SBF-SEE-0096;96;SBF See;Ausweichen;See;Was bedeutet es, wenn jedes Fahrzeug eines Schleppverbandes einen schwarzen Rhombus führt?;Schleppverband von mehr als 200 m Länge.;Schleppverband von mehr als 100 m Länge.;Schleppverband von mehr als 50 m Länge.;Schleppverband von weniger als 50 m Länge.;A;Allgemeine Seemannschaft;Grundlagen;Seemännische Grundlagen sicher anwenden;false;SBFSEE-0096;see_specific;"Richtig.

Schleppverband von mehr als 200 m Länge. Farbe, Anzahl und Anordnung der gezeigten Lichter kennzeichnen: Schleppverband von mehr als 200 m Länge. Die vollständige Lichtkombination ist entscheidend, weil einzelne Lichter allein mehrdeutig sein können.";"Falsch.

Richtig ist: „Schleppverband von mehr als 200 m Länge.“

Farbe, Anzahl und Anordnung der gezeigten Lichter kennzeichnen: Schleppverband von mehr als 200 m Länge. Die vollständige Lichtkombination ist entscheidend, weil einzelne Lichter allein mehrdeutig sein können.";multiple_choice;Feedback erstellt
SBF-SEE-0097;97;SBF See;Ausweichen;See;Welches Fahrzeug führt diese Lichter?;Ein manövrierunfähiges Fahrzeug in Fahrt.;Ein manövrierbehindertes Fahrzeug in Fahrt.;Ein tiefgangbehindertes Fahrzeug in Fahrt.;Ein Grundsitzer von 50 und mehr Meter Länge.;A;Lichter, Zeichen & Schallsignale;Fahrzeug- und Verkehrssignale;Signale erkennen und Bedeutung zuordnen;true;SBFSEE-0097;see_specific;"Richtig.

Ein manövrierunfähiges Fahrzeug in Fahrt. Farbe, Anzahl und Anordnung der gezeigten Lichter kennzeichnen: Ein manövrierunfähiges Fahrzeug in Fahrt. Die vollständige Lichtkombination ist entscheidend, weil einzelne Lichter allein mehrdeutig sein können.";"Falsch.

Richtig ist: „Ein manövrierunfähiges Fahrzeug in Fahrt.“

Farbe, Anzahl und Anordnung der gezeigten Lichter kennzeichnen: Ein manövrierunfähiges Fahrzeug in Fahrt. Die vollständige Lichtkombination ist entscheidend, weil einzelne Lichter allein mehrdeutig sein können.";multiple_choice;Feedback erstellt
SBF-SEE-0098;98;SBF See;Ausweichen;See;Welches Fahrzeug führt diese Lichter?;Ein manövrierunfähiges Fahrzeug mit Fahrt durch das Wasser.;Ein manövrierbehindertes Fahrzeug mit Fahrt durch das Wasser von 50 und mehr Meter Länge.;Ein manövrierbehindertes Fahrzeug mit Fahrt durch das Wasser.;Ein fischender Trawler (Fischereifahrzeug) mit Fahrt durch das Wasser von 50 und mehr Meter Länge.;A;Lichter, Zeichen & Schallsignale;Fahrzeug- und Verkehrssignale;Signale erkennen und Bedeutung zuordnen;true;SBFSEE-0098;see_specific;"Richtig.

Ein manövrierunfähiges Fahrzeug mit Fahrt durch das Wasser. Farbe, Anzahl und Anordnung der gezeigten Lichter kennzeichnen: Ein manövrierunfähiges Fahrzeug mit Fahrt durch das Wasser. Die vollständige Lichtkombination ist entscheidend, weil einzelne Lichter allein mehrdeutig sein können.";"Falsch.

Richtig ist: „Ein manövrierunfähiges Fahrzeug mit Fahrt durch das Wasser.“

Farbe, Anzahl und Anordnung der gezeigten Lichter kennzeichnen: Ein manövrierunfähiges Fahrzeug mit Fahrt durch das Wasser. Die vollständige Lichtkombination ist entscheidend, weil einzelne Lichter allein mehrdeutig sein können.";multiple_choice;Feedback erstellt
SBF-SEE-0099;99;SBF See;Ausweichen;See;Welches Fahrzeug führt diese Signalkörper?;Ein manövrierunfähiges Fahrzeug.;Ein manövrierbehindertes Fahrzeug in Fahrt.;Ein fischendes Fahrzeug in Fahrt.;Ein Grundsitzer von 50 und mehr Meter Länge.;A;Lichter, Zeichen & Schallsignale;Fahrzeug- und Verkehrssignale;Signale erkennen und Bedeutung zuordnen;false;SBFSEE-0099;see_specific;"Richtig.

Ein manövrierunfähiges Fahrzeug. Die Form und Anordnung der gezeigten Signalkörper kennzeichnen am Tag eindeutig: Ein manövrierunfähiges Fahrzeug. So können andere Fahrzeuge Zustand oder Tätigkeit erkennen und ihr Verhalten anpassen.";"Falsch.

Richtig ist: „Ein manövrierunfähiges Fahrzeug.“

Die Form und Anordnung der gezeigten Signalkörper kennzeichnen am Tag eindeutig: Ein manövrierunfähiges Fahrzeug. So können andere Fahrzeuge Zustand oder Tätigkeit erkennen und ihr Verhalten anpassen.";multiple_choice;Feedback erstellt
SBF-SEE-0100;100;SBF See;Ausweichen;See;Welche Lichter führen manövrierunfähige Fahrzeuge von 12 und mehr Meter Länge in Fahrt, ohne Fahrt durch das Wasser?;Zwei rote Rundumlichter senkrecht übereinander.;Zwei rote Rundumlichter senkrecht übereinander und zusätzlich die Seitenlichter und das Hecklicht.;Drei rote Rundumlichter senkrecht übereinander.;Drei rote Rundumlichter senkrecht übereinander und zusätzlich die Seitenlichter und das Hecklicht.;A;Lichter, Zeichen & Schallsignale;Fahrzeug- und Verkehrssignale;Signale erkennen und Bedeutung zuordnen;false;SBFSEE-0100;see_specific;"Richtig.

Zwei rote Rundumlichter senkrecht übereinander. Farbe, Anzahl und Anordnung der gezeigten Lichter kennzeichnen: Zwei rote Rundumlichter senkrecht übereinander. Die vollständige Lichtkombination ist entscheidend, weil einzelne Lichter allein mehrdeutig sein können.";"Falsch.

Richtig ist: „Zwei rote Rundumlichter senkrecht übereinander.“

Farbe, Anzahl und Anordnung der gezeigten Lichter kennzeichnen: Zwei rote Rundumlichter senkrecht übereinander. Die vollständige Lichtkombination ist entscheidend, weil einzelne Lichter allein mehrdeutig sein können.";multiple_choice;Feedback erstellt
SBF-SEE-0101;101;SBF See;Ausweichen;See;Welche Lichter führen manövrierunfähige Fahrzeuge von 12 und mehr Meter Länge in Fahrt mit Fahrt durch das Wasser?;Zwei rote Rundumlichter senkrecht übereinander und zusätzlich die Seitenlichter und das Hecklicht.;Zwei rote Rundumlichter senkrecht übereinander.;Drei rote Rundumlichter senkrecht übereinander.;Drei rote Rundumlichter senkrecht übereinander und zusätzlich die Seitenlichter und das Hecklicht.;A;Lichter, Zeichen & Schallsignale;Fahrzeug- und Verkehrssignale;Signale erkennen und Bedeutung zuordnen;false;SBFSEE-0101;see_specific;"Richtig.

Zwei rote Rundumlichter senkrecht übereinander und zusätzlich die Seitenlichter und das Hecklicht. Farbe, Anzahl und Anordnung der gezeigten Lichter kennzeichnen: Zwei rote Rundumlichter senkrecht übereinander und zusätzlich die Seitenlichter und das Hecklicht. Die vollständige Lichtkombination ist entscheidend, weil einzelne Lichter allein mehrdeutig sein können.";"Falsch.

Richtig ist: „Zwei rote Rundumlichter senkrecht übereinander und zusätzlich die Seitenlichter und das Hecklicht.“

Farbe, Anzahl und Anordnung der gezeigten Lichter kennzeichnen: Zwei rote Rundumlichter senkrecht übereinander und zusätzlich die Seitenlichter und das Hecklicht. Die vollständige Lichtkombination ist entscheidend, weil einzelne Lichter allein mehrdeutig sein können.";multiple_choice;Feedback erstellt
SBF-SEE-0102;102;SBF See;Ausweichen;See;Welches Fahrzeug führt diese Lichter?;Ein manövrierbehindertes Fahrzeug in Fahrt.;Ein manövrierunfähiges Fahrzeug in Fahrt.;Ein fischendes Fahrzeug in Fahrt.;Ein Grundsitzer von weniger als 50 m Länge.;A;Lichter, Zeichen & Schallsignale;Fahrzeug- und Verkehrssignale;Signale erkennen und Bedeutung zuordnen;true;SBFSEE-0102;see_specific;"Richtig.

Ein manövrierbehindertes Fahrzeug in Fahrt. Farbe, Anzahl und Anordnung der gezeigten Lichter kennzeichnen: Ein manövrierbehindertes Fahrzeug in Fahrt. Die vollständige Lichtkombination ist entscheidend, weil einzelne Lichter allein mehrdeutig sein können.";"Falsch.

Richtig ist: „Ein manövrierbehindertes Fahrzeug in Fahrt.“

Farbe, Anzahl und Anordnung der gezeigten Lichter kennzeichnen: Ein manövrierbehindertes Fahrzeug in Fahrt. Die vollständige Lichtkombination ist entscheidend, weil einzelne Lichter allein mehrdeutig sein können.";multiple_choice;Feedback erstellt
SBF-SEE-0103;103;SBF See;Ausweichen;See;Welches Fahrzeug muss diese Lichter führen?;Ein manövrierbehindertes Fahrzeug mit Fahrt durch das Wasser von 50 und mehr Meter Länge.;Ein manövrierunfähiges Fahrzeug mit Fahrt durch das Wasser von 50 und mehr Meter Länge.;Ein manövrierbehindertes Fahrzeug ohne Fahrt durch das Wasser von 50 und mehr Meter Länge.;Ein fischender Trawler (Fischereifahrzeug) mit Fahrt durch das Wasser von 50 und mehr Meter Länge.;A;Lichter, Zeichen & Schallsignale;Fahrzeug- und Verkehrssignale;Signale erkennen und Bedeutung zuordnen;true;SBFSEE-0103;see_specific;"Richtig.

Ein manövrierbehindertes Fahrzeug mit Fahrt durch das Wasser von 50 und mehr Meter Länge. Farbe, Anzahl und Anordnung der gezeigten Lichter kennzeichnen: Ein manövrierbehindertes Fahrzeug mit Fahrt durch das Wasser von 50 und mehr Meter Länge. Die vollständige Lichtkombination ist entscheidend, weil einzelne Lichter allein mehrdeutig sein können.";"Falsch.

Richtig ist: „Ein manövrierbehindertes Fahrzeug mit Fahrt durch das Wasser von 50 und mehr Meter Länge.“

Farbe, Anzahl und Anordnung der gezeigten Lichter kennzeichnen: Ein manövrierbehindertes Fahrzeug mit Fahrt durch das Wasser von 50 und mehr Meter Länge. Die vollständige Lichtkombination ist entscheidend, weil einzelne Lichter allein mehrdeutig sein können.";multiple_choice;Feedback erstellt
SBF-SEE-0104;104;SBF See;Ausweichen;See;Welches Fahrzeug führt diese Signalkörper?;Ein manövrierbehindertes Fahrzeug.;Ein manövrierunfähiges Fahrzeug in Fahrt.;Ein fischendes Fahrzeug in Fahrt.;Ein Grundsitzer von weniger als 50 m Länge.;A;Lichter, Zeichen & Schallsignale;Fahrzeug- und Verkehrssignale;Signale erkennen und Bedeutung zuordnen;true;SBFSEE-0104;see_specific;"Richtig.

Ein manövrierbehindertes Fahrzeug. Die Form und Anordnung der gezeigten Signalkörper kennzeichnen am Tag eindeutig: Ein manövrierbehindertes Fahrzeug. So können andere Fahrzeuge Zustand oder Tätigkeit erkennen und ihr Verhalten anpassen.";"Falsch.

Richtig ist: „Ein manövrierbehindertes Fahrzeug.“

Die Form und Anordnung der gezeigten Signalkörper kennzeichnen am Tag eindeutig: Ein manövrierbehindertes Fahrzeug. So können andere Fahrzeuge Zustand oder Tätigkeit erkennen und ihr Verhalten anpassen.";multiple_choice;Feedback erstellt
SBF-SEE-0105;105;SBF See;Ausweichen;See;Welches Fahrzeug führt diese Lichter?;Ein Grundsitzer von weniger als 50 m Länge.;Ein manövrierbehindertes Fahrzeug.;Ein manövrierunfähiges Fahrzeug in Fahrt.;Ein Grundsitzer von 50 m und mehr Meter Länge.;A;Lichter, Zeichen & Schallsignale;Fahrzeug- und Verkehrssignale;Signale erkennen und Bedeutung zuordnen;false;SBFSEE-0105;see_specific;"Richtig.

Ein Grundsitzer von weniger als 50 m Länge. Farbe, Anzahl und Anordnung der gezeigten Lichter kennzeichnen: Ein Grundsitzer von weniger als 50 m Länge. Die vollständige Lichtkombination ist entscheidend, weil einzelne Lichter allein mehrdeutig sein können.";"Falsch.

Richtig ist: „Ein Grundsitzer von weniger als 50 m Länge.“

Farbe, Anzahl und Anordnung der gezeigten Lichter kennzeichnen: Ein Grundsitzer von weniger als 50 m Länge. Die vollständige Lichtkombination ist entscheidend, weil einzelne Lichter allein mehrdeutig sein können.";multiple_choice;Feedback erstellt
SBF-SEE-0106;106;SBF See;Ausweichen;See;Welches Fahrzeug führt diese Signalkörper?;Ein Grundsitzer.;Ein manövrierunfähiges Fahrzeug.;Ein manövrierbehindertes Fahrzeug.;Ein fischendes Fahrzeug.;A;Lichter, Zeichen & Schallsignale;Fahrzeug- und Verkehrssignale;Signale erkennen und Bedeutung zuordnen;true;SBFSEE-0106;see_specific;"Richtig.

Ein Grundsitzer. Die Form und Anordnung der gezeigten Signalkörper kennzeichnen am Tag eindeutig: Ein Grundsitzer. So können andere Fahrzeuge Zustand oder Tätigkeit erkennen und ihr Verhalten anpassen.";"Falsch.

Richtig ist: „Ein Grundsitzer.“

Die Form und Anordnung der gezeigten Signalkörper kennzeichnen am Tag eindeutig: Ein Grundsitzer. So können andere Fahrzeuge Zustand oder Tätigkeit erkennen und ihr Verhalten anpassen.";multiple_choice;Feedback erstellt
SBF-SEE-0107;107;SBF See;Ausweichen;See;Welches Fahrzeug führt diese Lichter?;Ein Grundsitzer von 50 und mehr Meter Länge.;Ein manövrierbehindertes Fahrzeug.;Ein manövrierunfähiges Fahrzeug in Fahrt.;Ein Grundsitzer von weniger als 50 m Länge.;A;Lichter, Zeichen & Schallsignale;Fahrzeug- und Verkehrssignale;Signale erkennen und Bedeutung zuordnen;true;SBFSEE-0107;see_specific;"Richtig.

Ein Grundsitzer von 50 und mehr Meter Länge. Farbe, Anzahl und Anordnung der gezeigten Lichter kennzeichnen: Ein Grundsitzer von 50 und mehr Meter Länge. Die vollständige Lichtkombination ist entscheidend, weil einzelne Lichter allein mehrdeutig sein können.";"Falsch.

Richtig ist: „Ein Grundsitzer von 50 und mehr Meter Länge.“

Farbe, Anzahl und Anordnung der gezeigten Lichter kennzeichnen: Ein Grundsitzer von 50 und mehr Meter Länge. Die vollständige Lichtkombination ist entscheidend, weil einzelne Lichter allein mehrdeutig sein können.";multiple_choice;Feedback erstellt
SBF-SEE-0108;108;SBF See;Ausweichen;See;Welches Fahrzeug muss diese Lichter führen?;Ein tiefgangbehindertes Fahrzeug von 50 und mehr Meter Länge in Fahrt.;Ein manövrierbehindertes Fahrzeug.;Ein manövrierunfähiges Fahrzeug.;Ein Grundsitzer von weniger als 50 m Länge.;A;Lichter, Zeichen & Schallsignale;Fahrzeug- und Verkehrssignale;Signale erkennen und Bedeutung zuordnen;true;SBFSEE-0108;see_specific;"Richtig.

Ein tiefgangbehindertes Fahrzeug von 50 und mehr Meter Länge in Fahrt. Farbe, Anzahl und Anordnung der gezeigten Lichter kennzeichnen: Ein tiefgangbehindertes Fahrzeug von 50 und mehr Meter Länge in Fahrt. Die vollständige Lichtkombination ist entscheidend, weil einzelne Lichter allein mehrdeutig sein können.";"Falsch.

Richtig ist: „Ein tiefgangbehindertes Fahrzeug von 50 und mehr Meter Länge in Fahrt.“

Farbe, Anzahl und Anordnung der gezeigten Lichter kennzeichnen: Ein tiefgangbehindertes Fahrzeug von 50 und mehr Meter Länge in Fahrt. Die vollständige Lichtkombination ist entscheidend, weil einzelne Lichter allein mehrdeutig sein können.";multiple_choice;Feedback erstellt
SBF-SEE-0109;109;SBF See;Ausweichen;See;Welches Fahrzeug führt diese Signalkörper?;Ein tiefgangbehindertes Fahrzeug in Fahrt.;Ein manövrierbehindertes Fahrzeug in Fahrt.;Ein manövrierunfähiges Fahrzeug in Fahrt.;Ein Grundsitzer von weniger als 50 Meter Länge.;A;Lichter, Zeichen & Schallsignale;Fahrzeug- und Verkehrssignale;Signale erkennen und Bedeutung zuordnen;true;SBFSEE-0109;see_specific;"Richtig.

Ein tiefgangbehindertes Fahrzeug in Fahrt. Die Form und Anordnung der gezeigten Signalkörper kennzeichnen am Tag eindeutig: Ein tiefgangbehindertes Fahrzeug in Fahrt. So können andere Fahrzeuge Zustand oder Tätigkeit erkennen und ihr Verhalten anpassen.";"Falsch.

Richtig ist: „Ein tiefgangbehindertes Fahrzeug in Fahrt.“

Die Form und Anordnung der gezeigten Signalkörper kennzeichnen am Tag eindeutig: Ein tiefgangbehindertes Fahrzeug in Fahrt. So können andere Fahrzeuge Zustand oder Tätigkeit erkennen und ihr Verhalten anpassen.";multiple_choice;Feedback erstellt
SBF-SEE-0110;110;SBF See;Ausweichen;See;Welches Fahrzeug muss diese Lichter führen?;Ein fischender Trawler (Fischereifahrzeug) mit Fahrt durch das Wasser von 50 und mehr Meter Länge.;Ein fischendes Fahrzeug in Fahrt, das nicht trawlt, z. B. Treibnetzfischer.;Ein Behördenfahrzeug im Einsatz.;Ein manövrierbehindertes Fahrzeug in Fahrt.;A;Lichter, Zeichen & Schallsignale;Fahrzeug- und Verkehrssignale;Signale erkennen und Bedeutung zuordnen;true;SBFSEE-0110;see_specific;"Richtig.

Ein fischender Trawler (Fischereifahrzeug) mit Fahrt durch das Wasser von 50 und mehr Meter Länge. Farbe, Anzahl und Anordnung der gezeigten Lichter kennzeichnen: Ein fischender Trawler (Fischereifahrzeug) mit Fahrt durch das Wasser von 50 und mehr Meter Länge. Die vollständige Lichtkombination ist entscheidend, weil einzelne Lichter allein mehrdeutig sein können.";"Falsch.

Richtig ist: „Ein fischender Trawler (Fischereifahrzeug) mit Fahrt durch das Wasser von 50 und mehr Meter Länge.“

Farbe, Anzahl und Anordnung der gezeigten Lichter kennzeichnen: Ein fischender Trawler (Fischereifahrzeug) mit Fahrt durch das Wasser von 50 und mehr Meter Länge. Die vollständige Lichtkombination ist entscheidend, weil einzelne Lichter allein mehrdeutig sein können.";multiple_choice;Feedback erstellt
SBF-SEE-0111;111;SBF See;Ausweichen;See;Welches Fahrzeug führt diese Lichter?;Ein fischendes Fahrzeug in Fahrt oder vor Anker, das nicht trawlt, z. B. Treibnetzfischer.;Ein Lotsenfahrzeug im Einsatz.;Ein manövrierbehindertes Fahrzeug in Fahrt.;Ein fischender Trawler (Fischereifahrzeug) mit Fahrt durchs Wasser von 50 und mehr Meter Länge.;A;Lichter, Zeichen & Schallsignale;Fahrzeug- und Verkehrssignale;Signale erkennen und Bedeutung zuordnen;true;SBFSEE-0111;see_specific;"Richtig.

Ein fischendes Fahrzeug in Fahrt oder vor Anker, das nicht trawlt, z. B. Treibnetzfischer. Farbe, Anzahl und Anordnung der gezeigten Lichter kennzeichnen: Ein fischendes Fahrzeug in Fahrt oder vor Anker, das nicht trawlt, z. B. Treibnetzfischer. Die vollständige Lichtkombination ist entscheidend, weil einzelne Lichter allein mehrdeutig sein können.";"Falsch.

Richtig ist: „Ein fischendes Fahrzeug in Fahrt oder vor Anker, das nicht trawlt, z. B. Treibnetzfischer.“

Farbe, Anzahl und Anordnung der gezeigten Lichter kennzeichnen: Ein fischendes Fahrzeug in Fahrt oder vor Anker, das nicht trawlt, z. B. Treibnetzfischer. Die vollständige Lichtkombination ist entscheidend, weil einzelne Lichter allein mehrdeutig sein können.";multiple_choice;Feedback erstellt
SBF-SEE-0112;112;SBF See;Ausweichen;See;Welches Fahrzeug führt diese Signalkörper?;Ein fischendes Fahrzeug in Fahrt oder vor Anker.;Ein manövrierbehindertes Fahrzeug.;Ein manövrierunfähiges Fahrzeug in Fahrt.;Ein Grundsitzer von weniger als 50 m Länge.;A;Lichter, Zeichen & Schallsignale;Fahrzeug- und Verkehrssignale;Signale erkennen und Bedeutung zuordnen;true;SBFSEE-0112;see_specific;"Richtig.

Ein fischendes Fahrzeug in Fahrt oder vor Anker. Die Form und Anordnung der gezeigten Signalkörper kennzeichnen am Tag eindeutig: Ein fischendes Fahrzeug in Fahrt oder vor Anker. So können andere Fahrzeuge Zustand oder Tätigkeit erkennen und ihr Verhalten anpassen.";"Falsch.

Richtig ist: „Ein fischendes Fahrzeug in Fahrt oder vor Anker.“

Die Form und Anordnung der gezeigten Signalkörper kennzeichnen am Tag eindeutig: Ein fischendes Fahrzeug in Fahrt oder vor Anker. So können andere Fahrzeuge Zustand oder Tätigkeit erkennen und ihr Verhalten anpassen.";multiple_choice;Feedback erstellt
SBF-SEE-0113;113;SBF See;Lichter, Zeichen und Töne;See;Welche Fahrzeuge führen nur Seitenlichter rot und grün und ein weißes Hecklicht?;Segelfahrzeuge, Ruderboote und geschleppte Fahrzeuge.;Segelfahrzeuge, Ruderboote und Maschinenfahrzeuge in Fahrt von weniger als 50 m Länge.;Segelfahrzeuge, fischende Fahrzeuge und geschleppte Fahrzeuge.;Segelfahrzeuge, Grundsitzer und geschleppte Fahrzeuge.;A;Lichter, Zeichen & Schallsignale;Fahrzeug- und Verkehrssignale;Signale erkennen und Bedeutung zuordnen;false;SBFSEE-0113;see_specific;"Richtig.

Segelfahrzeuge, Ruderboote und geschleppte Fahrzeuge. Farbe, Anzahl und Anordnung der gezeigten Lichter kennzeichnen: Segelfahrzeuge, Ruderboote und geschleppte Fahrzeuge. Die vollständige Lichtkombination ist entscheidend, weil einzelne Lichter allein mehrdeutig sein können.";"Falsch.

Richtig ist: „Segelfahrzeuge, Ruderboote und geschleppte Fahrzeuge.“

Farbe, Anzahl und Anordnung der gezeigten Lichter kennzeichnen: Segelfahrzeuge, Ruderboote und geschleppte Fahrzeuge. Die vollständige Lichtkombination ist entscheidend, weil einzelne Lichter allein mehrdeutig sein können.";multiple_choice;Feedback erstellt
SBF-SEE-0114;114;SBF See;Lichter, Zeichen und Töne;See;Was für ein Licht muss ein Ankerlieger von weniger als 50 m Länge führen?;Ein weißes Rundumlicht an gut sichtbarer Stelle.;Ein rotes Rundumlicht an gut sichtbarer Stelle.;Zwei weiße Rundumlichter an gut sichtbarer Stelle.;Zwei rote Rundumlichter an gut sichtbarer Stelle.;A;Seemannschaft & Technik;Manöver / Bordtechnik;Boot sicher manövrieren und Technik beurteilen;false;SBFSEE-0114;see_specific;"Richtig.

Ein weißes Rundumlicht an gut sichtbarer Stelle. Farbe, Anzahl und Anordnung der gezeigten Lichter kennzeichnen: Ein weißes Rundumlicht an gut sichtbarer Stelle. Die vollständige Lichtkombination ist entscheidend, weil einzelne Lichter allein mehrdeutig sein können.";"Falsch.

Richtig ist: „Ein weißes Rundumlicht an gut sichtbarer Stelle.“

Farbe, Anzahl und Anordnung der gezeigten Lichter kennzeichnen: Ein weißes Rundumlicht an gut sichtbarer Stelle. Die vollständige Lichtkombination ist entscheidend, weil einzelne Lichter allein mehrdeutig sein können.";multiple_choice;Feedback erstellt
SBF-SEE-0115;115;SBF See;Lichter, Zeichen und Töne;See;Welches Fahrzeug muss diese Lichter führen?;Ein vor Anker liegendes Fahrzeug von 100 und mehr Meter Länge.;Ein fischender Trawler (Fischereifahrzeug) mit Fahrt durchs Wasser von 50 und mehr Meter Länge.;Ein manövrierbehindertes Fahrzeug, das baggert oder Unterwasserarbeiten ausführt und dabei die Schifffahrt behindert.;Ein Grundsitzer von 200 und mehr Meter Länge.;A;Lichter, Zeichen & Schallsignale;Fahrzeug- und Verkehrssignale;Signale erkennen und Bedeutung zuordnen;true;SBFSEE-0115;see_specific;"Richtig.

Ein vor Anker liegendes Fahrzeug von 100 und mehr Meter Länge. Farbe, Anzahl und Anordnung der gezeigten Lichter kennzeichnen: Ein vor Anker liegendes Fahrzeug von 100 und mehr Meter Länge. Die vollständige Lichtkombination ist entscheidend, weil einzelne Lichter allein mehrdeutig sein können.";"Falsch.

Richtig ist: „Ein vor Anker liegendes Fahrzeug von 100 und mehr Meter Länge.“

Farbe, Anzahl und Anordnung der gezeigten Lichter kennzeichnen: Ein vor Anker liegendes Fahrzeug von 100 und mehr Meter Länge. Die vollständige Lichtkombination ist entscheidend, weil einzelne Lichter allein mehrdeutig sein können.";multiple_choice;Feedback erstellt
SBF-SEE-0116;116;SBF See;Lichter, Zeichen und Töne;See;Sie hören bei verminderter Sicht mindestens alle zwei Minuten einen langen Ton mit der Pfeife ( ). Welches Fahrzeug gibt dieses Signal?;Ein Maschinenfahrzeug, das Fahrt durchs Wasser macht.;Ein geschlepptes Fahrzeug oder das letzte bemannte Fahrzeug eines Schleppverbandes in Fahrt.;Ein Fahrzeug mit gefährlicher Ladung vor Anker von weniger als 100 m Länge.;Ein vor Anker liegendes Fahrzeug von 100 und mehr Meter Länge.;A;Allgemeine Seemannschaft;Grundlagen;Seemännische Grundlagen sicher anwenden;true;SBFSEE-0116;see_specific;"Richtig.

Ein Maschinenfahrzeug, das Fahrt durchs Wasser macht. Das beschriebene Nebelsignal gehört zu: Ein Maschinenfahrzeug, das Fahrt durchs Wasser macht. Tonfolge und Wiederholungsabstand zeigen bei fehlender Sicht Fahrzeugart, Bewegungszustand oder Lage an.";"Falsch.

Richtig ist: „Ein Maschinenfahrzeug, das Fahrt durchs Wasser macht.“

Das beschriebene Nebelsignal gehört zu: Ein Maschinenfahrzeug, das Fahrt durchs Wasser macht. Tonfolge und Wiederholungsabstand zeigen bei fehlender Sicht Fahrzeugart, Bewegungszustand oder Lage an.";multiple_choice;Feedback erstellt
SBF-SEE-0117;117;SBF See;Lichter, Zeichen und Töne;See;Sie hören bei verminderter Sicht mindestens alle zwei Minuten zwei aufeinander folgende lange Töne mit der Pfeife ( ). Welches Fahrzeug gibt dieses Signal?;Ein Maschinenfahrzeug in Fahrt, das seine Maschine gestoppt hat und keine Fahrt durchs Wasser macht.;Ein geschlepptes Fahrzeug oder das letzte bemannte Fahrzeug eines Schleppverbandes in Fahrt.;Ein Fahrzeug mit gefährlicher Ladung vor Anker von weniger als 100 m Länge.;Ein vor Anker liegendes Fahrzeug von 100 und mehr Meter Länge.;A;Allgemeine Seemannschaft;Grundlagen;Seemännische Grundlagen sicher anwenden;true;SBFSEE-0117;see_specific;"Richtig.

Ein Maschinenfahrzeug in Fahrt, das seine Maschine gestoppt hat und keine Fahrt durchs Wasser macht. Das beschriebene Nebelsignal gehört zu: Ein Maschinenfahrzeug in Fahrt, das seine Maschine gestoppt hat und keine Fahrt durchs Wasser macht. Tonfolge und Wiederholungsabstand zeigen bei fehlender Sicht Fahrzeugart, Bewegungszustand oder Lage an.";"Falsch.

Richtig ist: „Ein Maschinenfahrzeug in Fahrt, das seine Maschine gestoppt hat und keine Fahrt durchs Wasser macht.“

Das beschriebene Nebelsignal gehört zu: Ein Maschinenfahrzeug in Fahrt, das seine Maschine gestoppt hat und keine Fahrt durchs Wasser macht. Tonfolge und Wiederholungsabstand zeigen bei fehlender Sicht Fahrzeugart, Bewegungszustand oder Lage an.";multiple_choice;Feedback erstellt
SBF-SEE-0118;118;SBF See;Lichter, Zeichen und Töne;See;Welche Fahrzeuge geben bei verminderter Sicht mindestens alle zwei Minuten drei aufeinander folgende Töne mit der Pfeife, und zwar lang, kurz, kurz ?;Ein manövrierunfähiges Fahrzeug in Fahrt, ein manövrierbehindertes Fahrzeug in Fahrt oder vor Anker, ein tiefgangbehindertes Fahrzeug in Fahrt, ein Segelfahrzeug in Fahrt, ein schleppendes oder schiebendes Fahrzeug in Fahrt, ein fischendes Fahrzeug in Fahrt oder vor Anker.;Ein manövrierunfähiges Fahrzeug in Fahrt, ein manövrierbehindertes Fahrzeug in Fahrt oder vor Anker, ein tiefgangbehindertes Fahrzeug in Fahrt, ein Maschinenfahrzeug in Fahrt, das Fahrt durchs Wasser macht, ein schleppendes oder schiebendes Fahrzeug in Fahrt, ein fischendes Fahrzeug in Fahrt oder vor Anker.;Ein manövrierunfähiges Fahrzeug in Fahrt, ein manövrierbehindertes Fahrzeug in Fahrt oder vor Anker, ein tiefgangbehindertes Fahrzeug in Fahrt, ein Segelfahrzeug in Fahrt, ein schleppendes oder schiebendes Fahrzeug in Fahrt, ein fischendes Fahrzeug in Fahrt oder vor Anker, ein Maschinenfahrzeug in Fahrt, das seine Maschine gestoppt hat und keine Fahrt durchs Wasser macht.;Ein manövrierunfähiges Fahrzeug in Fahrt, ein manövrierbehindertes Fahrzeug in Fahrt oder vor Anker, ein tiefgangbehindertes Fahrzeug in Fahrt, ein Segelfahrzeug in Fahrt, ein schleppendes oder schiebendes Fahrzeug in Fahrt, ein geschlepptes Fahrzeug oder das letzte bemannte Fahrzeug eines Schleppverbandes in Fahrt, ein fischendes Fahrzeug in Fahrt oder vor Anker.;A;Allgemeine Seemannschaft;Grundlagen;Seemännische Grundlagen sicher anwenden;true;SBFSEE-0118;see_specific;"Richtig.

Ein manövrierunfähiges Fahrzeug in Fahrt, ein manövrierbehindertes Fahrzeug in Fahrt oder vor Anker, ein tiefgangbehindertes Fahrzeug in Fahrt, ein Segelfahrzeug in Fahrt, ein schleppendes oder schiebendes Fahrzeug in Fahrt, ein fischendes Fahrzeug in Fahrt oder vor Anker. Das beschriebene Nebelsignal gehört zu: Ein manövrierunfähiges Fahrzeug in Fahrt, ein manövrierbehindertes Fahrzeug in Fahrt oder vor Anker, ein tiefgangbehindertes Fahrzeug in Fahrt, ein Segelfahrzeug in Fahrt, ein schleppendes oder schiebendes Fahrzeug in Fahrt, ein fischendes Fahrzeug in Fahrt oder vor Anker. Tonfolge und Wiederholungsabstand zeigen bei fehlender Sicht Fahrzeugart, Bewegungszustand oder Lage an.";"Falsch.

Richtig ist: „Ein manövrierunfähiges Fahrzeug in Fahrt, ein manövrierbehindertes Fahrzeug in Fahrt oder vor Anker, ein tiefgangbehindertes Fahrzeug in Fahrt, ein Segelfahrzeug in Fahrt, ein schleppendes oder schiebendes Fahrzeug in Fahrt, ein fischendes Fahrzeug in Fahrt oder vor Anker.“

Das beschriebene Nebelsignal gehört zu: Ein manövrierunfähiges Fahrzeug in Fahrt, ein manövrierbehindertes Fahrzeug in Fahrt oder vor Anker, ein tiefgangbehindertes Fahrzeug in Fahrt, ein Segelfahrzeug in Fahrt, ein schleppendes oder schiebendes Fahrzeug in Fahrt, ein fischendes Fahrzeug in Fahrt oder vor Anker. Tonfolge und Wiederholungsabstand zeigen bei fehlender Sicht Fahrzeugart, Bewegungszustand oder Lage an.";multiple_choice;Feedback erstellt
SBF-SEE-0119;119;SBF See;Lichter, Zeichen und Töne;See;Welches Fahrzeug gibt bei verminderter Sicht - im Anschluss an das Signal: lang, kurz, kurz - vier aufeinander folgende Töne mit der Pfeife, und zwar: lang, kurz, kurz, kurz ?;Ein geschlepptes Fahrzeug oder das letzte bemannte Fahrzeug eines Schleppverbandes in Fahrt.;Ein Maschinenfahrzeug in Fahrt, das seine Maschine gestoppt hat und keine Fahrt durchs Wasser macht.;Ein Fahrzeug mit gefährlicher Ladung vor Anker von weniger als 100 m Länge.;Ein manövrierunfähiges Fahrzeug von weniger als 100 m Länge.;A;Allgemeine Seemannschaft;Grundlagen;Seemännische Grundlagen sicher anwenden;true;SBFSEE-0119;see_specific;"Richtig.

Ein geschlepptes Fahrzeug oder das letzte bemannte Fahrzeug eines Schleppverbandes in Fahrt. Das beschriebene Nebelsignal gehört zu: Ein geschlepptes Fahrzeug oder das letzte bemannte Fahrzeug eines Schleppverbandes in Fahrt. Tonfolge und Wiederholungsabstand zeigen bei fehlender Sicht Fahrzeugart, Bewegungszustand oder Lage an.";"Falsch.

Richtig ist: „Ein geschlepptes Fahrzeug oder das letzte bemannte Fahrzeug eines Schleppverbandes in Fahrt.“

Das beschriebene Nebelsignal gehört zu: Ein geschlepptes Fahrzeug oder das letzte bemannte Fahrzeug eines Schleppverbandes in Fahrt. Tonfolge und Wiederholungsabstand zeigen bei fehlender Sicht Fahrzeugart, Bewegungszustand oder Lage an.";multiple_choice;Feedback erstellt
SBF-SEE-0120;120;SBF See;Lichter, Zeichen und Töne;See;Was für ein Schallsignal muss ein Segelfahrzeug in Fahrt von 12 und mehr Meter Länge bei verminderter Sicht geben?;Mindestens alle zwei Minuten drei aufeinander folgende Töne mit der Pfeife, und zwar lang, kurz, kurz;Mindestens alle zwei Minuten drei aufeinander folgende Töne mit der Pfeife, und zwar lang, lang, kurz;Mindestens alle zwei Minuten ein kräftiges Schallsignal, das mit den vorgeschriebenen nicht verwechselt werden kann.;Mit der Pfeife kurz, lang, kurz;A;Lichter, Zeichen & Schallsignale;Fahrzeug- und Verkehrssignale;Signale erkennen und Bedeutung zuordnen;true;SBFSEE-0120;see_specific;"Richtig.

Mindestens alle zwei Minuten drei aufeinander folgende Töne mit der Pfeife, und zwar lang, kurz, kurz. Das beschriebene Nebelsignal gehört zu: Mindestens alle zwei Minuten drei aufeinander folgende Töne mit der Pfeife, und zwar lang, kurz, kurz. Tonfolge und Wiederholungsabstand zeigen bei fehlender Sicht Fahrzeugart, Bewegungszustand oder Lage an.";"Falsch.

Richtig ist: „Mindestens alle zwei Minuten drei aufeinander folgende Töne mit der Pfeife, und zwar lang, kurz, kurz“

Das beschriebene Nebelsignal gehört zu: Mindestens alle zwei Minuten drei aufeinander folgende Töne mit der Pfeife, und zwar lang, kurz, kurz. Tonfolge und Wiederholungsabstand zeigen bei fehlender Sicht Fahrzeugart, Bewegungszustand oder Lage an.";multiple_choice;Feedback erstellt
SBF-SEE-0121;121;SBF See;Lichter, Zeichen und Töne;See;Welches Schallsignal muss ein Fahrzeug in Fahrt von weniger als 12 m Länge bei verminderter Sicht geben, wenn es die sonst vorgeschriebenen Schallsignale nicht geben kann?;Mindestens alle zwei Minuten ein kräftiges Schallsignal, das mit den vorgeschriebenen nicht verwechselt werden kann.;Mindestens alle zwei Minuten drei aufeinander folgende Töne mit der Pfeife, und zwar lang, kurz, kurz .;Mindestens alle zwei Minuten drei aufeinander folgende Töne mit der Pfeife, und zwar lang, lang, kurz .;Mit der Pfeife kurz, lang, kurz .;A;Lichter, Zeichen & Schallsignale;Fahrzeug- und Verkehrssignale;Signale erkennen und Bedeutung zuordnen;true;SBFSEE-0121;see_specific;"Richtig.

Mindestens alle zwei Minuten ein kräftiges Schallsignal, das mit den vorgeschriebenen nicht verwechselt werden kann. Das beschriebene Nebelsignal gehört zu: Mindestens alle zwei Minuten ein kräftiges Schallsignal, das mit den vorgeschriebenen nicht verwechselt werden kann. Tonfolge und Wiederholungsabstand zeigen bei fehlender Sicht Fahrzeugart, Bewegungszustand oder Lage an.";"Falsch.

Richtig ist: „Mindestens alle zwei Minuten ein kräftiges Schallsignal, das mit den vorgeschriebenen nicht verwechselt werden kann.“

Das beschriebene Nebelsignal gehört zu: Mindestens alle zwei Minuten ein kräftiges Schallsignal, das mit den vorgeschriebenen nicht verwechselt werden kann. Tonfolge und Wiederholungsabstand zeigen bei fehlender Sicht Fahrzeugart, Bewegungszustand oder Lage an.";multiple_choice;Feedback erstellt
SBF-SEE-0122;122;SBF See;Lichter, Zeichen und Töne;See;Welches Fahrzeug gibt bei verminderter Sicht mindestens jede Minute etwa 5 Sekunden lang rasches Läuten der Glocke?;Ein Fahrzeug vor Anker von weniger als 100 m Länge.;Ein Fahrzeug vor Anker von 100 und mehr Meter Länge.;Ein geschlepptes Fahrzeug oder das letzte bemannte Fahrzeug eines Schleppverbandes in Fahrt.;Ein Maschinenfahrzeug in Fahrt, das seine Maschine gestoppt hat und keine Fahrt durchs Wasser macht.;A;Allgemeine Seemannschaft;Grundlagen;Seemännische Grundlagen sicher anwenden;true;SBFSEE-0122;see_specific;"Richtig.

Ein Fahrzeug vor Anker von weniger als 100 m Länge. Das beschriebene Nebelsignal gehört zu: Ein Fahrzeug vor Anker von weniger als 100 m Länge. Tonfolge und Wiederholungsabstand zeigen bei fehlender Sicht Fahrzeugart, Bewegungszustand oder Lage an.";"Falsch.

Richtig ist: „Ein Fahrzeug vor Anker von weniger als 100 m Länge.“

Das beschriebene Nebelsignal gehört zu: Ein Fahrzeug vor Anker von weniger als 100 m Länge. Tonfolge und Wiederholungsabstand zeigen bei fehlender Sicht Fahrzeugart, Bewegungszustand oder Lage an.";multiple_choice;Feedback erstellt
SBF-SEE-0123;123;SBF See;Lichter, Zeichen und Töne;See;Welches Fahrzeug gibt bei verminderter Sicht mindestens jede Minute etwa 5 Sekunden lang rasches Läuten der Glocke und unmittelbar danach ungefähr 5 Sekunden lang rasch den Gong schlagen?;Ein Fahrzeug vor Anker von 100 und mehr Meter Länge.;Ein Fahrzeug vor Anker von weniger als 100 m Länge.;Ein geschlepptes Fahrzeug oder das letzte bemannte Fahrzeug eines Schleppverbandes in Fahrt.;Ein Maschinenfahrzeug in Fahrt, das seine Maschine gestoppt hat und keine Fahrt durchs Wasser macht.;A;Allgemeine Seemannschaft;Grundlagen;Seemännische Grundlagen sicher anwenden;true;SBFSEE-0123;see_specific;"Richtig.

Ein Fahrzeug vor Anker von 100 und mehr Meter Länge. Das beschriebene Nebelsignal gehört zu: Ein Fahrzeug vor Anker von 100 und mehr Meter Länge. Tonfolge und Wiederholungsabstand zeigen bei fehlender Sicht Fahrzeugart, Bewegungszustand oder Lage an.";"Falsch.

Richtig ist: „Ein Fahrzeug vor Anker von 100 und mehr Meter Länge.“

Das beschriebene Nebelsignal gehört zu: Ein Fahrzeug vor Anker von 100 und mehr Meter Länge. Tonfolge und Wiederholungsabstand zeigen bei fehlender Sicht Fahrzeugart, Bewegungszustand oder Lage an.";multiple_choice;Feedback erstellt
SBF-SEE-0124;124;SBF See;Lichter, Zeichen und Töne;See;Welches zusätzliche Schallsignal darf jeder Ankerlieger bei verminderter Sicht geben, um einem sich nähernden Fahrzeug seinen Standort anzuzeigen?;Mit der Pfeife kurz, lang, kurz .;Mindestens alle zwei Minuten ein kräftiges Schallsignal, das mit den vorgeschriebenen nicht verwechselt werden kann.;Mindestens alle zwei Minuten drei aufeinander folgende Töne mit der Pfeife, und zwar lang, kurz, kurz .;Mindestens alle zwei Minuten drei aufeinander folgende Töne mit der Pfeife, und zwar lang, lang, kurz .;A;Lichter, Zeichen & Schallsignale;Fahrzeug- und Verkehrssignale;Signale erkennen und Bedeutung zuordnen;false;SBFSEE-0124;see_specific;"Richtig.

Mit der Pfeife kurz, lang, kurz . Das beschriebene Nebelsignal gehört zu: Mit der Pfeife kurz, lang, kurz . Tonfolge und Wiederholungsabstand zeigen bei fehlender Sicht Fahrzeugart, Bewegungszustand oder Lage an.";"Falsch.

Richtig ist: „Mit der Pfeife kurz, lang, kurz .“

Das beschriebene Nebelsignal gehört zu: Mit der Pfeife kurz, lang, kurz . Tonfolge und Wiederholungsabstand zeigen bei fehlender Sicht Fahrzeugart, Bewegungszustand oder Lage an.";multiple_choice;Feedback erstellt
SBF-SEE-0125;125;SBF See;Lichter, Zeichen und Töne;See;Woran kann man feststellen, ob die Möglichkeit der Gefahr eines Zusammenstoßes besteht?;Wenn sich der Abstand zum anderen Fahrzeug verringert und sich die Peilung nicht oder nicht merklich ändert.;Wenn sich der Abstand zum anderen Fahrzeug verringert und sich der Kurs nicht oder nicht merklich ändert.;Wenn sich der Abstand zum anderen Fahrzeug verringert und sich die Kompasspeilung ändert.;Wenn sich der Abstand zum anderen Fahrzeug verringert und sich der Kurs ändert.;A;Allgemeine Seemannschaft;Grundlagen;Seemännische Grundlagen sicher anwenden;false;SBFSEE-0125;see_specific;"Richtig.

Wenn sich der Abstand zum anderen Fahrzeug verringert und sich die Peilung nicht oder nicht merklich ändert. Eine nahezu gleichbleibende Peilung bei kleiner werdendem Abstand ist das klassische Warnzeichen für einen Kollisionskurs.";"Falsch.

Richtig ist: „Wenn sich der Abstand zum anderen Fahrzeug verringert und sich die Peilung nicht oder nicht merklich ändert.“

Eine nahezu gleichbleibende Peilung bei kleiner werdendem Abstand ist das klassische Warnzeichen für einen Kollisionskurs.";multiple_choice;Feedback erstellt
SBF-SEE-0126;126;SBF See;Lichter, Zeichen und Töne;See;Zwei in Sicht befindliche Segelfahrzeuge nähern sich im freien Seeraum oder außerhalb des Fahrwassers so, dass die Möglichkeit der Gefahr eines Zusammenstoßes besteht. Welches Fahrzeug muss dem anderen ausweichen, wenn sie den Wind von derselben Seite haben?;Das luvwärtige Fahrzeug dem leewärtigen Fahrzeug.;Das leewärtige Fahrzeug dem luvwärtigen Fahrzeug.;Dasjenige Fahrzeug, das den Wind von Backbord hat.;Dasjenige Fahrzeug, das den Wind von Steuerbord hat.;A;Ausweichregeln;KVR / Kollisionsvermeidung;Kollisionslage beurteilen und richtige Maßnahme wählen;false;SBFSEE-0126;see_specific;"Richtig.

Das luvwärtige Fahrzeug dem leewärtigen Fahrzeug. Bei Wind von derselben Seite weicht das luvwärtige Segelfahrzeug aus, weil das leewärtige Fahrzeug in seiner Manövrierfreiheit stärker eingeschränkt ist.";"Falsch.

Richtig ist: „Das luvwärtige Fahrzeug dem leewärtigen Fahrzeug.“

Bei Wind von derselben Seite weicht das luvwärtige Segelfahrzeug aus, weil das leewärtige Fahrzeug in seiner Manövrierfreiheit stärker eingeschränkt ist.";multiple_choice;Feedback erstellt
SBF-SEE-0127;127;SBF See;Lichter, Zeichen und Töne;See;Wie müssen sich zwei in Sicht befindliche Maschinenfahrzeuge verhalten, die sich einander auf entgegengesetzten oder fast entgegengesetzten Kursen nähern, um die Möglichkeit der Gefahr eines Zusammenstoßes zu vermeiden?;Jedes Fahrzeug muss seinen Kurs nach Steuerbord ändern.;Jedes Fahrzeug muss seinen Kurs nach Backbord ändern.;Es muss das luvwärtige Fahrzeug dem leewärtigen Fahrzeug ausweichen.;Es muss das leewärtige Fahrzeug dem luvwärtigen Fahrzeug ausweichen.;A;Ausweichregeln;KVR / Kollisionsvermeidung;Kollisionslage beurteilen und richtige Maßnahme wählen;false;SBFSEE-0127;see_specific;"Richtig.

Jedes Fahrzeug muss seinen Kurs nach Steuerbord ändern. Beide Maschinenfahrzeuge ändern frühzeitig nach Steuerbord; dadurch passieren sie einander eindeutig an Backbord.";"Falsch.

Richtig ist: „Jedes Fahrzeug muss seinen Kurs nach Steuerbord ändern.“

Beide Maschinenfahrzeuge ändern frühzeitig nach Steuerbord; dadurch passieren sie einander eindeutig an Backbord.";multiple_choice;Feedback erstellt
SBF-SEE-0128;128;SBF See;Lichter, Zeichen und Töne;See;Wie hat sich ein Maschinenfahrzeug im freien Seeraum oder außerhalb des Fahrwassers gegenüber einem in Sicht befindlichen Segelfahrzeug zu verhalten, wenn die Möglichkeit der Gefahr eines Zusammenstoßes besteht?;Das Maschinenfahrzeug muss ausweichen.;Das Maschinenfahrzeug muss Kurs und Geschwindigkeit beibehalten.;Das Maschinenfahrzeug muss seine Fahrt verringern.;Das Maschinenfahrzeug muss vorsichtig manövrieren bis die Gefahr vorüber ist.;A;Schifffahrtszeichen & Fahrwasser;Zeichen / Betonnung;Schifffahrtszeichen und Fahrwasserinformationen interpretieren;false;SBFSEE-0128;see_specific;"Richtig.

Das Maschinenfahrzeug muss ausweichen. Im freien Seeraum muss das Maschinenfahrzeug einem Segelfahrzeug ausweichen, sofern keine speziellere Rangregel eingreift.";"Falsch.

Richtig ist: „Das Maschinenfahrzeug muss ausweichen.“

Im freien Seeraum muss das Maschinenfahrzeug einem Segelfahrzeug ausweichen, sofern keine speziellere Rangregel eingreift.";multiple_choice;Feedback erstellt
SBF-SEE-0129;129;SBF See;Lichter, Zeichen und Töne;See;Wie hat sich ein Maschinenfahrzeug im freien Seeraum oder außerhalb des Fahrwassers gegenüber einem in Sicht befindlichen manövrierunfähigen Fahrzeug zu verhalten, wenn die Möglichkeit der Gefahr eines Zusammenstoßes besteht?;Das Maschinenfahrzeug muss ausweichen.;Das Maschinenfahrzeug muss Kurs und Geschwindigkeit beibehalten.;Das Maschinenfahrzeug muss seinen Kurs nach Steuerbord ändern.;Das Maschinenfahrzeug muss seine Fahrt verringern.;A;Schifffahrtszeichen & Fahrwasser;Zeichen / Betonnung;Schifffahrtszeichen und Fahrwasserinformationen interpretieren;false;SBFSEE-0129;see_specific;"Richtig.

Das Maschinenfahrzeug muss ausweichen. Ein manövrierunfähiges Fahrzeug kann selbst nicht regelgerecht ausweichen und steht deshalb in der Rangordnung vor dem Maschinenfahrzeug.";"Falsch.

Richtig ist: „Das Maschinenfahrzeug muss ausweichen.“

Ein manövrierunfähiges Fahrzeug kann selbst nicht regelgerecht ausweichen und steht deshalb in der Rangordnung vor dem Maschinenfahrzeug.";multiple_choice;Feedback erstellt
SBF-SEE-0130;130;SBF See;Lichter, Zeichen und Töne;See;Wie hat sich ein Maschinenfahrzeug im freien Seeraum oder außerhalb des Fahrwassers gegenüber einem in Sicht befindlichen manövrierbehinderten Fahrzeug zu verhalten, wenn die Möglichkeit der Gefahr eines Zusammenstoßes besteht?;Das Maschinenfahrzeug muss ausweichen.;Das Maschinenfahrzeug muss Kurs und Geschwindigkeit beibehalten.;Das Maschinenfahrzeug muss seinen Kurs nach Steuerbord ändern.;Das Maschinenfahrzeug muss seine Fahrt verringern.;A;Schifffahrtszeichen & Fahrwasser;Zeichen / Betonnung;Schifffahrtszeichen und Fahrwasserinformationen interpretieren;false;SBFSEE-0130;see_specific;"Richtig.

Das Maschinenfahrzeug muss ausweichen. Die besondere Tätigkeit begrenzt die Manövrierfähigkeit; das normale Maschinenfahrzeug muss daher ausweichen.";"Falsch.

Richtig ist: „Das Maschinenfahrzeug muss ausweichen.“

Die besondere Tätigkeit begrenzt die Manövrierfähigkeit; das normale Maschinenfahrzeug muss daher ausweichen.";multiple_choice;Feedback erstellt
SBF-SEE-0131;131;SBF See;Lichter, Zeichen und Töne;See;Wie hat sich ein Maschinenfahrzeug im freien Seeraum oder außerhalb des Fahrwassers gegenüber einem in Sicht befindlichen fischenden Fahrzeug zu verhalten, wenn die Möglichkeit der Gefahr eines Zusammenstoßes besteht?;Das Maschinenfahrzeug muss ausweichen.;Das Maschinenfahrzeug muss Kurs und Geschwindigkeit beibehalten.;Das Maschinenfahrzeug muss seinen Kurs nach Steuerbord ändern.;Das Maschinenfahrzeug muss vorsichtig manövrieren, bis die Gefahr vorüber ist.;A;Schifffahrtszeichen & Fahrwasser;Zeichen / Betonnung;Schifffahrtszeichen und Fahrwasserinformationen interpretieren;false;SBFSEE-0131;see_specific;"Richtig.

Das Maschinenfahrzeug muss ausweichen. Fanggerät kann Kurs und Beweglichkeit eines fischenden Fahrzeugs erheblich beschränken; das Maschinenfahrzeug muss deshalb ausweichen.";"Falsch.

Richtig ist: „Das Maschinenfahrzeug muss ausweichen.“

Fanggerät kann Kurs und Beweglichkeit eines fischenden Fahrzeugs erheblich beschränken; das Maschinenfahrzeug muss deshalb ausweichen.";multiple_choice;Feedback erstellt
SBF-SEE-0132;132;SBF See;Lichter, Zeichen und Töne;See;Wie hat sich ein Segelfahrzeug im freien Seeraum oder außerhalb des Fahrwassers gegenüber einem in Sicht befindlichen fischenden Fahrzeug zu verhalten, wenn die Möglichkeit der Gefahr eines Zusammenstoßes besteht?;Das Segelfahrzeug muss ausweichen.;Das Segelfahrzeug muss seinen Kurs nach Steuerbord ändern.;Das Segelfahrzeug darf die sichere Durchfahrt nicht behindern.;Das Segelfahrzeug muss Kurs und Geschwindigkeit zunächst beibehalten.;A;Schifffahrtszeichen & Fahrwasser;Zeichen / Betonnung;Schifffahrtszeichen und Fahrwasserinformationen interpretieren;false;SBFSEE-0132;see_specific;"Richtig.

Das Segelfahrzeug muss ausweichen. Auch ein Segelfahrzeug muss einem fischenden Fahrzeug ausweichen, weil dessen Fangtätigkeit die Manövrierfähigkeit einschränkt.";"Falsch.

Richtig ist: „Das Segelfahrzeug muss ausweichen.“

Auch ein Segelfahrzeug muss einem fischenden Fahrzeug ausweichen, weil dessen Fangtätigkeit die Manövrierfähigkeit einschränkt.";multiple_choice;Feedback erstellt
SBF-SEE-0133;133;SBF See;Lichter, Zeichen und Töne;See;Wie muss man sich gegenüber diesem Fahrzeug verhalten?;Die sichere Durchfahrt des Fahrzeugs darf nicht behindert werden.;Das Fahrzeug muss an Steuerbord passiert werden.;Sog und Wellenschlag vermeiden.;Kurs und Geschwindigkeit beibehalten.;A;Allgemeine Seemannschaft;Grundlagen;Seemännische Grundlagen sicher anwenden;true;SBFSEE-0133;see_specific;"Richtig.

Die sichere Durchfahrt des Fahrzeugs darf nicht behindert werden. Das besonders gekennzeichnete Fahrzeug ist auf eine freie und sichere Durchfahrt angewiesen. Andere Fahrzeuge dürfen seinen Verkehrsraum deshalb nicht einengen oder sein Manöver erzwingen.";"Falsch.

Richtig ist: „Die sichere Durchfahrt des Fahrzeugs darf nicht behindert werden.“

Das besonders gekennzeichnete Fahrzeug ist auf eine freie und sichere Durchfahrt angewiesen. Andere Fahrzeuge dürfen seinen Verkehrsraum deshalb nicht einengen oder sein Manöver erzwingen.";multiple_choice;Feedback erstellt
SBF-SEE-0134;134;SBF See;Lichter, Zeichen und Töne;See;Wie muss man sich gegenüber diesem Fahrzeug verhalten?;Die sichere Durchfahrt des Fahrzeugs darf nicht behindert werden.;Das Fahrzeug muss an Steuerbord passiert werden.;Sog und Wellenschlag vermeiden.;Kurs und Geschwindigkeit beibehalten.;A;Allgemeine Seemannschaft;Grundlagen;Seemännische Grundlagen sicher anwenden;true;SBFSEE-0134;see_specific;"Richtig.

Die sichere Durchfahrt des Fahrzeugs darf nicht behindert werden. Das besonders gekennzeichnete Fahrzeug ist auf eine freie und sichere Durchfahrt angewiesen. Andere Fahrzeuge dürfen seinen Verkehrsraum deshalb nicht einengen oder sein Manöver erzwingen.";"Falsch.

Richtig ist: „Die sichere Durchfahrt des Fahrzeugs darf nicht behindert werden.“

Das besonders gekennzeichnete Fahrzeug ist auf eine freie und sichere Durchfahrt angewiesen. Andere Fahrzeuge dürfen seinen Verkehrsraum deshalb nicht einengen oder sein Manöver erzwingen.";multiple_choice;Feedback erstellt
SBF-SEE-0135;135;SBF See;Lichter, Zeichen und Töne;See;Wie verhält sich der Kurshaltepflichtige vor Einleitung des Manövers des letzten Augenblicks gegenüber einem ausweichpflichtigen Fahrzeug?;Kurs und Geschwindigkeit zunächst beibehalten und dem Ausweichpflichtigen besondere Aufmerksamkeit widmen.;Kurs oder Geschwindigkeit anpassen und dem Ausweichpflichtigen besondere Aufmerksamkeit widmen.;Kurs nach Steuerbord ändern. Geschwindigkeit verringern und dem Ausweichpflichtigen besondere Aufmerksamkeit widmen.;Kurs nach Steuerbord ändern, Geschwindigkeit zunächst beibehalten und dem Ausweichpflichtigen besondere Aufmerksamkeit widmen.;A;Ausweichregeln;KVR / Kollisionsvermeidung;Kollisionslage beurteilen und richtige Maßnahme wählen;false;SBFSEE-0135;see_specific;"Richtig.

Kurs und Geschwindigkeit zunächst beibehalten und dem Ausweichpflichtigen besondere Aufmerksamkeit widmen. Der Kurshalter bleibt zunächst berechenbar, beobachtet den Ausweichpflichtigen aber besonders aufmerksam und muss bei Bedarf rechtzeitig eingreifen.";"Falsch.

Richtig ist: „Kurs und Geschwindigkeit zunächst beibehalten und dem Ausweichpflichtigen besondere Aufmerksamkeit widmen.“

Der Kurshalter bleibt zunächst berechenbar, beobachtet den Ausweichpflichtigen aber besonders aufmerksam und muss bei Bedarf rechtzeitig eingreifen.";multiple_choice;Feedback erstellt
SBF-SEE-0136;136;SBF See;Lichter, Zeichen und Töne;See;Wie muss sich ein Ausweichpflichtiger gegenüber einem Kurshalter verhalten?;Das Ausweichmanöver muss frühzeitig, durchgreifend und klar erkennbar durchgeführt werden.;Der Kurs muss bei Annäherung an den Kurshalter Schritt für Schritt so angepasst werden, dass das Heck des Anderen sicher umfahren wird.;Das Manöver des letzten Augenblicks ist durchzuführen. Es muss so ausgewichen werden, wie es zur Vermeidung eines Zusammenstoßes am dienlichsten ist.;"Die Fahrt ist auf das für die Steuerfähigkeit erforderliche Mindestmaß zu reduzieren; im Zweifelsfall muss ganz aufgestoppt werden.";A;Ausweichregeln;KVR / Kollisionsvermeidung;Kollisionslage beurteilen und richtige Maßnahme wählen;false;SBFSEE-0136;see_specific;"Richtig.

Das Ausweichmanöver muss frühzeitig, durchgreifend und klar erkennbar durchgeführt werden. Eine frühe und deutliche Kurs- oder Geschwindigkeitsänderung macht die Absicht für den Kurshalter erkennbar und schafft sicheren Abstand.";"Falsch.

Richtig ist: „Das Ausweichmanöver muss frühzeitig, durchgreifend und klar erkennbar durchgeführt werden.“

Eine frühe und deutliche Kurs- oder Geschwindigkeitsänderung macht die Absicht für den Kurshalter erkennbar und schafft sicheren Abstand.";multiple_choice;Feedback erstellt
SBF-SEE-0137;137;SBF See;Lichter, Zeichen und Töne;See;Wie hat sich ein überholendes Fahrzeug zu verhalten?;Es hat dem zu überholenden Fahrzeug auszuweichen.;Es muss den größtmöglichen Abstand zum überholten Fahrzeug einhalten und Sog und Wellenschlag vermeiden.;Es darf die sichere Durchfahrt des zu überholenden Fahrzeugs nicht behindern.;Es muss vor dem Überholen ein Schallsignal abgeben, um die Zustimmung des zu überholenden Fahrzeugs einzuholen.;A;Ausweichregeln;KVR / Kollisionsvermeidung;Kollisionslage beurteilen und richtige Maßnahme wählen;false;SBFSEE-0137;see_specific;"Richtig.

Es hat dem zu überholenden Fahrzeug auszuweichen. Die Überholpflicht bleibt während des gesamten Überholvorgangs beim Überholer, bis er endgültig klar passiert hat.";"Falsch.

Richtig ist: „Es hat dem zu überholenden Fahrzeug auszuweichen.“

Die Überholpflicht bleibt während des gesamten Überholvorgangs beim Überholer, bis er endgültig klar passiert hat.";multiple_choice;Feedback erstellt
SBF-SEE-0138;138;SBF See;Lichter, Zeichen und Töne;See;Wie hat man sich zu verhalten, wenn man bei verminderter Sicht anscheinend vorlicher als querab das Schallsignal eines anderen Fahrzeugs hört?;Es ist ebenfalls ein Schallsignal abzugeben und die Fahrt soweit zu verlangsamen, dass die Steuerfähigkeit noch erhalten bleibt. Erforderlichenfalls ist ganz aufzustoppen. In jedem Fall ist vorsichtig zu manövrieren, bis die Gefahr eines Zusammenstoßes vorüber ist.;Es ist ebenfalls ein Schallsignal abzugeben und frühzeitig, durchgreifend und klar erkennbar auszuweichen.;Es sind mindestens fünf kurze Töne mit der Pfeife abzugeben und das Manöver des letzten Augenblicks durchzuführen. Dabei ist so zu manövrieren, wie es zur Vermeidung eines Zusammenstoßes am dienlichsten ist.;Es ist ebenfalls ein Schallsignal abzugeben. Kurs und Geschwindigkeit sind so lange beizubehalten, bis das andere Fahrzeug in Sicht kommt. Dann ist die Ausweichsituation nach KVR zu prüfen und man muss sich entsprechend verhalten.;A;Lichter, Zeichen & Schallsignale;Fahrzeug- und Verkehrssignale;Signale erkennen und Bedeutung zuordnen;false;SBFSEE-0138;see_specific;"Richtig.

Es ist ebenfalls ein Schallsignal abzugeben und die Fahrt soweit zu verlangsamen, dass die Steuerfähigkeit noch erhalten bleibt. Erforderlichenfalls ist ganz aufzustoppen. In jedem Fall ist vorsichtig zu manövrieren, bis die Gefahr eines Zusammenstoßes vorüber ist. Bei einem vorausliegenden Nebelsignal muss die Geschwindigkeit sofort bis zur sicheren Manövrierfähigkeit verringert und notfalls aufgestoppt werden.";"Falsch.

Richtig ist: „Es ist ebenfalls ein Schallsignal abzugeben und die Fahrt soweit zu verlangsamen, dass die Steuerfähigkeit noch erhalten bleibt. Erforderlichenfalls ist ganz aufzustoppen. In jedem Fall ist vorsichtig zu manövrieren, bis die Gefahr eines Zusammenstoßes vorüber ist.“

Bei einem vorausliegenden Nebelsignal muss die Geschwindigkeit sofort bis zur sicheren Manövrierfähigkeit verringert und notfalls aufgestoppt werden.";multiple_choice;Feedback erstellt
SBF-SEE-0139;139;SBF See;Lichter, Zeichen und Töne;See;Wie verhält man sich als Kurshalter, wenn man feststellt, dass ein anderes Fahrzeug seiner Ausweichpflicht nicht nachkommt und die Gefahr einer unmittelbaren Kollision bevorsteht?;"Man gibt mindestens fünf kurze Töne mit der Pfeife ab und führt das ""Manöver des letzten Augenblicks"" durch. Dabei ist so zu manövrieren, wie es zur Vermeidung eines Zusammenstoßes am dienlichsten ist.";Man gibt ein Schallsignal (vier kurze Töne) ab und verlangsamt die Fahrt soweit, dass die Steuerfähigkeit noch erhalten bleibt. Erforderlichenfalls ist ganz aufzustoppen. In jedem Fall ist vorsichtig zu manövrieren, bis die Gefahr eines Zusammenstoßes vorüber ist.;Man gibt mindestens fünf kurze Töne mit der Pfeife ab und reduziert die Geschwindigkeit, um Sog und Wellenschlag zu vermeiden.;Man behält Kurs und Geschwindigkeit zunächst bei und widmet dem Ausweichpflichtigen besondere Aufmerksamkeit.;A;Ausweichregeln;KVR / Kollisionsvermeidung;Kollisionslage beurteilen und richtige Maßnahme wählen;false;SBFSEE-0139;see_specific;"Richtig.

Man gibt mindestens fünf kurze Töne mit der Pfeife ab und führt das ""Manöver des letzten Augenblicks"" durch. Dabei ist so zu manövrieren, wie es zur Vermeidung eines Zusammenstoßes am dienlichsten ist. Fünf kurze Töne warnen vor Zweifel oder Gefahr; bei unmittelbar drohender Kollision muss der Kurshalter anschließend das wirksamste eigene Ausweichmanöver fahren.";"Falsch.

Richtig ist: „Man gibt mindestens fünf kurze Töne mit der Pfeife ab und führt das ""Manöver des letzten Augenblicks"" durch. Dabei ist so zu manövrieren, wie es zur Vermeidung eines Zusammenstoßes am dienlichsten ist.“

Fünf kurze Töne warnen vor Zweifel oder Gefahr; bei unmittelbar drohender Kollision muss der Kurshalter anschließend das wirksamste eigene Ausweichmanöver fahren.";multiple_choice;Feedback erstellt
SBF-SEE-0140;140;SBF See;Lichter, Zeichen und Töne;See;Welche Bedeutung hat folgendes Schallsignal? (mindestens );Ein ausweichpflichtiges Fahrzeug wird auf seine Ausweichpflicht aufmerksam gemacht.;Allgemeines Gefahren- und Warnsignal.;Bleib-Weg-Signal, Explosionsgefahr durch gefährliche Güter. Sofort den Gefahrenbereich verlassen. Feuer und Zündfunken vermeiden.;Seeschifffahrtsstraße gesperrt. Weiterfahrt verboten, sofort aufstoppen.;A;Lichter, Zeichen & Schallsignale;Fahrzeug- und Verkehrssignale;Signale erkennen und Bedeutung zuordnen;true;SBFSEE-0140;see_specific;"Richtig.

Ein ausweichpflichtiges Fahrzeug wird auf seine Ausweichpflicht aufmerksam gemacht. Das Signal bedeutet: Ein ausweichpflichtiges Fahrzeug wird auf seine Ausweichpflicht aufmerksam gemacht. Es dient der unmittelbaren Warnung, wenn das Verhalten eines anderen Fahrzeugs Zweifel oder Gefahr verursacht.";"Falsch.

Richtig ist: „Ein ausweichpflichtiges Fahrzeug wird auf seine Ausweichpflicht aufmerksam gemacht.“

Das Signal bedeutet: Ein ausweichpflichtiges Fahrzeug wird auf seine Ausweichpflicht aufmerksam gemacht. Es dient der unmittelbaren Warnung, wenn das Verhalten eines anderen Fahrzeugs Zweifel oder Gefahr verursacht.";multiple_choice;Feedback erstellt
SBF-SEE-0141;141;SBF See;Lichter, Zeichen und Töne;See;Welche Bedeutung hat folgendes Schallsignal?;Ein Ankerlieger macht ein sich näherndes Fahrzeug auf eine gefährliche Annäherung aufmerksam.;Die Maschine des Fahrzeugs läuft rückwärts.;"Schutzbedürftige Anlage; Geschwindigkeit reduzieren, Sog und Wellenschlag vermeiden.";Maschinenfahrzeug, das seine Maschinen gestoppt hat und keine Fahrt durchs Wasser macht.;A;Lichter, Zeichen & Schallsignale;Fahrzeug- und Verkehrssignale;Signale erkennen und Bedeutung zuordnen;true;SBFSEE-0141;see_specific;"Richtig.

Ein Ankerlieger macht ein sich näherndes Fahrzeug auf eine gefährliche Annäherung aufmerksam. Das Signal bedeutet: Ein Ankerlieger macht ein sich näherndes Fahrzeug auf eine gefährliche Annäherung aufmerksam. Es dient der unmittelbaren Warnung, wenn das Verhalten eines anderen Fahrzeugs Zweifel oder Gefahr verursacht.";"Falsch.

Richtig ist: „Ein Ankerlieger macht ein sich näherndes Fahrzeug auf eine gefährliche Annäherung aufmerksam.“

Das Signal bedeutet: Ein Ankerlieger macht ein sich näherndes Fahrzeug auf eine gefährliche Annäherung aufmerksam. Es dient der unmittelbaren Warnung, wenn das Verhalten eines anderen Fahrzeugs Zweifel oder Gefahr verursacht.";multiple_choice;Feedback erstellt
SBF-SEE-0142;142;SBF See;Lichter, Zeichen und Töne;See;Was ist bei der Benutzung eines Verkehrstrennungsgebietes zu beachten?;Auf dem entsprechenden Einbahnweg in der allgemeinen Verkehrsrichtung fahren, soweit wie möglich von der Trennzone/ Trennlinie klar halten, in der Regel an den Enden des Einbahnweges ein- oder auslaufen, seitliches Ein- oder Auslaufen in möglichst kleinem Winkel zur allgemeinen Verkehrsrichtung.;Auf dem entsprechenden Einbahnweg in Verkehrsrichtung links von der Trennzone fahren, so nah wie möglich an der Trennzone/Trennlinie fahren, in der Regel an den Enden des Einbahnweges ein- oder auslaufen, seitliches Ein- oder Auslaufen in möglichst rechtem Winkel zur allgemeinen Verkehrsrichtung.;Die Benutzung von Verkehrstrennungsgebieten ist für Segelfahrzeuge sowie für Maschinenfahrzeuge unter 20 m Länge nicht gestattet. Diese Fahrzeuge haben sich soweit wie möglich von Verkehrstrennungsgebieten klar zu halten und müssen durch ihren Kurs klar zu erkennen geben, dass sie ein Verkehrstrennungsgebiet nicht benutzen.;Auf den entsprechenden Einbahnwegen in der allgemeinen Verkehrsrichtung fahrende Fahrzeuge müssen sich soweit wie möglich von der Trennzone/Trennlinie klar halten und haben Vorfahrt gegenüber allen Fahrzeugen, die in ein Verkehrstrennungsgebiet einlaufen oder ein solches queren.;A;Ausweichregeln;KVR / Kollisionsvermeidung;Kollisionslage beurteilen und richtige Maßnahme wählen;false;SBFSEE-0142;see_specific;"Richtig.

Auf dem entsprechenden Einbahnweg in der allgemeinen Verkehrsrichtung fahren, soweit wie möglich von der Trennzone/ Trennlinie klar halten, in der Regel an den Enden des Einbahnweges ein- oder auslaufen, seitliches Ein- oder Auslaufen in möglichst kleinem Winkel zur allgemeinen Verkehrsrichtung. Einbahnrichtung, Abstand zur Trennzone und flache Ein- oder Auslaufwinkel machen Bewegungen im Verkehrstrennungsgebiet vorhersehbar.";"Falsch.

Richtig ist: „Auf dem entsprechenden Einbahnweg in der allgemeinen Verkehrsrichtung fahren, soweit wie möglich von der Trennzone/ Trennlinie klar halten, in der Regel an den Enden des Einbahnweges ein- oder auslaufen, seitliches Ein- oder Auslaufen in möglichst kleinem Winkel zur allgemeinen Verkehrsrichtung.“

Einbahnrichtung, Abstand zur Trennzone und flache Ein- oder Auslaufwinkel machen Bewegungen im Verkehrstrennungsgebiet vorhersehbar.";multiple_choice;Feedback erstellt
SBF-SEE-0143;143;SBF See;Lichter, Zeichen und Töne;See;Was ist hinsichtlich des Querens eines Verkehrstrennungsgebietes zu beachten?;Das Queren ist möglichst zu vermeiden. Falls gequert werden muss, hat dies möglichst mit der Kielrichtung im rechten Winkel zur allgemeinen Verkehrsrichtung zu erfolgen. Die Kielrichtung des querenden Fahrzeugs muss auch dann einen rechten Winkel zur allgemeinen Verkehrsrichtung bilden, wenn das Fahrzeug durch Wind oder Strom versetzt wird.;Das Queren ist möglichst zu vermeiden. Falls gequert werden muss, hat dies möglichst mit einem rechtweisenden Kurs zur allgemeinen Verkehrsrichtung zu erfolgen. Der rechtweisende Kurs des querenden Fahrzeugs muss auch dann einen rechten Winkel zur allgemeinen Verkehrsrichtung bilden, wenn das Fahrzeug durch Wind oder Strom versetzt wird.;Das Queren von Verkehrstrennungsgebieten ist für Segelfahrzeuge sowie für Maschinenfahrzeuge unter 20 m Länge verboten. Diese Fahrzeuge haben sich soweit wie möglich von den Enden der Verkehrstrennungsgebiete klar zu halten und müssen durch ihren Kurs zu erkennen geben, dass sie ein Verkehrstrennungsgebiet nicht queren.;Das Queren ist möglichst zu vermeiden. Falls gequert werden muss, hat dies mit der Kielrichtung in einem möglichst spitzen Winkel zur allgemeinen Verkehrsrichtung zu erfolgen. Die Kielrichtung des querenden Fahrzeugs muss auch dann einen möglichst spitzen Winkel zur allgemeinen Verkehrsrichtung bilden, wenn das Fahrzeug durch Wind oder Strom versetzt wird.;A;Ausweichregeln;KVR / Kollisionsvermeidung;Kollisionslage beurteilen und richtige Maßnahme wählen;false;SBFSEE-0143;see_specific;"Richtig.

Das Queren ist möglichst zu vermeiden. Falls gequert werden muss, hat dies möglichst mit der Kielrichtung im rechten Winkel zur allgemeinen Verkehrsrichtung zu erfolgen. Die Kielrichtung des querenden Fahrzeugs muss auch dann einen rechten Winkel zur allgemeinen Verkehrsrichtung bilden, wenn das Fahrzeug durch Wind oder Strom versetzt wird. Der rechte Winkel bezieht sich auf die Kielrichtung, nicht auf den Kurs über Grund; Wind- oder Stromversetzung ändert diese Vorgabe nicht.";"Falsch.

Richtig ist: „Das Queren ist möglichst zu vermeiden. Falls gequert werden muss, hat dies möglichst mit der Kielrichtung im rechten Winkel zur allgemeinen Verkehrsrichtung zu erfolgen. Die Kielrichtung des querenden Fahrzeugs muss auch dann einen rechten Winkel zur allgemeinen Verkehrsrichtung bilden, wenn das Fahrzeug durch Wind oder Strom versetzt wird.“

Der rechte Winkel bezieht sich auf die Kielrichtung, nicht auf den Kurs über Grund; Wind- oder Stromversetzung ändert diese Vorgabe nicht.";multiple_choice;Feedback erstellt
SBF-SEE-0144;144;SBF See;Lichter, Zeichen und Töne;See;In welcher Vorschrift findet man die Regeln zum Befahren von Verkehrstrennungsgebieten?;In den Kollisionsverhütungsregeln.;In der Seeschifffahrtsstraßen-Ordnung.;In den Kollisionsverhütungsregeln und der Seeschifffahrtsstraßen-Ordnung.;"In den ""Bekanntmachungen der Generaldirektion Wasserstraßen und Schifffahrt (GDWS)"".";A;Ausweichregeln;KVR / Kollisionsvermeidung;Kollisionslage beurteilen und richtige Maßnahme wählen;false;SBFSEE-0144;see_specific;"Richtig.

In den Kollisionsverhütungsregeln. Verkehrstrennungsgebiete werden international durch die KVR geregelt; dort gelten besondere Regeln für Einbahnwege, Queren und die Trennzone.";"Falsch.

Richtig ist: „In den Kollisionsverhütungsregeln.“

Verkehrstrennungsgebiete werden international durch die KVR geregelt; dort gelten besondere Regeln für Einbahnwege, Queren und die Trennzone.";multiple_choice;Feedback erstellt
SBF-SEE-0145;145;SBF See;Lichter, Zeichen und Töne;See;Wie hat sich ein Maschinenfahrzeug bei Kollisionsgefahr in einem Einbahnweg eines Verkehrstrennungsgebietes gegenüber einem Maschinenfahrzeug zu verhalten, das den Einbahnweg von Steuerbord kommend quert?;Es muss dem anderen Fahrzeug ausweichen.;Es darf die sichere Durchfahrt des Maschinenfahrzeugs nicht behindern.;Dem querenden Fahrzeug hat es besondere Aufmerksamkeit zu widmen.;Es muss das Manöver des letzten Augenblicks durchführen.;A;Ausweichregeln;KVR / Kollisionsvermeidung;Kollisionslage beurteilen und richtige Maßnahme wählen;false;SBFSEE-0145;see_specific;"Richtig.

Es muss dem anderen Fahrzeug ausweichen. Auch im Einbahnweg gilt bei Kollisionsgefahr zwischen Maschinenfahrzeugen die Kreuzkursregel: Wer den anderen an Steuerbord hat, weicht aus.";"Falsch.

Richtig ist: „Es muss dem anderen Fahrzeug ausweichen.“

Auch im Einbahnweg gilt bei Kollisionsgefahr zwischen Maschinenfahrzeugen die Kreuzkursregel: Wer den anderen an Steuerbord hat, weicht aus.";multiple_choice;Feedback erstellt
SBF-SEE-0146;146;SBF See;Lichter, Zeichen und Töne;See;Wie hat sich ein Segelfahrzeug beim Queren eines Verkehrstrennungsgebietes gegenüber einem Maschinenfahrzeug zu verhalten, das auf einem Einbahnweg in der allgemeinen Verkehrsrichtung fährt?;Es darf die sichere Durchfahrt des Maschinenfahrzeugs nicht behindern.;Es unterliegt der Kurshaltepflicht. Kurs und Geschwindigkeit sind beizubehalten.;Es muss warten. Alle dem Einbahnweg folgenden Fahrzeuge haben Vorfahrt.;Es hat Vorfahrt. Alle dem Einbahnweg folgenden Fahrzeuge müssen warten.;A;Ausweichregeln;KVR / Kollisionsvermeidung;Kollisionslage beurteilen und richtige Maßnahme wählen;false;SBFSEE-0146;see_specific;"Richtig.

Es darf die sichere Durchfahrt des Maschinenfahrzeugs nicht behindern. Beim Queren darf ein Segelfahrzeug den geordneten Verkehrsfluss eines dem Einbahnweg folgenden Maschinenfahrzeugs nicht beeinträchtigen.";"Falsch.

Richtig ist: „Es darf die sichere Durchfahrt des Maschinenfahrzeugs nicht behindern.“

Beim Queren darf ein Segelfahrzeug den geordneten Verkehrsfluss eines dem Einbahnweg folgenden Maschinenfahrzeugs nicht beeinträchtigen.";multiple_choice;Feedback erstellt
SBF-SEE-0147;147;SBF See;Lichter, Zeichen und Töne;See;Wie haben sich Fahrzeuge von weniger als 20 m Länge oder Segelfahrzeuge in Verkehrstrennungsgebieten zu verhalten?;Sie dürfen die sichere Durchfahrt eines dem Einbahnweg folgenden Maschinenfahrzeugs nicht behindern.;Sie gelten als Kleinfahrzeuge und dürfen Verkehrstrennungsgebiete nicht befahren.;Sie gelten als Kleinfahrzeuge und dürfen Verkehrstrennungsgebiete nur am Tage und bei guter Sicht befahren.;Sie dürfen die Trennzone befahren, damit der durchgehende Verkehr nicht behindert wird.;A;Ausweichregeln;KVR / Kollisionsvermeidung;Kollisionslage beurteilen und richtige Maßnahme wählen;false;SBFSEE-0147;see_specific;"Richtig.

Sie dürfen die sichere Durchfahrt eines dem Einbahnweg folgenden Maschinenfahrzeugs nicht behindern. Kleine Fahrzeuge und Segelfahrzeuge müssen sich aus dem Verkehrsfluss der dem Einbahnweg folgenden Maschinenfahrzeuge heraushalten.";"Falsch.

Richtig ist: „Sie dürfen die sichere Durchfahrt eines dem Einbahnweg folgenden Maschinenfahrzeugs nicht behindern.“

Kleine Fahrzeuge und Segelfahrzeuge müssen sich aus dem Verkehrsfluss der dem Einbahnweg folgenden Maschinenfahrzeuge heraushalten.";multiple_choice;Feedback erstellt
SBF-SEE-0148;148;SBF See;Lichter, Zeichen und Töne;See;Was ist das für ein Fahrzeug und was ist zu beachten?;Ein manövrierbehindertes Fahrzeug, das baggert oder Unterwasserarbeiten ausführt und dabei die Schifffahrt behindert. Es ist an der Seite zu passieren, an der zwei schwarze Rhomben senkrecht übereinander angeordnet sind.;Ein manövrierbehindertes Fahrzeug, das die Schifffahrt behindert. Es ist an der Seite zu passieren, an der zwei schwarze Bälle senkrecht übereinander angeordnet sind.;Ein manövrierbehindertes Fahrzeug, das baggert oder Unterwasserarbeiten ausführt und dabei die Schifffahrt behindert. Es ist an der Seite zu passieren, die in meiner Fahrtrichtung rechts liegt.;Ein manövrierbehindertes Fahrzeug, das baggert oder Unterwasserarbeiten ausführt und dabei die Schifffahrt behindert. Es darf an keiner Seite passiert werden.;A;Allgemeine Seemannschaft;Grundlagen;Seemännische Grundlagen sicher anwenden;false;SBFSEE-0148;see_specific;"Richtig.

Ein manövrierbehindertes Fahrzeug, das baggert oder Unterwasserarbeiten ausführt und dabei die Schifffahrt behindert. Es ist an der Seite zu passieren, an der zwei schwarze Rhomben senkrecht übereinander angeordnet sind. Das Fahrzeug ist anhand seiner besonderen Lichter oder Signalkörper als ein manövrierbehindertes fahrzeug, das baggert oder unterwasserarbeiten ausführt und dabei die schifffahrt behindert zu erkennen. Die freigegebene Passierseite wird durch Rhomben beziehungsweise grüne Rundumlichter angezeigt; die gesperrte Seite darf nicht benutzt werden.";"Falsch.

Richtig ist: „Ein manövrierbehindertes Fahrzeug, das baggert oder Unterwasserarbeiten ausführt und dabei die Schifffahrt behindert. Es ist an der Seite zu passieren, an der zwei schwarze Rhomben senkrecht übereinander angeordnet sind.“

Das Fahrzeug ist anhand seiner besonderen Lichter oder Signalkörper als ein manövrierbehindertes fahrzeug, das baggert oder unterwasserarbeiten ausführt und dabei die schifffahrt behindert zu erkennen. Die freigegebene Passierseite wird durch Rhomben beziehungsweise grüne Rundumlichter angezeigt; die gesperrte Seite darf nicht benutzt werden.";multiple_choice;Feedback erstellt
SBF-SEE-0149;149;SBF See;Lichter, Zeichen und Töne;See;Was ist das für ein Fahrzeug und was ist zu beachten?;Ein manövrierbehindertes Fahrzeug mit Fahrt durchs Wasser, das baggert oder Unterwasserarbeiten ausführt und dabei die Schifffahrt nicht behindert. Es ist an der Seite zu passieren, die in Fahrtrichtung rechts liegt.;Ein manövrierbehindertes Fahrzeug mit Fahrt durchs Wasser, das baggert oder Unterwasserarbeiten ausführt und dabei die Schifffahrt behindert. Es ist an der Seite zu passieren, die in Fahrtrichtung links liegt.;Ein manövrierunfähiges Fahrzeug mit Fahrt durchs Wasser, das baggert oder Unterwasserarbeiten ausführt und dabei die Schifffahrt behindert. Es ist an der Seite zu passieren, die in Fahrtrichtung rechts liegt.;Ein manövrierbehindertes Fahrzeug mit Fahrt durchs Wasser, das baggert oder Unterwasserarbeiten ausführt und dabei die Schifffahrt behindert. Es darf an beiden Seiten passiert werden.;A;Allgemeine Seemannschaft;Grundlagen;Seemännische Grundlagen sicher anwenden;true;SBFSEE-0149;see_specific;"Richtig.

Ein manövrierbehindertes Fahrzeug mit Fahrt durchs Wasser, das baggert oder Unterwasserarbeiten ausführt und dabei die Schifffahrt nicht behindert. Es ist an der Seite zu passieren, die in Fahrtrichtung rechts liegt. Das Fahrzeug ist anhand seiner besonderen Lichter oder Signalkörper als ein manövrierbehindertes fahrzeug mit fahrt durchs wasser, das baggert oder unterwasserarbeiten ausführt und dabei die schifffahrt nicht behindert zu erkennen. Die freigegebene Passierseite wird durch Rhomben beziehungsweise grüne Rundumlichter angezeigt; die gesperrte Seite darf nicht benutzt werden.";"Falsch.

Richtig ist: „Ein manövrierbehindertes Fahrzeug mit Fahrt durchs Wasser, das baggert oder Unterwasserarbeiten ausführt und dabei die Schifffahrt nicht behindert. Es ist an der Seite zu passieren, die in Fahrtrichtung rechts liegt.“

Das Fahrzeug ist anhand seiner besonderen Lichter oder Signalkörper als ein manövrierbehindertes fahrzeug mit fahrt durchs wasser, das baggert oder unterwasserarbeiten ausführt und dabei die schifffahrt nicht behindert zu erkennen. Die freigegebene Passierseite wird durch Rhomben beziehungsweise grüne Rundumlichter angezeigt; die gesperrte Seite darf nicht benutzt werden.";multiple_choice;Feedback erstellt
SBF-SEE-0150;150;SBF See;Lichter, Zeichen und Töne;See;Was ist das für ein Fahrzeug und was ist zu beachten?;Ein manövrierbehindertes Fahrzeug ohne Fahrt durchs Wasser, das baggert oder Unterwasserarbeiten ausführt und dabei die Schifffahrt behindert. Es ist an der Seite zu passieren, an der zwei grüne Rundumlichter senkrecht übereinander angeordnet sind.;Ein manövrierbehindertes Fahrzeug ohne Fahrt durchs Wasser, das die Schifffahrt behindert. Es ist an der Seite zu passieren, an der zwei rote Rundumlichter senkrecht übereinander angeordnet sind.;Ein manövrierbehindertes Fahrzeug ohne Fahrt durchs Wasser, das baggert oder Unterwasserarbeiten ausführt und dabei die Schifffahrt behindert. Es ist an der Seite zu passieren, die in Fahrtrichtung links liegt.;Ein manövrierbehindertes Fahrzeug ohne Fahrt durchs Wasser, das baggert oder Unterwasserarbeiten ausführt und dabei die Schifffahrt behindert. Es ist an der Steuerbordseite des Fahrwassers (Rechtsfahrgebot) zu passieren.;A;Allgemeine Seemannschaft;Grundlagen;Seemännische Grundlagen sicher anwenden;true;SBFSEE-0150;see_specific;"Richtig.

Ein manövrierbehindertes Fahrzeug ohne Fahrt durchs Wasser, das baggert oder Unterwasserarbeiten ausführt und dabei die Schifffahrt behindert. Es ist an der Seite zu passieren, an der zwei grüne Rundumlichter senkrecht übereinander angeordnet sind. Das Fahrzeug ist anhand seiner besonderen Lichter oder Signalkörper als ein manövrierbehindertes fahrzeug ohne fahrt durchs wasser, das baggert oder unterwasserarbeiten ausführt und dabei die schifffahrt behindert zu erkennen. Die freigegebene Passierseite wird durch Rhomben beziehungsweise grüne Rundumlichter angezeigt; die gesperrte Seite darf nicht benutzt werden.";"Falsch.

Richtig ist: „Ein manövrierbehindertes Fahrzeug ohne Fahrt durchs Wasser, das baggert oder Unterwasserarbeiten ausführt und dabei die Schifffahrt behindert. Es ist an der Seite zu passieren, an der zwei grüne Rundumlichter senkrecht übereinander angeordnet sind.“

Das Fahrzeug ist anhand seiner besonderen Lichter oder Signalkörper als ein manövrierbehindertes fahrzeug ohne fahrt durchs wasser, das baggert oder unterwasserarbeiten ausführt und dabei die schifffahrt behindert zu erkennen. Die freigegebene Passierseite wird durch Rhomben beziehungsweise grüne Rundumlichter angezeigt; die gesperrte Seite darf nicht benutzt werden.";multiple_choice;Feedback erstellt
SBF-SEE-0151;151;SBF See;Lichter, Zeichen und Töne;See;Was ist das für ein Fahrzeug und was ist zu beachten?;Fahrzeug mit gefährlichen Gütern, Abstand halten, Rauchen und offenes Feuer verboten.;Fahrzeug des öffentlichen Dienstes. Es darf von den Verkehrsregeln abweichen.;Fahrzeug in Seenot. Hilfe leisten bzw. weitere Hilfe anfordern.;Fahrzeug mit Taucher im Einsatz. Großen Abstand halten.;A;Allgemeine Seemannschaft;Grundlagen;Seemännische Grundlagen sicher anwenden;true;SBFSEE-0151;see_specific;"Richtig.

Fahrzeug mit gefährlichen Gütern, Abstand halten, Rauchen und offenes Feuer verboten. Die besondere Kennzeichnung bedeutet: Fahrzeug mit gefährlichen Gütern, Abstand halten, Rauchen und offenes Feuer verboten. Wegen des Einsatzes oder der Gefahr ist frühzeitig Abstand zu halten und das eigene Manöver eindeutig darauf abzustimmen.";"Falsch.

Richtig ist: „Fahrzeug mit gefährlichen Gütern, Abstand halten, Rauchen und offenes Feuer verboten.“

Die besondere Kennzeichnung bedeutet: Fahrzeug mit gefährlichen Gütern, Abstand halten, Rauchen und offenes Feuer verboten. Wegen des Einsatzes oder der Gefahr ist frühzeitig Abstand zu halten und das eigene Manöver eindeutig darauf abzustimmen.";multiple_choice;Feedback erstellt
SBF-SEE-0152;152;SBF See;Lichter, Zeichen und Töne;See;Wo ist festgelegt, welche Wasserflächen Seeschifffahrtsstraßen sind?;Seeschifffahrtsstraßen-Ordnung und Schifffahrtsordnung Emsmündung.;Seeschifffahrtsstraßen-Ordnung und Kollisionsverhütungsregeln.;Kollisionsverhütungsregeln und Schifffahrtsordnung Emsmündung.;Kollisionsverhütungsregeln und Seeaufgabengesetz.;A;Vorschriften & Pflichten;KVR / SeeSchStrO / Verantwortung;Regeln und Verantwortlichkeiten korrekt anwenden;false;SBFSEE-0152;see_specific;"Richtig.

Seeschifffahrtsstraßen-Ordnung und Schifffahrtsordnung Emsmündung. Die besondere Kennzeichnung bedeutet: Seeschifffahrtsstraßen-Ordnung und Schifffahrtsordnung Emsmündung. Wegen des Einsatzes oder der Gefahr ist frühzeitig Abstand zu halten und das eigene Manöver eindeutig darauf abzustimmen.";"Falsch.

Richtig ist: „Seeschifffahrtsstraßen-Ordnung und Schifffahrtsordnung Emsmündung.“

Die besondere Kennzeichnung bedeutet: Seeschifffahrtsstraßen-Ordnung und Schifffahrtsordnung Emsmündung. Wegen des Einsatzes oder der Gefahr ist frühzeitig Abstand zu halten und das eigene Manöver eindeutig darauf abzustimmen.";multiple_choice;Feedback erstellt
SBF-SEE-0153;153;SBF See;Lichter, Zeichen und Töne;See;Welche örtlichen Sondervorschriften zusätzlich zur Seeschifffahrtsstraßen-Ordnung (SeeSchStrO) und zur Schifffahrtsordnung Emsmündung (EmsSchO) gibt es und was ist darin geregelt?;Die Bekanntmachungen der Generaldirektion Wasserstraßen und Schifffahrt (GDWS), die besondere örtliche Regelungen enthalten und Hinweise für die einzelnen Seeschifffahrtsstraßen geben.;Die Nachrichten für Seefahrer (NfS), herausgegeben vom Bundesamt für Seeschifffahrt und Hydrographie, sowie die Bekanntmachungen für Seefahrer (BfS) der örtlich zuständigen Wasserstraßen- und Schifffahrtsämter, die auf alle Veränderungen hinsichtlich Betonnung, Befeuerung, Wracks und Untiefen sowie auf die Schifffahrt betreffende Maßnahmen und Ereignisse hinweisen.;"Die Bekanntmachung der Generaldirektion Wasserstraßen und Schifffahrt (GDWS) sowie die nautische Veröffentlichung ""Sicherheit auf dem Wasser"", herausgegeben durch das Bundesministerium für Digitales und Verkehr (BMDV), mit wichtigen Regeln und Tipps für Wassersportler.";Das Seesicherheitsuntersuchungsgesetz sowie die Verordnung über die Sicherung der Seefahrt, die jeweils wichtige Vorschriften über das Verhalten nach einem Zusammenstoß auf den jeweiligen Seeschifffahrtsstraßen enthalten.;A;Vorschriften & Pflichten;KVR / SeeSchStrO / Verantwortung;Regeln und Verantwortlichkeiten korrekt anwenden;false;SBFSEE-0153;see_specific;"Richtig.

Die Bekanntmachungen der Generaldirektion Wasserstraßen und Schifffahrt (GDWS), die besondere örtliche Regelungen enthalten und Hinweise für die einzelnen Seeschifffahrtsstraßen geben. Die besondere Kennzeichnung bedeutet: Die Bekanntmachungen der Generaldirektion Wasserstraßen und Schifffahrt (GDWS), die besondere örtliche Regelungen enthalten und Hinweise für die einzelnen Seeschifffahrtsstraßen geben. Wegen des Einsatzes oder der Gefahr ist frühzeitig Abstand zu halten und das eigene Manöver eindeutig darauf abzustimmen.";"Falsch.

Richtig ist: „Die Bekanntmachungen der Generaldirektion Wasserstraßen und Schifffahrt (GDWS), die besondere örtliche Regelungen enthalten und Hinweise für die einzelnen Seeschifffahrtsstraßen geben.“

Die besondere Kennzeichnung bedeutet: Die Bekanntmachungen der Generaldirektion Wasserstraßen und Schifffahrt (GDWS), die besondere örtliche Regelungen enthalten und Hinweise für die einzelnen Seeschifffahrtsstraßen geben. Wegen des Einsatzes oder der Gefahr ist frühzeitig Abstand zu halten und das eigene Manöver eindeutig darauf abzustimmen.";multiple_choice;Feedback erstellt
SBF-SEE-0154;154;SBF See;Lichter, Zeichen und Töne;See;Was ist das für ein Fahrzeug und was ist zu beachten?;Fahrzeug des öffentlichen Dienstes im Einsatz. Es darf von den Verkehrsvorschriften abweichen.;Fahrzeug der Bundesmarine im Einsatz. Es hat Munition oder andere Gefahrgüter an Bord.;Lotsenfahrzeug mit Sonderrechten im Einsatz. Es darf vom Rechtsfahrgebot abweichen.;Tiefgangbehindertes Fahrzeug. Es darf nicht behindert werden.;A;Allgemeine Seemannschaft;Grundlagen;Seemännische Grundlagen sicher anwenden;true;SBFSEE-0154;see_specific;"Richtig.

Fahrzeug des öffentlichen Dienstes im Einsatz. Es darf von den Verkehrsvorschriften abweichen. Die besondere Kennzeichnung bedeutet: Fahrzeug des öffentlichen Dienstes im Einsatz. Es darf von den Verkehrsvorschriften abweichen. Wegen des Einsatzes oder der Gefahr ist frühzeitig Abstand zu halten und das eigene Manöver eindeutig darauf abzustimmen.";"Falsch.

Richtig ist: „Fahrzeug des öffentlichen Dienstes im Einsatz. Es darf von den Verkehrsvorschriften abweichen.“

Die besondere Kennzeichnung bedeutet: Fahrzeug des öffentlichen Dienstes im Einsatz. Es darf von den Verkehrsvorschriften abweichen. Wegen des Einsatzes oder der Gefahr ist frühzeitig Abstand zu halten und das eigene Manöver eindeutig darauf abzustimmen.";multiple_choice;Feedback erstellt
SBF-SEE-0155;155;SBF See;Lichter, Zeichen und Töne;See;"Wer gibt das Sichtzeichen ""Leuchtkugeln mit weißen Sternen"" und was ist zu beachten?";Fahrzeug der Bundeswehr, der Bundespolizei oder Maschinenfahrzeug, das Schießscheiben schleppt bei Übungen. Man hält sich frei.;Fahrzeug, das mit Netzen, Leinen, Schleppnetzen oder anderen Fanggeräten fischt und auf sich aufmerksam macht. Ausreichenden Abstand halten.;Fahrzeug in Seenot, das auf sich aufmerksam macht. Hilfe leisten, ggf. weitere Hilfe anfordern.;Maschinenfahrzeug über 50 m Länge bei der Anforderung eines Lotsen. Man behält Kurs und Geschwindigkeit bei.;A;Allgemeine Seemannschaft;Grundlagen;Seemännische Grundlagen sicher anwenden;false;SBFSEE-0155;see_specific;"Richtig.

Fahrzeug der Bundeswehr, der Bundespolizei oder Maschinenfahrzeug, das Schießscheiben schleppt bei Übungen. Man hält sich frei. Die besondere Kennzeichnung bedeutet: Fahrzeug der Bundeswehr, der Bundespolizei oder Maschinenfahrzeug, das Schießscheiben schleppt bei Übungen. Man hält sich frei. Wegen des Einsatzes oder der Gefahr ist frühzeitig Abstand zu halten und das eigene Manöver eindeutig darauf abzustimmen.";"Falsch.

Richtig ist: „Fahrzeug der Bundeswehr, der Bundespolizei oder Maschinenfahrzeug, das Schießscheiben schleppt bei Übungen. Man hält sich frei.“

Die besondere Kennzeichnung bedeutet: Fahrzeug der Bundeswehr, der Bundespolizei oder Maschinenfahrzeug, das Schießscheiben schleppt bei Übungen. Man hält sich frei. Wegen des Einsatzes oder der Gefahr ist frühzeitig Abstand zu halten und das eigene Manöver eindeutig darauf abzustimmen.";multiple_choice;Feedback erstellt
SBF-SEE-0156;156;SBF See;Lichter, Zeichen und Töne;See;Was sind Fahrwasser im Sinne der Seeschifffahrtsstraßen-Ordnung (SeeSchStrO) und der Schifffahrtsordnung Emsmündung (EmsSchO)?;Es sind Wasserflächen, die durchgehend durch Fahrwasserseitenbezeichnung begrenzt oder gekennzeichnet sind, binnenwärts der Flussmündungen auch nicht gekennzeichnete Wasserflächen, die für die durchgehende Schifffahrt bestimmt sind.;"Es sind Wasserflächen, die für Seeschiffe zugelassen sind; binnenwärts der Flussmündungen sind auch Binnenschiffe und Sportboote zugelassen.";Es sind Wasserflächen, die durchgehend durch Fahrwasserseitenbezeichnung begrenzt oder gekennzeichnet sind und auf denen das Wasserskifahren sowie das Fahren mit Wassermotorrädern erlaubt ist, sofern die durchgehende Schifffahrt nicht behindert wird.;Es sind Wasserflächen, die durchgehend durch Fahrwasserseitenbezeichnung begrenzt oder gekennzeichnet sind und auf denen die Sportbootführerscheinverordnung Gültigkeit hat.;A;Schifffahrtszeichen & Fahrwasser;Zeichen / Betonnung;Schifffahrtszeichen und Fahrwasserinformationen interpretieren;false;SBFSEE-0156;see_specific;"Richtig.

Es sind Wasserflächen, die durchgehend durch Fahrwasserseitenbezeichnung begrenzt oder gekennzeichnet sind, binnenwärts der Flussmündungen auch nicht gekennzeichnete Wasserflächen, die für die durchgehende Schifffahrt bestimmt sind. Ein Fahrwasser ist die für die durchgehende Schifffahrt bestimmte Wasserfläche; seine Seiten sind regelmäßig durch die Fahrwasserseitenbezeichnung erkennbar.";"Falsch.

Richtig ist: „Es sind Wasserflächen, die durchgehend durch Fahrwasserseitenbezeichnung begrenzt oder gekennzeichnet sind, binnenwärts der Flussmündungen auch nicht gekennzeichnete Wasserflächen, die für die durchgehende Schifffahrt bestimmt sind.“

Ein Fahrwasser ist die für die durchgehende Schifffahrt bestimmte Wasserfläche; seine Seiten sind regelmäßig durch die Fahrwasserseitenbezeichnung erkennbar.";multiple_choice;Feedback erstellt
SBF-SEE-0157;157;SBF See;Lichter, Zeichen und Töne;See;Welches ist - außer in Wattgebieten - die Steuerbordseite eines Fahrwassers?;Es ist die Seite, die ein von See kommendes Schiff an seiner Steuerbordseite hat.;Es ist die Seite, die ein von See kommendes Schiff an seiner Backbordseite hat.;Es ist die Seite, die von See kommend mit roten Tonnen bezeichnet ist.;Es ist die Seite, auf der die Tonnen mit fortlaufenden geraden Zahlen gekennzeichnet sind.;A;Schifffahrtszeichen & Fahrwasser;Zeichen / Betonnung;Schifffahrtszeichen und Fahrwasserinformationen interpretieren;false;SBFSEE-0157;see_specific;"Richtig.

Es ist die Seite, die ein von See kommendes Schiff an seiner Steuerbordseite hat. Die Fahrwasserseiten werden aus Sicht eines von See kommenden Fahrzeugs bezeichnet; dessen rechte Seite ist die Steuerbordseite des Fahrwassers.";"Falsch.

Richtig ist: „Es ist die Seite, die ein von See kommendes Schiff an seiner Steuerbordseite hat.“

Die Fahrwasserseiten werden aus Sicht eines von See kommenden Fahrzeugs bezeichnet; dessen rechte Seite ist die Steuerbordseite des Fahrwassers.";multiple_choice;Feedback erstellt
SBF-SEE-0158;158;SBF See;Lichter, Zeichen und Töne;See;Welche verkehrsrechtliche Verpflichtung hat ein Fahrzeugführer nach § 3 der Seeschifffahrtsstraßen-Ordnung (SeeSchStrO), dessen Fahrzeug mit einer UKW-Funkanlage ausgerüstet ist?;Er ist verpflichtet, die von der Verkehrszentrale gegebenen Verkehrsinformationen und -unterstützungen abzuhören und zu berücksichtigen.;Er ist verpflichtet, bei der Nutzung einer UKW-Funkanlage im Besitz des entsprechenden Funkzeugnisses zu sein.;Er ist verpflichtet, bei verminderter Sicht regelmäßig seinen Schiffsnamen und seine Position der Verkehrszentrale mitzuteilen.;Er ist verpflichtet, die Funkanlage während der Fahrt in Betrieb zu halten und alle sein Fahrzeug betreffenden Mitteilungen im Schiffslogbuch festzuhalten.;A;Vorschriften & Pflichten;KVR / SeeSchStrO / Verantwortung;Regeln und Verantwortlichkeiten korrekt anwenden;false;SBFSEE-0158;see_specific;"Richtig.

Er ist verpflichtet, die von der Verkehrszentrale gegebenen Verkehrsinformationen und -unterstützungen abzuhören und zu berücksichtigen. Verkehrsinformationen und -unterstützungen können aktuelle Gefahren oder Verkehrsregelungen enthalten und müssen deshalb mitgehört und berücksichtigt werden.";"Falsch.

Richtig ist: „Er ist verpflichtet, die von der Verkehrszentrale gegebenen Verkehrsinformationen und -unterstützungen abzuhören und zu berücksichtigen.“

Verkehrsinformationen und -unterstützungen können aktuelle Gefahren oder Verkehrsregelungen enthalten und müssen deshalb mitgehört und berücksichtigt werden.";multiple_choice;Feedback erstellt
SBF-SEE-0159;159;SBF See;Lichter, Zeichen und Töne;See;Welches Licht muss ein Fahrzeug unter Segel von weniger als 12 m Länge oder ein Fahrzeug unter Ruder auf der Seeschifffahrtsstraße führen, wenn es die nach den Kollisionsverhütungsregeln (KVR) vorgeschriebenen Lichter nicht führen kann?;Ein weißes Rundumlicht.;Ein rotes Rundumlicht.;Ein weißes Topplicht.;Eine Dreifarbenlaterne.;A;Lichter, Zeichen & Schallsignale;Fahrzeug- und Verkehrssignale;Signale erkennen und Bedeutung zuordnen;false;SBFSEE-0159;see_specific;"Richtig.

Ein weißes Rundumlicht. Das weiße Rundumlicht ist hier die zulässige Ersatzlösung, wenn das kleine Segel- oder Ruderfahrzeug die regulären Lichter nicht führen kann.";"Falsch.

Richtig ist: „Ein weißes Rundumlicht.“

Das weiße Rundumlicht ist hier die zulässige Ersatzlösung, wenn das kleine Segel- oder Ruderfahrzeug die regulären Lichter nicht führen kann.";multiple_choice;Feedback erstellt
SBF-SEE-0160;160;SBF See;Lichter, Zeichen und Töne;See;Wann darf ein Maschinenfahrzeug von weniger als 7 m Länge auf Seeschifffahrtsstraßen nicht fahren, wenn es die nach den Kollisionsverhütungsregeln (KVR) vorgeschriebenen Lichter nicht führen kann?;Es darf in der Zeit, in der die Lichterführung vorgeschrieben ist, nicht fahren, es sei denn, dass ein Notstand vorliegt.;Es darf in der Zeit zwischen Sonnenaufgang und Sonnenuntergang nicht fahren.;Es darf in der Zeit, in der die Lichterführung vorgeschrieben ist, nur dann fahren, wenn ein betriebsbedingtes Signalhorn an Bord ist.;Es darf in der Zeit zwischen Sonnenuntergang und Sonnenaufgang nicht fahren.;A;Lichter, Zeichen & Schallsignale;Fahrzeug- und Verkehrssignale;Signale erkennen und Bedeutung zuordnen;false;SBFSEE-0160;see_specific;"Richtig.

Es darf in der Zeit, in der die Lichterführung vorgeschrieben ist, nicht fahren, es sei denn, dass ein Notstand vorliegt. Ohne vorgeschriebene oder zulässige Ersatzlichter wäre das Maschinenfahrzeug nachts beziehungsweise bei verminderter Sicht nicht ausreichend erkennbar.";"Falsch.

Richtig ist: „Es darf in der Zeit, in der die Lichterführung vorgeschrieben ist, nicht fahren, es sei denn, dass ein Notstand vorliegt.“

Ohne vorgeschriebene oder zulässige Ersatzlichter wäre das Maschinenfahrzeug nachts beziehungsweise bei verminderter Sicht nicht ausreichend erkennbar.";multiple_choice;Feedback erstellt
SBF-SEE-0161;161;SBF See;Lichter, Zeichen und Töne;See;Welches Schallsignal ist beim Einlaufen in Fahrwasser und Häfen zu geben, wenn die Verkehrslage es erfordert?;Ein langer Ton.;Ein kurzer Ton.;Ein kurzer und ein langer Ton.;Ein langer und ein kurzer Ton.;A;Lichter, Zeichen & Schallsignale;Fahrzeug- und Verkehrssignale;Signale erkennen und Bedeutung zuordnen;false;SBFSEE-0161;see_specific;"Richtig.

Ein langer Ton. Das festgelegte Signal lautet beziehungsweise bedeutet: Ein langer Ton. Standardisierte Tonfolgen ermöglichen eine eindeutige Warnung auch ohne Sicht- oder Funkkontakt.";"Falsch.

Richtig ist: „Ein langer Ton.“

Das festgelegte Signal lautet beziehungsweise bedeutet: Ein langer Ton. Standardisierte Tonfolgen ermöglichen eine eindeutige Warnung auch ohne Sicht- oder Funkkontakt.";multiple_choice;Feedback erstellt
SBF-SEE-0162;162;SBF See;Lichter, Zeichen und Töne;See;Welche Bedeutung hat folgendes Schallsignal?;"Allgemeines ""Gefahr- und Warnsignal"".";Sperrung der Seeschifffahrtsstraße.;Sofort anhalten (Fahrzeug des öffentlichen Dienstes).;Brücke/Schleuse kann vorübergehend nicht geöffnet werden.;A;Lichter, Zeichen & Schallsignale;Fahrzeug- und Verkehrssignale;Signale erkennen und Bedeutung zuordnen;true;SBFSEE-0162;see_specific;"Richtig.

Allgemeines ""Gefahr- und Warnsignal"". Das festgelegte Signal lautet beziehungsweise bedeutet: Allgemeines ""Gefahr- und Warnsignal"". Standardisierte Tonfolgen ermöglichen eine eindeutige Warnung auch ohne Sicht- oder Funkkontakt.";"Falsch.

Richtig ist: „Allgemeines ""Gefahr- und Warnsignal"".“

Das festgelegte Signal lautet beziehungsweise bedeutet: Allgemeines ""Gefahr- und Warnsignal"". Standardisierte Tonfolgen ermöglichen eine eindeutige Warnung auch ohne Sicht- oder Funkkontakt.";multiple_choice;Feedback erstellt
SBF-SEE-0163;163;SBF See;Lichter, Zeichen und Töne;See;"Wie lautet das ""allgemeine Gefahr- und Warnsignal""?";Zwei Gruppen von je einem langen und vier kurzen Tönen.;Zwei Gruppen von je drei langen Tönen.;Zwei Gruppen von je vier kurzen Tönen.;Zwei Gruppen von je einem kurzen und vier langen Tönen.;A;Allgemeine Seemannschaft;Grundlagen;Seemännische Grundlagen sicher anwenden;false;SBFSEE-0163;see_specific;"Richtig.

Zwei Gruppen von je einem langen und vier kurzen Tönen. Das festgelegte Signal lautet beziehungsweise bedeutet: Zwei Gruppen von je einem langen und vier kurzen Tönen. Standardisierte Tonfolgen ermöglichen eine eindeutige Warnung auch ohne Sicht- oder Funkkontakt.";"Falsch.

Richtig ist: „Zwei Gruppen von je einem langen und vier kurzen Tönen.“

Das festgelegte Signal lautet beziehungsweise bedeutet: Zwei Gruppen von je einem langen und vier kurzen Tönen. Standardisierte Tonfolgen ermöglichen eine eindeutige Warnung auch ohne Sicht- oder Funkkontakt.";multiple_choice;Feedback erstellt
SBF-SEE-0164;164;SBF See;Lichter, Zeichen und Töne;See;"Wann ist das ""allgemeine Gefahr- und Warnsignal"" zu geben?";Wenn ein Fahrzeug ein anderes Fahrzeug gefährdet oder durch dieses selbst gefährdet wird.;Wenn ein Fahrzeug ein anderes Fahrzeug im Fahrwasser an Steuerbord überholen will.;Wenn ein Fahrzeug einem anderen Fahrzeug nicht ausweichen kann.;Wenn ein Fahrzeug ein anderes Fahrzeug zur Hilfeleistung auffordert.;A;Allgemeine Seemannschaft;Grundlagen;Seemännische Grundlagen sicher anwenden;false;SBFSEE-0164;see_specific;"Richtig.

Wenn ein Fahrzeug ein anderes Fahrzeug gefährdet oder durch dieses selbst gefährdet wird. Das festgelegte Signal lautet beziehungsweise bedeutet: Wenn ein Fahrzeug ein anderes Fahrzeug gefährdet oder durch dieses selbst gefährdet wird. Standardisierte Tonfolgen ermöglichen eine eindeutige Warnung auch ohne Sicht- oder Funkkontakt.";"Falsch.

Richtig ist: „Wenn ein Fahrzeug ein anderes Fahrzeug gefährdet oder durch dieses selbst gefährdet wird.“

Das festgelegte Signal lautet beziehungsweise bedeutet: Wenn ein Fahrzeug ein anderes Fahrzeug gefährdet oder durch dieses selbst gefährdet wird. Standardisierte Tonfolgen ermöglichen eine eindeutige Warnung auch ohne Sicht- oder Funkkontakt.";multiple_choice;Feedback erstellt
SBF-SEE-0165;165;SBF See;Lichter, Zeichen und Töne;See;Wie haben sich Fahrzeuge zu verhalten, die in ein Fahrwasser einlaufen, ein Fahrwasser queren, im Fahrwasser drehen oder ihre Anker- und Liegeplätze verlassen?;Sie haben die Vorfahrt der dem Fahrwasserverlauf folgenden Fahrzeuge zu beachten.;Sie haben die Vorfahrt vor den Fahrzeugen im Fahrwasser.;Sie haben einen kurzen Ton als Achtungssignal abzugeben.;Sie haben ihr Manöver so durchzuführen, dass andere Fahrzeuge nicht behindert werden.;A;Schifffahrtszeichen & Fahrwasser;Zeichen / Betonnung;Schifffahrtszeichen und Fahrwasserinformationen interpretieren;false;SBFSEE-0165;see_specific;"Richtig.

Sie haben die Vorfahrt der dem Fahrwasserverlauf folgenden Fahrzeuge zu beachten. Fahrzeuge, die in den laufenden Fahrwasserverkehr hineinfahren oder ihn kreuzen, müssen den dem Fahrwasser folgenden Verkehr passieren lassen.";"Falsch.

Richtig ist: „Sie haben die Vorfahrt der dem Fahrwasserverlauf folgenden Fahrzeuge zu beachten.“

Fahrzeuge, die in den laufenden Fahrwasserverkehr hineinfahren oder ihn kreuzen, müssen den dem Fahrwasser folgenden Verkehr passieren lassen.";multiple_choice;Feedback erstellt
SBF-SEE-0166;166;SBF See;Lichter, Zeichen und Töne;See;Wie haben Segelfahrzeuge im Fahrwasser, die nicht deutlich der Richtung eines Fahrwassers folgen, untereinander auszuweichen?;Sie haben untereinander nach den Regeln der KVR auszuweichen, wenn sie dadurch vorfahrtberechtigte Fahrzeuge nicht gefährden oder behindern.;Sie haben untereinander nach den Regeln der Seeschifffahrtsstraßen-Ordnung auszuweichen, wenn sie dadurch vorfahrtberechtigte Fahrzeuge nicht gefährden oder behindern.;Sie haben untereinander nach den Regeln der Schifffahrtsordnung Emsmündung auszuweichen, wenn sie dadurch vorfahrtberechtigte Fahrzeuge nicht gefährden oder behindern.;Sie haben untereinander nach den Regeln der Binnenschifffahrtsstraßen-Ordnung auszuweichen, wenn sie dadurch vorfahrtberechtigte Fahrzeuge nicht gefährden oder behindern.;A;Schifffahrtszeichen & Fahrwasser;Zeichen / Betonnung;Schifffahrtszeichen und Fahrwasserinformationen interpretieren;false;SBFSEE-0166;see_specific;"Richtig.

Sie haben untereinander nach den Regeln der KVR auszuweichen, wenn sie dadurch vorfahrtberechtigte Fahrzeuge nicht gefährden oder behindern. Zwischen den Segelfahrzeugen gelten die KVR; ihre Manöver dürfen jedoch den vorfahrtberechtigten Fahrwasserverkehr nicht gefährden.";"Falsch.

Richtig ist: „Sie haben untereinander nach den Regeln der KVR auszuweichen, wenn sie dadurch vorfahrtberechtigte Fahrzeuge nicht gefährden oder behindern.“

Zwischen den Segelfahrzeugen gelten die KVR; ihre Manöver dürfen jedoch den vorfahrtberechtigten Fahrwasserverkehr nicht gefährden.";multiple_choice;Feedback erstellt
SBF-SEE-0167;167;SBF See;Lichter, Zeichen und Töne;See;Welche Ausweichregeln gelten außerhalb des Fahrwassers?;Die Regeln der KVR.;Die Regeln der Seeschifffahrtsstraßen-Ordnung.;Die Regeln der Schifffahrtsordnung Emsmündung.;Die Regeln der Binnenschifffahrtsstraßen-Ordnung.;A;Ausweichregeln;KVR / Kollisionsvermeidung;Kollisionslage beurteilen und richtige Maßnahme wählen;false;SBFSEE-0167;see_specific;"Richtig.

Die Regeln der KVR. Außerhalb des Fahrwassers greifen die allgemeinen internationalen Ausweichregeln der KVR.";"Falsch.

Richtig ist: „Die Regeln der KVR.“

Außerhalb des Fahrwassers greifen die allgemeinen internationalen Ausweichregeln der KVR.";multiple_choice;Feedback erstellt
SBF-SEE-0168;168;SBF See;Lichter, Zeichen und Töne;See;Wo ist das Überholen verboten?;An Engstellen, unübersichtlichen Krümmungen, in Schleusenbereichen, innerhalb durch Überholverbotszeichen gekennzeichneter Strecken, in der Nähe nicht frei fahrender Fähren in Fahrt.;An Engstellen, unübersichtlichen Krümmungen, in Schleusenbereichen, innerhalb durch Überholverbotszeichen gekennzeichneter Strecken, in der Nähe nicht frei fahrender Fähren in Fahrt und außerhalb des Fahrwassers.;An Engstellen, unübersichtlichen Krümmungen, in Schleusenbereichen, innerhalb durch Überholverbotszeichen gekennzeichneter Strecken, in der Nähe nicht frei fahrender Fähren in Fahrt, und in Verkehrstrennungsgebieten.;An Engstellen, unübersichtlichen Krümmungen, innerhalb durch Überholverbotszeichen gekennzeichneter Strecken und in Nationalparks und besonders ausgewiesenen Naturschutzgebieten.;A;Ausweichregeln;KVR / Kollisionsvermeidung;Kollisionslage beurteilen und richtige Maßnahme wählen;false;SBFSEE-0168;see_specific;"Richtig.

An Engstellen, unübersichtlichen Krümmungen, in Schleusenbereichen, innerhalb durch Überholverbotszeichen gekennzeichneter Strecken, in der Nähe nicht frei fahrender Fähren in Fahrt. An unübersichtlichen, engen oder besonders geregelten Stellen fehlt der sichere Raum für ein Überholmanöver; dort ist Überholen untersagt.";"Falsch.

Richtig ist: „An Engstellen, unübersichtlichen Krümmungen, in Schleusenbereichen, innerhalb durch Überholverbotszeichen gekennzeichneter Strecken, in der Nähe nicht frei fahrender Fähren in Fahrt.“

An unübersichtlichen, engen oder besonders geregelten Stellen fehlt der sichere Raum für ein Überholmanöver; dort ist Überholen untersagt.";multiple_choice;Feedback erstellt
SBF-SEE-0169;169;SBF See;Lichter, Zeichen und Töne;See;Wo darf Wasserski gelaufen, Wassermotorrad gefahren oder mit einem Segelsurfbrett gefahren werden?;Außerhalb des Fahrwassers, wenn es nicht von der Generaldirektion Wasserstraßen und Schifffahrt (GDWS) durch Bekanntmachung verboten ist. Im Fahrwasser auf Abschnitten, die durch die GDWS bekanntgemacht oder durch blaue Tafeln mit dem weißen Symbol eines Wasserskiläufers, eines Wassermotorrades oder eines Segelsurfers bezeichnet sind.;Außerhalb der Seeschifffahrtsstraße, wenn es nicht von der Generaldirektion Wasserstraßen und Schifffahrt (GDWS) durch Bekanntmachung verboten ist. Innerhalb der Seeschifffahrtsstraße auf Abschnitten, die durch die GDWS bekanntgemacht oder durch blaue Tafeln mit dem weißen Symbol eines Wasserskiläufers, eines Wassermotorrades oder eines Segelsurfers bezeichnet sind.;Auf der hohen See und auf den mit dieser zusammenhängenden, von Seeschiffen befahrbaren Gewässern, sofern dabei ein Abstand von mindestens 100 m zum Ufer eingehalten wird.;Im Fahrwasser, wenn es nicht von der Generaldirektion Wasserstraßen und Schifffahrt (GDWS) durch Bekanntmachung verboten ist. Außerhalb des Fahrwassers auf Abschnitten, die durch die GDWS bekanntgemacht oder durch blaue Tafeln mit dem weißen Symbol eines Wasserskiläufers, eines Wassermotorrades oder eines Segelsurfers bezeichnet sind.;A;Seemannschaft & Technik;Manöver / Bordtechnik;Boot sicher manövrieren und Technik beurteilen;false;SBFSEE-0169;see_specific;"Richtig.

Außerhalb des Fahrwassers, wenn es nicht von der Generaldirektion Wasserstraßen und Schifffahrt (GDWS) durch Bekanntmachung verboten ist. Im Fahrwasser auf Abschnitten, die durch die GDWS bekanntgemacht oder durch blaue Tafeln mit dem weißen Symbol eines Wasserskiläufers, eines Wassermotorrades oder eines Segelsurfers bezeichnet sind. Diese Sportarten gehören grundsätzlich aus dem Fahrwasser heraus; im Fahrwasser sind sie nur auf ausdrücklich freigegebenen und gekennzeichneten Abschnitten zulässig.";"Falsch.

Richtig ist: „Außerhalb des Fahrwassers, wenn es nicht von der Generaldirektion Wasserstraßen und Schifffahrt (GDWS) durch Bekanntmachung verboten ist. Im Fahrwasser auf Abschnitten, die durch die GDWS bekanntgemacht oder durch blaue Tafeln mit dem weißen Symbol eines Wasserskiläufers, eines Wassermotorrades oder eines Segelsurfers bezeichnet sind.“

Diese Sportarten gehören grundsätzlich aus dem Fahrwasser heraus; im Fahrwasser sind sie nur auf ausdrücklich freigegebenen und gekennzeichneten Abschnitten zulässig.";multiple_choice;Feedback erstellt
SBF-SEE-0170;170;SBF See;Lichter, Zeichen und Töne;See;Wie haben sich Führer von Zugbooten der Wasserskiläufer bzw. Wassermotorradfahrer und Segelsurfer bei der Annäherung an andere Fahrzeuge zu verhalten?;Sie haben auszuweichen.;Sie haben bei Annäherung an andere Fahrzeuge aufzustoppen und Sog und Wellenschlag zu vermeiden.;Sie haben Vorfahrt und müssen vor dem Bug des anderen Fahrzeugs kreuzen.;Sie müssen Kurs und Geschwindigkeit beibehalten.;A;Seemannschaft & Technik;Manöver / Bordtechnik;Boot sicher manövrieren und Technik beurteilen;false;SBFSEE-0170;see_specific;"Richtig.

Sie haben auszuweichen. Zugboote, Wassermotorräder und Segelsurfer müssen andere Fahrzeuge frühzeitig freihalten, weil ihre Bewegungen schnell und schwer vorhersehbar sein können.";"Falsch.

Richtig ist: „Sie haben auszuweichen.“

Zugboote, Wassermotorräder und Segelsurfer müssen andere Fahrzeuge frühzeitig freihalten, weil ihre Bewegungen schnell und schwer vorhersehbar sein können.";multiple_choice;Feedback erstellt
SBF-SEE-0171;171;SBF See;Lichter, Zeichen und Töne;See;Wo ist das Ankern verboten?;"Im Fahrwasser, an Engstellen und in unübersichtlichen Krümmungen; im Umkreis von 300 m von schwimmenden Geräten, Wracks und sonstigen Schifffahrtshindernissen, Kabeltonnen und sonstigen Stellen für militärische und zivile Zwecke; vor Hafeneinfahrten, Schleusen, Anlegestellen und Sielen sowie in den Zufahrten des Nord-Ostsee-Kanals; innerhalb von Fähr- und Brückenstrecken; 300 m vor und hinter Ankerverbotszeichen.";"Im Fahrwasser, auf Seeschifffahrtsstraßen, an Engstellen und in unübersichtlichen Krümmungen; im Umkreis von 300 m von schwimmenden Geräten, Wracks und sonstigen Schifffahrtshindernissen, Kabeltonnen und sonstigen Stellen für militärische und zivile Zwecke; vor Hafeneinfahrten, Schleusen, Anlegestellen und Sielen sowie in den Zufahrten des Nord-Ostsee-Kanals; innerhalb von Fähr- und Brückenstrecken; 300 m vor und hinter Ankerverbotszeichen.";"Im Fahrwasser, an Engstellen und in unübersichtlichen Krümmungen; im Umkreis von 300 m von schwimmenden Geräten, Kabeltonnen und sonstigen Stellen für militärische und zivile Zwecke; vor Hafeneinfahrten, Schleusen, Anlegestellen und Sielen sowie in den Zufahrten des Nord-Ostsee-Kanals und in Vogelschutz- und Naturschutzgebieten sowie generell innerhalb von Nationalparks.";Im Fahrwasser, wenn es durch die Generaldirektion Wasserstraßen und Schifffahrt (GDWS) bekanntgemacht worden ist. Außerhalb des Fahrwassers auf Abschnitten, die durch die GDWS bekanntgemacht oder durch entsprechende Sichtzeichen bezeichnet sind.;A;Seemannschaft & Technik;Manöver / Bordtechnik;Boot sicher manövrieren und Technik beurteilen;false;SBFSEE-0171;see_specific;"Richtig.

Im Fahrwasser, an Engstellen und in unübersichtlichen Krümmungen; im Umkreis von 300 m von schwimmenden Geräten, Wracks und sonstigen Schifffahrtshindernissen, Kabeltonnen und sonstigen Stellen für militärische und zivile Zwecke; vor Hafeneinfahrten, Schleusen, Anlegestellen und Sielen sowie in den Zufahrten des Nord-Ostsee-Kanals; innerhalb von Fähr- und Brückenstrecken; 300 m vor und hinter Ankerverbotszeichen. An den genannten Stellen würde ein Ankerlieger den Verkehrsraum oder wichtige Anlagen blockieren beziehungsweise zusätzliche Gefahren schaffen.";"Falsch.

Richtig ist: „Im Fahrwasser, an Engstellen und in unübersichtlichen Krümmungen; im Umkreis von 300 m von schwimmenden Geräten, Wracks und sonstigen Schifffahrtshindernissen, Kabeltonnen und sonstigen Stellen für militärische und zivile Zwecke; vor Hafeneinfahrten, Schleusen, Anlegestellen und Sielen sowie in den Zufahrten des Nord-Ostsee-Kanals; innerhalb von Fähr- und Brückenstrecken; 300 m vor und hinter Ankerverbotszeichen.“

An den genannten Stellen würde ein Ankerlieger den Verkehrsraum oder wichtige Anlagen blockieren beziehungsweise zusätzliche Gefahren schaffen.";multiple_choice;Feedback erstellt
SBF-SEE-0172;172;SBF See;Lichter, Zeichen und Töne;See;Was ist zu unternehmen, um die Schifffahrt zu warnen, wenn das eigene Fahrzeug gesunken ist und ein Schifffahrtshindernis darstellt?;Man informiert die Schifffahrtspolizeibehörde und gibt nach Möglichkeit die Position an.;Man informiert die Deutsche Gesellschaft zur Rettung Schiffbrüchiger, damit das Hindernis gekennzeichnet werden kann.;Man gibt ein Seenotsignal ab.;Man informiert das Bundesamt für Seeschifffahrt und Hydrographie und gibt nach Möglichkeit die Position an.;A;Allgemeine Seemannschaft;Grundlagen;Seemännische Grundlagen sicher anwenden;false;SBFSEE-0172;see_specific;"Richtig.

Man informiert die Schifffahrtspolizeibehörde und gibt nach Möglichkeit die Position an. Ein gesunkenes Fahrzeug kann unsichtbar zum Hindernis werden; die Behörde benötigt seine möglichst genaue Position für Warnung und Sicherung.";"Falsch.

Richtig ist: „Man informiert die Schifffahrtspolizeibehörde und gibt nach Möglichkeit die Position an.“

Ein gesunkenes Fahrzeug kann unsichtbar zum Hindernis werden; die Behörde benötigt seine möglichst genaue Position für Warnung und Sicherung.";multiple_choice;Feedback erstellt
SBF-SEE-0173;173;SBF See;Lichter, Zeichen und Töne;See;Bei welchem Signal dürfen Sportfahrzeuge in die Schleusen des Nord-Ostsee-Kanals einfahren?;Wenn ein weißes unterbrochenes Licht gezeigt wird.;Wenn ein weißes Funkellicht gezeigt wird.;Wenn zwei grüne Lichter nebeneinander gezeigt werden.;Wenn ein grünes Gleichtaktlicht gezeigt wird.;A;Allgemeine Seemannschaft;Grundlagen;Seemännische Grundlagen sicher anwenden;false;SBFSEE-0173;see_specific;"Richtig.

Wenn ein weißes unterbrochenes Licht gezeigt wird. Das dargestellte Signal oder Zeichen bedeutet: Wenn ein weißes unterbrochenes Licht gezeigt wird. Die angezeigte Freigabe, Sperre oder Beschränkung ist abzuwarten beziehungsweise im bezeichneten Bereich einzuhalten.";"Falsch.

Richtig ist: „Wenn ein weißes unterbrochenes Licht gezeigt wird.“

Das dargestellte Signal oder Zeichen bedeutet: Wenn ein weißes unterbrochenes Licht gezeigt wird. Die angezeigte Freigabe, Sperre oder Beschränkung ist abzuwarten beziehungsweise im bezeichneten Bereich einzuhalten.";multiple_choice;Feedback erstellt
SBF-SEE-0174;174;SBF See;Lichter, Zeichen und Töne;See;Wo findet man Regeln für das Durchfahren des Nord-Ostsee-Kanals (NOK)?;Ergänzende Vorschriften für den NOK in der Seeschifffahrtsstraßen-Ordnung sowie in den Bekanntmachungen der Generaldirektion Wasserstraßen und Schifffahrt (GDWS).;Ergänzende Vorschriften für den NOK in der Seeschifffahrtsstraßen-Ordnung sowie in den Kollisionsverhütungsregeln.;Ergänzende Vorschriften für den NOK in der Seeschifffahrtsstraßen-Ordnung sowie in der Sportbootführerscheinverordnung.;Ergänzende Vorschriften für den NOK in der Seeschifffahrtsstraßen-Ordnung sowie im Seeaufgabengesetz.;A;Allgemeine Seemannschaft;Grundlagen;Seemännische Grundlagen sicher anwenden;false;SBFSEE-0174;see_specific;"Richtig.

Ergänzende Vorschriften für den NOK in der Seeschifffahrtsstraßen-Ordnung sowie in den Bekanntmachungen der Generaldirektion Wasserstraßen und Schifffahrt (GDWS). Das dargestellte Signal oder Zeichen bedeutet: Ergänzende Vorschriften für den NOK in der Seeschifffahrtsstraßen-Ordnung sowie in den Bekanntmachungen der Generaldirektion Wasserstraßen und Schifffahrt (GDWS). Die angezeigte Freigabe, Sperre oder Beschränkung ist abzuwarten beziehungsweise im bezeichneten Bereich einzuhalten.";"Falsch.

Richtig ist: „Ergänzende Vorschriften für den NOK in der Seeschifffahrtsstraßen-Ordnung sowie in den Bekanntmachungen der Generaldirektion Wasserstraßen und Schifffahrt (GDWS).“

Das dargestellte Signal oder Zeichen bedeutet: Ergänzende Vorschriften für den NOK in der Seeschifffahrtsstraßen-Ordnung sowie in den Bekanntmachungen der Generaldirektion Wasserstraßen und Schifffahrt (GDWS). Die angezeigte Freigabe, Sperre oder Beschränkung ist abzuwarten beziehungsweise im bezeichneten Bereich einzuhalten.";multiple_choice;Feedback erstellt
SBF-SEE-0175;175;SBF See;Lichter, Zeichen und Töne;See;Was bedeuten im Nord-Ostsee-Kanal an einem Weichensignalmast drei unterbrochene rote Lichter übereinander und was ist zu beachten?;"Ausfahren für alle Fahrzeuge verboten; Aufhebung des Signals abwarten.";"Schutzbedürftige Anlage; Geschwindigkeit reduzieren, Sog und Wellenschlag vermeiden.";"Dauernde Sperrung der Seeschifffahrtsstraße; Weiterfahrt verboten.";"Dauernde Sperrung einer Teilstrecke der Seeschifffahrtsstraße; Weiterfahrt in der Teilstrecke verboten.";A;Lichter, Zeichen & Schallsignale;Fahrzeug- und Verkehrssignale;Signale erkennen und Bedeutung zuordnen;false;SBFSEE-0175;see_specific;"Richtig.

Ausfahren für alle Fahrzeuge verboten; Aufhebung des Signals abwarten. Das dargestellte Signal oder Zeichen bedeutet: Ausfahren für alle Fahrzeuge verboten; Aufhebung des Signals abwarten. Die angezeigte Freigabe, Sperre oder Beschränkung ist abzuwarten beziehungsweise im bezeichneten Bereich einzuhalten.";"Falsch.

Richtig ist: „Ausfahren für alle Fahrzeuge verboten; Aufhebung des Signals abwarten.“

Das dargestellte Signal oder Zeichen bedeutet: Ausfahren für alle Fahrzeuge verboten; Aufhebung des Signals abwarten. Die angezeigte Freigabe, Sperre oder Beschränkung ist abzuwarten beziehungsweise im bezeichneten Bereich einzuhalten.";multiple_choice;Feedback erstellt
SBF-SEE-0176;176;SBF See;Lichter, Zeichen und Töne;See;Welche Bedeutung hat folgendes Tafelzeichen?;Die Geschwindigkeit durch das Wasser in km/h, auf dem Nord-Ostsee-Kanal (NOK) über Grund in km/h, die nicht überschritten werden darf.;Mindestabstand in Metern, der in der nachfolgenden Strecke vom Aufstellungsort der Tafel an eingehalten werden muss.;Die Geschwindigkeit durch das Wasser in sm/h (Knoten) auf dem Nord-Ostsee-Kanal (NOK) über Grund in sm/h, die nicht überschritten werden darf.;Mindestabstand zu anderen Fahrzeugen in Metern, der im bekanntgemachten Streckenabschnitt nicht unterschritten werden darf.;A;Schifffahrtszeichen & Fahrwasser;Zeichen / Betonnung;Schifffahrtszeichen und Fahrwasserinformationen interpretieren;true;SBFSEE-0176;see_specific;"Richtig.

Die Geschwindigkeit durch das Wasser in km/h, auf dem Nord-Ostsee-Kanal (NOK) über Grund in km/h, die nicht überschritten werden darf. Das dargestellte Signal oder Zeichen bedeutet: Die Geschwindigkeit durch das Wasser in km/h, auf dem Nord-Ostsee-Kanal (NOK) über Grund in km/h, die nicht überschritten werden darf. Die angezeigte Freigabe, Sperre oder Beschränkung ist abzuwarten beziehungsweise im bezeichneten Bereich einzuhalten.";"Falsch.

Richtig ist: „Die Geschwindigkeit durch das Wasser in km/h, auf dem Nord-Ostsee-Kanal (NOK) über Grund in km/h, die nicht überschritten werden darf.“

Das dargestellte Signal oder Zeichen bedeutet: Die Geschwindigkeit durch das Wasser in km/h, auf dem Nord-Ostsee-Kanal (NOK) über Grund in km/h, die nicht überschritten werden darf. Die angezeigte Freigabe, Sperre oder Beschränkung ist abzuwarten beziehungsweise im bezeichneten Bereich einzuhalten.";multiple_choice;Feedback erstellt
SBF-SEE-0177;177;SBF See;Lichter, Zeichen und Töne;See;Welche Bedeutung haben folgende Sichtzeichen?;Schutzbedürftige Anlage.;Dauernde Sperrung einer Teilstrecke der Seeschifffahrtsstraße.;Dauernde Sperrung der Seeschifffahrtsstraße.;Außergewöhnliche Schifffahrtsbehinderung.;A;Allgemeine Seemannschaft;Grundlagen;Seemännische Grundlagen sicher anwenden;true;SBFSEE-0177;see_specific;"Richtig.

Schutzbedürftige Anlage. Das dargestellte Signal oder Zeichen bedeutet: Schutzbedürftige Anlage. Die angezeigte Freigabe, Sperre oder Beschränkung ist abzuwarten beziehungsweise im bezeichneten Bereich einzuhalten.";"Falsch.

Richtig ist: „Schutzbedürftige Anlage.“

Das dargestellte Signal oder Zeichen bedeutet: Schutzbedürftige Anlage. Die angezeigte Freigabe, Sperre oder Beschränkung ist abzuwarten beziehungsweise im bezeichneten Bereich einzuhalten.";multiple_choice;Feedback erstellt
SBF-SEE-0178;178;SBF See;Lichter, Zeichen und Töne;See;Welche Bedeutung hat folgendes Schallsignal und was ist zu beachten?;"Brücke, Sperrwerk, Schleuse kann vorübergehend nicht geöffnet werden; Fahrt unterbrechen, Freigabe abwarten.";"Ein Ausweichpflichtiger wird vom Vorfahrtberechtigten auf seine Ausweichpflicht hingewiesen; sofort Ausweichmanöver einleiten.";"Bleib-weg-Signal, Gefahr durch gefährliche Ladung; sofort den Gefahrenbereich verlassen. Offenes Feuer vermeiden (Explosionsgefahr).";"Brücke, Sperrwerk, Schleuse wird zur Öffnung vorbereitet; Fahrt fortsetzen.";A;Lichter, Zeichen & Schallsignale;Fahrzeug- und Verkehrssignale;Signale erkennen und Bedeutung zuordnen;true;SBFSEE-0178;see_specific;"Richtig.

Brücke, Sperrwerk, Schleuse kann vorübergehend nicht geöffnet werden; Fahrt unterbrechen, Freigabe abwarten. Das dargestellte Signal oder Zeichen bedeutet: Brücke, Sperrwerk, Schleuse kann vorübergehend nicht geöffnet werden; Fahrt unterbrechen, Freigabe abwarten. Die angezeigte Freigabe, Sperre oder Beschränkung ist abzuwarten beziehungsweise im bezeichneten Bereich einzuhalten.";"Falsch.

Richtig ist: „Brücke, Sperrwerk, Schleuse kann vorübergehend nicht geöffnet werden; Fahrt unterbrechen, Freigabe abwarten.“

Das dargestellte Signal oder Zeichen bedeutet: Brücke, Sperrwerk, Schleuse kann vorübergehend nicht geöffnet werden; Fahrt unterbrechen, Freigabe abwarten. Die angezeigte Freigabe, Sperre oder Beschränkung ist abzuwarten beziehungsweise im bezeichneten Bereich einzuhalten.";multiple_choice;Feedback erstellt
SBF-SEE-0179;179;SBF See;Lichter, Zeichen und Töne;See;Welche Bedeutung hat folgendes Sichtzeichen?;Geschwindigkeit von 8 km/h Fahrt durch das Wasser, die innerhalb eines Bereiches von 500 m von der jeweiligen Uferlinie wegen Badebetriebs nicht überschritten werden darf.;"Kennzeichnung besonderer Gebiete und Stellen, z. B. Warngebiete; die Bedeutung kann der Seekarte entnommen und aus der Beschriftung des Schifffahrtszeichens erkannt werden.";Geschwindigkeit von 8 sm/h Fahrt durch das Wasser, die innerhalb eines Mindestabstandes von 500 m von der jeweiligen Uferlinie wegen Badebetriebs nicht überschritten werden darf.;Buhnenbauwerk, Gefahr durch Sog und Wellenschlag. Insbesondere auf Badebetrieb und Schwimmer achten.;A;Allgemeine Seemannschaft;Grundlagen;Seemännische Grundlagen sicher anwenden;true;SBFSEE-0179;see_specific;"Richtig.

Geschwindigkeit von 8 km/h Fahrt durch das Wasser, die innerhalb eines Bereiches von 500 m von der jeweiligen Uferlinie wegen Badebetriebs nicht überschritten werden darf. Das dargestellte Signal oder Zeichen bedeutet: Geschwindigkeit von 8 km/h Fahrt durch das Wasser, die innerhalb eines Bereiches von 500 m von der jeweiligen Uferlinie wegen Badebetriebs nicht überschritten werden darf. Die angezeigte Freigabe, Sperre oder Beschränkung ist abzuwarten beziehungsweise im bezeichneten Bereich einzuhalten.";"Falsch.

Richtig ist: „Geschwindigkeit von 8 km/h Fahrt durch das Wasser, die innerhalb eines Bereiches von 500 m von der jeweiligen Uferlinie wegen Badebetriebs nicht überschritten werden darf.“

Das dargestellte Signal oder Zeichen bedeutet: Geschwindigkeit von 8 km/h Fahrt durch das Wasser, die innerhalb eines Bereiches von 500 m von der jeweiligen Uferlinie wegen Badebetriebs nicht überschritten werden darf. Die angezeigte Freigabe, Sperre oder Beschränkung ist abzuwarten beziehungsweise im bezeichneten Bereich einzuhalten.";multiple_choice;Feedback erstellt
SBF-SEE-0180;180;SBF See;Lichter, Zeichen und Töne;See;Welche Bedeutung hat folgendes Schifffahrtszeichen?;Gesperrt für alle Maschinenfahrzeuge und Wassermotorräder wegen Badebetriebs.;Höchstgeschwindigkeit von 4,3 Knoten Fahrt durch das Wasser, die innerhalb von 500 m von der jeweiligen Uferlinie wegen Badebetriebs nicht überschritten werden darf.;Einzelgefahrenstelle, erkennbar an ihrer Farbgebung, die an allen Seiten mit einer maximalen Geschwindigkeit von 4,3 Knoten passiert werden kann.;Kennzeichnung besonderer Gebiete und Stellen, z. B. Warngebiet.;A;Schifffahrtszeichen & Fahrwasser;Zeichen / Betonnung;Schifffahrtszeichen und Fahrwasserinformationen interpretieren;true;SBFSEE-0180;see_specific;"Richtig.

Gesperrt für alle Maschinenfahrzeuge und Wassermotorräder wegen Badebetriebs. Das dargestellte Signal oder Zeichen bedeutet: Gesperrt für alle Maschinenfahrzeuge und Wassermotorräder wegen Badebetriebs. Die angezeigte Freigabe, Sperre oder Beschränkung ist abzuwarten beziehungsweise im bezeichneten Bereich einzuhalten.";"Falsch.

Richtig ist: „Gesperrt für alle Maschinenfahrzeuge und Wassermotorräder wegen Badebetriebs.“

Das dargestellte Signal oder Zeichen bedeutet: Gesperrt für alle Maschinenfahrzeuge und Wassermotorräder wegen Badebetriebs. Die angezeigte Freigabe, Sperre oder Beschränkung ist abzuwarten beziehungsweise im bezeichneten Bereich einzuhalten.";multiple_choice;Feedback erstellt
SBF-SEE-0181;181;SBF See;Lichter, Zeichen und Töne;See;Welche Höchstgeschwindigkeit darf vor Stellen mit erkennbarem Badebetrieb - außerhalb des Fahrwassers - in einem Abstand von 500 m und weniger vom Ufer nicht überschritten werden?;4,3 Knoten.;3,4 Knoten.;4,8 Knoten.;3,8 Knoten.;A;Schifffahrtszeichen & Fahrwasser;Zeichen / Betonnung;Schifffahrtszeichen und Fahrwasserinformationen interpretieren;false;SBFSEE-0181;see_specific;"Richtig.

4,3 Knoten. 4,3 Knoten entsprechen ungefähr 8 km/h. Die Begrenzung schützt Badende im ufernahen Bereich vor Fahrzeugen und Wellenschlag.";"Falsch.

Richtig ist: „4,3 Knoten.“

4,3 Knoten entsprechen ungefähr 8 km/h. Die Begrenzung schützt Badende im ufernahen Bereich vor Fahrzeugen und Wellenschlag.";multiple_choice;Feedback erstellt
SBF-SEE-0182;182;SBF See;Lichter, Zeichen und Töne;See;Welche Bedeutung hat folgendes Schifffahrtszeichen?;Kennzeichnung von besonderen Gebieten und Stellen.;Kennzeichnung von Sperrgebieten.;Kennzeichnung von Schießgebieten.;Kennzeichnung von Badegebieten.;A;Schifffahrtszeichen & Fahrwasser;Zeichen / Betonnung;Schifffahrtszeichen und Fahrwasserinformationen interpretieren;true;SBFSEE-0182;see_specific;"Richtig.

Kennzeichnung von besonderen Gebieten und Stellen. Das dargestellte Signal oder Zeichen kennzeichnet: Kennzeichnung von besonderen Gebieten und Stellen. Solche hoheitlichen oder besonderen Sicht- und Schallsignale verlangen sofortige Beachtung und ein entsprechend angepasstes Manöver.";"Falsch.

Richtig ist: „Kennzeichnung von besonderen Gebieten und Stellen.“

Das dargestellte Signal oder Zeichen kennzeichnet: Kennzeichnung von besonderen Gebieten und Stellen. Solche hoheitlichen oder besonderen Sicht- und Schallsignale verlangen sofortige Beachtung und ein entsprechend angepasstes Manöver.";multiple_choice;Feedback erstellt
SBF-SEE-0183;183;SBF See;Lichter, Zeichen und Töne;See;Woran ist ein militärisches Warngebiet zu erkennen, das wegen Schießübungen für die Schifffahrt gesperrt ist?;An bestimmten Tag- und Nachtsignalen, die nach der Sperr- und Warngebietsverordnung der Generaldirektion Wasserstraßen und Schifffahrt (GDWS) für militärische Sperr- und Warngebiete an entsprechenden Signalstellen und auf Sicherungsfahrzeugen gezeigt werden.;An bestimmten Tag- und Nachtsignalen, die nach der Rheinpolizeiverordnung der Generaldirektion Wasserstraßen und Schifffahrt (GDWS) für militärische Sperr- und Warngebiete an entsprechenden Signalstellen am Ufer und auf Sicherungsfahrzeugen gezeigt werden.;An bestimmten Tag- und Nachtsignalen, die nach der zuständigen Polizeiverordnung des Wasserwirtschaftsamtes für Übungs-, Sperr- und Warngebiete an entsprechenden Signalstellen am Ufer und auf Sicherungsfahrzeugen gezeigt werden.;An bestimmten Tag- und Nachtsignalen, die nach der Schifffahrtsordnung der Generaldirektion Wasserstraßen und Schifffahrt (GDWS) für militärische Sperr- und Warngebiete an entsprechenden Signalstellen am Ufer und auf Sicherungsfahrzeugen gezeigt werden.;A;Allgemeine Seemannschaft;Grundlagen;Seemännische Grundlagen sicher anwenden;false;SBFSEE-0183;see_specific;"Richtig.

An bestimmten Tag- und Nachtsignalen, die nach der Sperr- und Warngebietsverordnung der Generaldirektion Wasserstraßen und Schifffahrt (GDWS) für militärische Sperr- und Warngebiete an entsprechenden Signalstellen und auf Sicherungsfahrzeugen gezeigt werden. Das dargestellte Signal oder Zeichen kennzeichnet: An bestimmten Tag- und Nachtsignalen, die nach der Sperr- und Warngebietsverordnung der Generaldirektion Wasserstraßen und Schifffahrt (GDWS) für militärische Sperr- und Warngebiete an entsprechenden Signalstellen und auf Sicherungsfahrzeugen gezeigt werden. Solche hoheitlichen oder besonderen Sicht- und Schallsignale verlangen sofortige Beachtung und ein entsprechend angepasstes Manöver.";"Falsch.

Richtig ist: „An bestimmten Tag- und Nachtsignalen, die nach der Sperr- und Warngebietsverordnung der Generaldirektion Wasserstraßen und Schifffahrt (GDWS) für militärische Sperr- und Warngebiete an entsprechenden Signalstellen und auf Sicherungsfahrzeugen gezeigt werden.“

Das dargestellte Signal oder Zeichen kennzeichnet: An bestimmten Tag- und Nachtsignalen, die nach der Sperr- und Warngebietsverordnung der Generaldirektion Wasserstraßen und Schifffahrt (GDWS) für militärische Sperr- und Warngebiete an entsprechenden Signalstellen und auf Sicherungsfahrzeugen gezeigt werden. Solche hoheitlichen oder besonderen Sicht- und Schallsignale verlangen sofortige Beachtung und ein entsprechend angepasstes Manöver.";multiple_choice;Feedback erstellt
SBF-SEE-0184;184;SBF See;Lichter, Zeichen und Töne;See;Welche Bedeutung haben folgende Schifffahrtszeichen?;Sperrgebiet.;Sperrgebiet und Badezone.;Sperrgebiet wegen Aquakulturen und Muschelzuchtanlagen.;Schießgebiet.;A;Schifffahrtszeichen & Fahrwasser;Zeichen / Betonnung;Schifffahrtszeichen und Fahrwasserinformationen interpretieren;true;SBFSEE-0184;see_specific;"Richtig.

Sperrgebiet. Das dargestellte Signal oder Zeichen kennzeichnet: Sperrgebiet. Solche hoheitlichen oder besonderen Sicht- und Schallsignale verlangen sofortige Beachtung und ein entsprechend angepasstes Manöver.";"Falsch.

Richtig ist: „Sperrgebiet.“

Das dargestellte Signal oder Zeichen kennzeichnet: Sperrgebiet. Solche hoheitlichen oder besonderen Sicht- und Schallsignale verlangen sofortige Beachtung und ein entsprechend angepasstes Manöver.";multiple_choice;Feedback erstellt
SBF-SEE-0185;185;SBF See;Lichter, Zeichen und Töne;See;Welche Bedeutung hat folgendes Flaggensignal?;Anhalten.;Seenotsignal.;Anker behindert Schifffahrt.;Schleppverband, länger als 200 m;A;Allgemeine Seemannschaft;Grundlagen;Seemännische Grundlagen sicher anwenden;true;SBFSEE-0185;see_specific;"Richtig.

Anhalten. Das dargestellte Signal oder Zeichen kennzeichnet: Anhalten. Solche hoheitlichen oder besonderen Sicht- und Schallsignale verlangen sofortige Beachtung und ein entsprechend angepasstes Manöver.";"Falsch.

Richtig ist: „Anhalten.“

Das dargestellte Signal oder Zeichen kennzeichnet: Anhalten. Solche hoheitlichen oder besonderen Sicht- und Schallsignale verlangen sofortige Beachtung und ein entsprechend angepasstes Manöver.";multiple_choice;Feedback erstellt
SBF-SEE-0186;186;SBF See;Lichter, Zeichen und Töne;See;Welche Bedeutung hat folgendes Schallsignal?;Polizeifahrzeug fordert zum Anhalten auf.;Ankerlieger macht auf gefährliche Annäherung aufmerksam.;Letzter bemannter Anhang eines Schleppverbandes.;Manövrierbehindertes Fahrzeug blockiert das Fahrwasser.;A;Lichter, Zeichen & Schallsignale;Fahrzeug- und Verkehrssignale;Signale erkennen und Bedeutung zuordnen;true;SBFSEE-0186;see_specific;"Richtig.

Polizeifahrzeug fordert zum Anhalten auf. Das dargestellte Signal oder Zeichen kennzeichnet: Polizeifahrzeug fordert zum Anhalten auf. Solche hoheitlichen oder besonderen Sicht- und Schallsignale verlangen sofortige Beachtung und ein entsprechend angepasstes Manöver.";"Falsch.

Richtig ist: „Polizeifahrzeug fordert zum Anhalten auf.“

Das dargestellte Signal oder Zeichen kennzeichnet: Polizeifahrzeug fordert zum Anhalten auf. Solche hoheitlichen oder besonderen Sicht- und Schallsignale verlangen sofortige Beachtung und ein entsprechend angepasstes Manöver.";multiple_choice;Feedback erstellt
SBF-SEE-0187;187;SBF See;Lichter, Zeichen und Töne;See;Welche Bedeutung haben folgende Sichtzeichen?;Dauernde Sperrung der Seeschifffahrtsstraße. Weiterfahrt verboten.;Schutzbedürftige Anlage. Sog und Wellenschlag vermeiden.;Außergewöhnliche Schifffahrtsbehinderung. Vorsichtig passieren.;Ende einer Gebots- oder Verbotsstrecke. Freie Weiterfahrt.;A;Allgemeine Seemannschaft;Grundlagen;Seemännische Grundlagen sicher anwenden;true;SBFSEE-0187;see_specific;"Richtig.

Dauernde Sperrung der Seeschifffahrtsstraße. Weiterfahrt verboten. Das dargestellte Signal oder Zeichen kennzeichnet: Dauernde Sperrung der Seeschifffahrtsstraße. Weiterfahrt verboten. Solche hoheitlichen oder besonderen Sicht- und Schallsignale verlangen sofortige Beachtung und ein entsprechend angepasstes Manöver.";"Falsch.

Richtig ist: „Dauernde Sperrung der Seeschifffahrtsstraße. Weiterfahrt verboten.“

Das dargestellte Signal oder Zeichen kennzeichnet: Dauernde Sperrung der Seeschifffahrtsstraße. Weiterfahrt verboten. Solche hoheitlichen oder besonderen Sicht- und Schallsignale verlangen sofortige Beachtung und ein entsprechend angepasstes Manöver.";multiple_choice;Feedback erstellt
SBF-SEE-0188;188;SBF See;Lichter, Zeichen und Töne;See;Welche Bedeutung hat folgendes Schallsignal?;Sperrung der Seeschifffahrtsstraße, Weiterfahrt verboten.;Einfahrt in Schleuse oder Anlage gesperrt, auf Freigabe warten.;Ein Ankerlieger bei schlechter Sicht, vorsichtig weiter navigieren.;Fahrzeug des öffentlichen Dienstes, anhalten.;A;Lichter, Zeichen & Schallsignale;Fahrzeug- und Verkehrssignale;Signale erkennen und Bedeutung zuordnen;false;SBFSEE-0188;see_specific;"Richtig.

Sperrung der Seeschifffahrtsstraße, Weiterfahrt verboten. Das dargestellte Signal oder Zeichen kennzeichnet: Sperrung der Seeschifffahrtsstraße, Weiterfahrt verboten. Solche hoheitlichen oder besonderen Sicht- und Schallsignale verlangen sofortige Beachtung und ein entsprechend angepasstes Manöver.";"Falsch.

Richtig ist: „Sperrung der Seeschifffahrtsstraße, Weiterfahrt verboten.“

Das dargestellte Signal oder Zeichen kennzeichnet: Sperrung der Seeschifffahrtsstraße, Weiterfahrt verboten. Solche hoheitlichen oder besonderen Sicht- und Schallsignale verlangen sofortige Beachtung und ein entsprechend angepasstes Manöver.";multiple_choice;Feedback erstellt
SBF-SEE-0189;189;SBF See;Lichter, Zeichen und Töne;See;Welche Bedeutung haben folgende Sichtzeichen?;Außergewöhnliche Schifffahrtsbehinderung.;Dauernde Sperrung der Seeschifffahrtsstraße.;Schutzbedürftige Anlage.;Zeitweilige Sperrung der Seeschifffahrtsstraße.;A;Allgemeine Seemannschaft;Grundlagen;Seemännische Grundlagen sicher anwenden;true;SBFSEE-0189;see_specific;"Richtig.

Außergewöhnliche Schifffahrtsbehinderung. Das dargestellte Signal oder Zeichen kennzeichnet: Außergewöhnliche Schifffahrtsbehinderung. Solche hoheitlichen oder besonderen Sicht- und Schallsignale verlangen sofortige Beachtung und ein entsprechend angepasstes Manöver.";"Falsch.

Richtig ist: „Außergewöhnliche Schifffahrtsbehinderung.“

Das dargestellte Signal oder Zeichen kennzeichnet: Außergewöhnliche Schifffahrtsbehinderung. Solche hoheitlichen oder besonderen Sicht- und Schallsignale verlangen sofortige Beachtung und ein entsprechend angepasstes Manöver.";multiple_choice;Feedback erstellt
SBF-SEE-0190;190;SBF See;Lichter, Zeichen und Töne;See;Welche Bedeutung hat folgende Tonne?;Kennzeichnung der Mitte von Schifffahrtswegen.;Kennzeichnung von Einzelgefahrenstellen.;Kennzeichnung einer Reede.;Kennzeichnung der Backbordseite eines Fahrwassers.;A;Allgemeine Seemannschaft;Grundlagen;Seemännische Grundlagen sicher anwenden;true;SBFSEE-0190;see_specific;"Richtig.

Kennzeichnung der Mitte von Schifffahrtswegen. Die Tonne beziehungsweise Kennung bezeichnet: Kennzeichnung der Mitte von Schifffahrtswegen. Farbe, Form, Toppzeichen und gegebenenfalls Feuerkennung ermöglichen die Zuordnung auch bei wechselnder Sicht.";"Falsch.

Richtig ist: „Kennzeichnung der Mitte von Schifffahrtswegen.“

Die Tonne beziehungsweise Kennung bezeichnet: Kennzeichnung der Mitte von Schifffahrtswegen. Farbe, Form, Toppzeichen und gegebenenfalls Feuerkennung ermöglichen die Zuordnung auch bei wechselnder Sicht.";multiple_choice;Feedback erstellt
SBF-SEE-0191;191;SBF See;Lichter, Zeichen und Töne;See;Welche Bedeutung hat folgendes Schifffahrtszeichen?;Die Steuerbordseite des Fahrwassers.;Die Backbordseite des Fahrwassers.;Die Mitte eines Schifffahrtsweges.;Die Kennzeichnung von Hindernissen.;A;Schifffahrtszeichen & Fahrwasser;Zeichen / Betonnung;Schifffahrtszeichen und Fahrwasserinformationen interpretieren;true;SBFSEE-0191;see_specific;"Richtig.

Die Steuerbordseite des Fahrwassers. Die Tonne beziehungsweise Kennung bezeichnet: Die Steuerbordseite des Fahrwassers. Farbe, Form, Toppzeichen und gegebenenfalls Feuerkennung ermöglichen die Zuordnung auch bei wechselnder Sicht.";"Falsch.

Richtig ist: „Die Steuerbordseite des Fahrwassers.“

Die Tonne beziehungsweise Kennung bezeichnet: Die Steuerbordseite des Fahrwassers. Farbe, Form, Toppzeichen und gegebenenfalls Feuerkennung ermöglichen die Zuordnung auch bei wechselnder Sicht.";multiple_choice;Feedback erstellt
SBF-SEE-0192;192;SBF See;Lichter, Zeichen und Töne;See;Welche Bedeutung hat folgendes Schifffahrtszeichen?;Die Backbordseite des Fahrwassers.;Die Steuerbordseite des Fahrwassers.;Die Mitte eines Wattfahrwassers.;Die Kennzeichnung eines Hindernisses im Wattfahrwasser.;A;Schifffahrtszeichen & Fahrwasser;Zeichen / Betonnung;Schifffahrtszeichen und Fahrwasserinformationen interpretieren;true;SBFSEE-0192;see_specific;"Richtig.

Die Backbordseite des Fahrwassers. Die Tonne beziehungsweise Kennung bezeichnet: Die Backbordseite des Fahrwassers. Farbe, Form, Toppzeichen und gegebenenfalls Feuerkennung ermöglichen die Zuordnung auch bei wechselnder Sicht.";"Falsch.

Richtig ist: „Die Backbordseite des Fahrwassers.“

Die Tonne beziehungsweise Kennung bezeichnet: Die Backbordseite des Fahrwassers. Farbe, Form, Toppzeichen und gegebenenfalls Feuerkennung ermöglichen die Zuordnung auch bei wechselnder Sicht.";multiple_choice;Feedback erstellt
SBF-SEE-0193;193;SBF See;Lichter, Zeichen und Töne;See;Welche Bedeutung hat folgende(s) Tonne/Schifffahrtszeichen?;Die Steuerbordseite des Fahrwassers.;Die Backbordseite des Fahrwassers.;Die Mitte eines Schifffahrtsweges.;Die Kennzeichnung von Hindernissen.;A;Schifffahrtszeichen & Fahrwasser;Zeichen / Betonnung;Schifffahrtszeichen und Fahrwasserinformationen interpretieren;false;SBFSEE-0193;see_specific;"Richtig.

Die Steuerbordseite des Fahrwassers. Die Tonne beziehungsweise Kennung bezeichnet: Die Steuerbordseite des Fahrwassers. Farbe, Form, Toppzeichen und gegebenenfalls Feuerkennung ermöglichen die Zuordnung auch bei wechselnder Sicht.";"Falsch.

Richtig ist: „Die Steuerbordseite des Fahrwassers.“

Die Tonne beziehungsweise Kennung bezeichnet: Die Steuerbordseite des Fahrwassers. Farbe, Form, Toppzeichen und gegebenenfalls Feuerkennung ermöglichen die Zuordnung auch bei wechselnder Sicht.";multiple_choice;Feedback erstellt
SBF-SEE-0194;194;SBF See;Lichter, Zeichen und Töne;See;Welche Bedeutung hat folgende(s) Tonne/Schifffahrtszeichen?;Die Backbordseite des Fahrwassers.;Die Steuerbordseite des Fahrwassers.;Die Mitte eines Wattfahrwassers.;Die Kennzeichnung eines Hindernisses im Wattfahrwasser.;A;Schifffahrtszeichen & Fahrwasser;Zeichen / Betonnung;Schifffahrtszeichen und Fahrwasserinformationen interpretieren;true;SBFSEE-0194;see_specific;"Richtig.

Die Backbordseite des Fahrwassers. Die Tonne beziehungsweise Kennung bezeichnet: Die Backbordseite des Fahrwassers. Farbe, Form, Toppzeichen und gegebenenfalls Feuerkennung ermöglichen die Zuordnung auch bei wechselnder Sicht.";"Falsch.

Richtig ist: „Die Backbordseite des Fahrwassers.“

Die Tonne beziehungsweise Kennung bezeichnet: Die Backbordseite des Fahrwassers. Farbe, Form, Toppzeichen und gegebenenfalls Feuerkennung ermöglichen die Zuordnung auch bei wechselnder Sicht.";multiple_choice;Feedback erstellt
SBF-SEE-0195;195;SBF See;Lichter, Zeichen und Töne;See;Welche Bedeutung hat folgende Tonne?;Steuerbordseite des durchgehenden Fahrwassers/Backbordseite des abzweigenden oder einmündenden Fahrwassers.;Backbordseite des durchgehenden Fahrwassers/Steuerbordseite des abzweigenden oder einmündenden Fahrwassers.;Steuerbordseite des durchgehenden Fahrwassers.;Backbordseite des durchgehenden Fahrwassers.;A;Allgemeine Seemannschaft;Grundlagen;Seemännische Grundlagen sicher anwenden;true;SBFSEE-0195;see_specific;"Richtig.

Steuerbordseite des durchgehenden Fahrwassers/Backbordseite des abzweigenden oder einmündenden Fahrwassers. Die Tonne beziehungsweise Kennung bezeichnet: Steuerbordseite des durchgehenden Fahrwassers/Backbordseite des abzweigenden oder einmündenden Fahrwassers. Farbe, Form, Toppzeichen und gegebenenfalls Feuerkennung ermöglichen die Zuordnung auch bei wechselnder Sicht.";"Falsch.

Richtig ist: „Steuerbordseite des durchgehenden Fahrwassers/Backbordseite des abzweigenden oder einmündenden Fahrwassers.“

Die Tonne beziehungsweise Kennung bezeichnet: Steuerbordseite des durchgehenden Fahrwassers/Backbordseite des abzweigenden oder einmündenden Fahrwassers. Farbe, Form, Toppzeichen und gegebenenfalls Feuerkennung ermöglichen die Zuordnung auch bei wechselnder Sicht.";multiple_choice;Feedback erstellt
SBF-SEE-0196;196;SBF See;Lichter, Zeichen und Töne;See;Welche Bedeutung hat folgende Tonne?;Backbordseite des durchgehenden Fahrwassers, Steuerbordseite des abzweigenden oder einmündenden Fahrwassers.;Steuerbordseite des durchgehenden Fahrwassers, Backbordseite des abzweigenden oder einmündenden Fahrwassers.;Steuerbordseite des durchgehenden Fahrwassers.;Backbordseite des durchgehenden Fahrwassers.;A;Allgemeine Seemannschaft;Grundlagen;Seemännische Grundlagen sicher anwenden;true;SBFSEE-0196;see_specific;"Richtig.

Backbordseite des durchgehenden Fahrwassers, Steuerbordseite des abzweigenden oder einmündenden Fahrwassers. Die Tonne beziehungsweise Kennung bezeichnet: Backbordseite des durchgehenden Fahrwassers, Steuerbordseite des abzweigenden oder einmündenden Fahrwassers. Farbe, Form, Toppzeichen und gegebenenfalls Feuerkennung ermöglichen die Zuordnung auch bei wechselnder Sicht.";"Falsch.

Richtig ist: „Backbordseite des durchgehenden Fahrwassers, Steuerbordseite des abzweigenden oder einmündenden Fahrwassers.“

Die Tonne beziehungsweise Kennung bezeichnet: Backbordseite des durchgehenden Fahrwassers, Steuerbordseite des abzweigenden oder einmündenden Fahrwassers. Farbe, Form, Toppzeichen und gegebenenfalls Feuerkennung ermöglichen die Zuordnung auch bei wechselnder Sicht.";multiple_choice;Feedback erstellt
SBF-SEE-0197;197;SBF See;Lichter, Zeichen und Töne;See;"Welche Bedeutung hat folgende Kennung: ""Oc (2) R. Whis.""?";Unterbrochen (2) rot, Heultonne.;Blitz (2) rot, Glockentonne.;Blink (2) rot, Glockentonne.;Leitfeuer rot, zwei Warnsektoren.;A;Allgemeine Seemannschaft;Grundlagen;Seemännische Grundlagen sicher anwenden;false;SBFSEE-0197;see_specific;"Richtig.

Unterbrochen (2) rot, Heultonne. Die Tonne beziehungsweise Kennung bezeichnet: Unterbrochen (2) rot, Heultonne. Farbe, Form, Toppzeichen und gegebenenfalls Feuerkennung ermöglichen die Zuordnung auch bei wechselnder Sicht.";"Falsch.

Richtig ist: „Unterbrochen (2) rot, Heultonne.“

Die Tonne beziehungsweise Kennung bezeichnet: Unterbrochen (2) rot, Heultonne. Farbe, Form, Toppzeichen und gegebenenfalls Feuerkennung ermöglichen die Zuordnung auch bei wechselnder Sicht.";multiple_choice;Feedback erstellt
SBF-SEE-0198;198;SBF See;Lichter, Zeichen und Töne;See;Welche Kennung und Farbe haben die Feuer der Leuchttonnen an der Steuerbordseite des Fahrwassers?;Grünes Blitzfeuer, Funkelfeuer oder unterbrochenes Feuer in Gruppen.;Grünes Blitzfeuer, Funkelfeuer oder Festfeuer.;Grünes Blitzfeuer, Funkelfeuer oder schnelles Funkelfeuer.;Grünes Blitzfeuer, Funkelfeuer oder Blinkfeuer.;A;Schifffahrtszeichen & Fahrwasser;Zeichen / Betonnung;Schifffahrtszeichen und Fahrwasserinformationen interpretieren;false;SBFSEE-0198;see_specific;"Richtig.

Grünes Blitzfeuer, Funkelfeuer oder unterbrochenes Feuer in Gruppen. Die Tonne beziehungsweise Kennung bezeichnet: Grünes Blitzfeuer, Funkelfeuer oder unterbrochenes Feuer in Gruppen. Farbe, Form, Toppzeichen und gegebenenfalls Feuerkennung ermöglichen die Zuordnung auch bei wechselnder Sicht.";"Falsch.

Richtig ist: „Grünes Blitzfeuer, Funkelfeuer oder unterbrochenes Feuer in Gruppen.“

Die Tonne beziehungsweise Kennung bezeichnet: Grünes Blitzfeuer, Funkelfeuer oder unterbrochenes Feuer in Gruppen. Farbe, Form, Toppzeichen und gegebenenfalls Feuerkennung ermöglichen die Zuordnung auch bei wechselnder Sicht.";multiple_choice;Feedback erstellt
SBF-SEE-0199;199;SBF See;Lichter, Zeichen und Töne;See;Welche Kennung und Farbe haben die Feuer der Leuchttonnen an der Backbordseite des Fahrwassers?;Rotes Blitzfeuer, Funkelfeuer oder unterbrochenes Feuer in Gruppen.;Rotes Blitzfeuer, Funkelfeuer oder Festfeuer.;Rotes Blitzfeuer, Funkelfeuer oder schnelles Funkelfeuer.;Rotes Blitzfeuer, Funkelfeuer oder Blinkfeuer.;A;Schifffahrtszeichen & Fahrwasser;Zeichen / Betonnung;Schifffahrtszeichen und Fahrwasserinformationen interpretieren;false;SBFSEE-0199;see_specific;"Richtig.

Rotes Blitzfeuer, Funkelfeuer oder unterbrochenes Feuer in Gruppen. Die Tonne beziehungsweise Kennung bezeichnet: Rotes Blitzfeuer, Funkelfeuer oder unterbrochenes Feuer in Gruppen. Farbe, Form, Toppzeichen und gegebenenfalls Feuerkennung ermöglichen die Zuordnung auch bei wechselnder Sicht.";"Falsch.

Richtig ist: „Rotes Blitzfeuer, Funkelfeuer oder unterbrochenes Feuer in Gruppen.“

Die Tonne beziehungsweise Kennung bezeichnet: Rotes Blitzfeuer, Funkelfeuer oder unterbrochenes Feuer in Gruppen. Farbe, Form, Toppzeichen und gegebenenfalls Feuerkennung ermöglichen die Zuordnung auch bei wechselnder Sicht.";multiple_choice;Feedback erstellt
SBF-SEE-0200;200;SBF See;Lichter, Zeichen und Töne;See;Welche Bedeutung hat folgendes Schifffahrtszeichen?;Kennzeichnung einer allgemeinen Gefahrenstelle, Nordquadrant.;Kennzeichnung einer allgemeinen Gefahrenstelle, Südquadrant.;Kennzeichnung einer allgemeinen Gefahrenstelle, Westquadrant.;Kennzeichnung einer allgemeinen Gefahrenstelle, Ostquadrant.;A;Schifffahrtszeichen & Fahrwasser;Zeichen / Betonnung;Schifffahrtszeichen und Fahrwasserinformationen interpretieren;true;SBFSEE-0200;see_specific;"Richtig.

Kennzeichnung einer allgemeinen Gefahrenstelle, Nordquadrant. Das Kardinalzeichen kennzeichnet eine Gefahrenstelle und den sicheren Passierquadranten: Kennzeichnung einer allgemeinen Gefahrenstelle, Nordquadrant. Toppzeichen und weiße Funkelkennung folgen dem Zifferblattprinzip und zeigen die sichere Seite an.";"Falsch.

Richtig ist: „Kennzeichnung einer allgemeinen Gefahrenstelle, Nordquadrant.“

Das Kardinalzeichen kennzeichnet eine Gefahrenstelle und den sicheren Passierquadranten: Kennzeichnung einer allgemeinen Gefahrenstelle, Nordquadrant. Toppzeichen und weiße Funkelkennung folgen dem Zifferblattprinzip und zeigen die sichere Seite an.";multiple_choice;Feedback erstellt
SBF-SEE-0201;201;SBF See;Lichter, Zeichen und Töne;See;Welche Bedeutung hat folgendes Schifffahrtszeichen?;Kennzeichnung einer allgemeinen Gefahrenstelle, Ostquadrant.;Kennzeichnung einer allgemeinen Gefahrenstelle, Nordquadrant.;Kennzeichnung einer allgemeinen Gefahrenstelle, Westquadrant.;Kennzeichnung einer allgemeinen Gefahrenstelle, Südquadrant.;A;Schifffahrtszeichen & Fahrwasser;Zeichen / Betonnung;Schifffahrtszeichen und Fahrwasserinformationen interpretieren;true;SBFSEE-0201;see_specific;"Richtig.

Kennzeichnung einer allgemeinen Gefahrenstelle, Ostquadrant. Das Kardinalzeichen kennzeichnet eine Gefahrenstelle und den sicheren Passierquadranten: Kennzeichnung einer allgemeinen Gefahrenstelle, Ostquadrant. Toppzeichen und weiße Funkelkennung folgen dem Zifferblattprinzip und zeigen die sichere Seite an.";"Falsch.

Richtig ist: „Kennzeichnung einer allgemeinen Gefahrenstelle, Ostquadrant.“

Das Kardinalzeichen kennzeichnet eine Gefahrenstelle und den sicheren Passierquadranten: Kennzeichnung einer allgemeinen Gefahrenstelle, Ostquadrant. Toppzeichen und weiße Funkelkennung folgen dem Zifferblattprinzip und zeigen die sichere Seite an.";multiple_choice;Feedback erstellt
SBF-SEE-0202;202;SBF See;Lichter, Zeichen und Töne;See;Welche Bedeutung hat folgendes Schifffahrtszeichen?;Kennzeichnung einer allgemeinen Gefahrenstelle, Südquadrant.;Kennzeichnung einer allgemeinen Gefahrenstelle, Nordquadrant.;Kennzeichnung einer allgemeinen Gefahrenstelle, Westquadrant.;Kennzeichnung einer allgemeinen Gefahrenstelle, Ostquadrant.;A;Schifffahrtszeichen & Fahrwasser;Zeichen / Betonnung;Schifffahrtszeichen und Fahrwasserinformationen interpretieren;true;SBFSEE-0202;see_specific;"Richtig.

Kennzeichnung einer allgemeinen Gefahrenstelle, Südquadrant. Das Kardinalzeichen kennzeichnet eine Gefahrenstelle und den sicheren Passierquadranten: Kennzeichnung einer allgemeinen Gefahrenstelle, Südquadrant. Toppzeichen und weiße Funkelkennung folgen dem Zifferblattprinzip und zeigen die sichere Seite an.";"Falsch.

Richtig ist: „Kennzeichnung einer allgemeinen Gefahrenstelle, Südquadrant.“

Das Kardinalzeichen kennzeichnet eine Gefahrenstelle und den sicheren Passierquadranten: Kennzeichnung einer allgemeinen Gefahrenstelle, Südquadrant. Toppzeichen und weiße Funkelkennung folgen dem Zifferblattprinzip und zeigen die sichere Seite an.";multiple_choice;Feedback erstellt
SBF-SEE-0203;203;SBF See;Lichter, Zeichen und Töne;See;Welche Bedeutung hat folgendes Schifffahrtszeichen?;Kennzeichnung einer allgemeinen Gefahrenstelle, Westquadrant.;Kennzeichnung einer allgemeinen Gefahrenstelle, Ostquadrant.;Kennzeichnung einer allgemeinen Gefahrenstelle, Nordquadrant.;Kennzeichnung einer allgemeinen Gefahrenstelle, Südquadrant.;A;Schifffahrtszeichen & Fahrwasser;Zeichen / Betonnung;Schifffahrtszeichen und Fahrwasserinformationen interpretieren;true;SBFSEE-0203;see_specific;"Richtig.

Kennzeichnung einer allgemeinen Gefahrenstelle, Westquadrant. Das Kardinalzeichen kennzeichnet eine Gefahrenstelle und den sicheren Passierquadranten: Kennzeichnung einer allgemeinen Gefahrenstelle, Westquadrant. Toppzeichen und weiße Funkelkennung folgen dem Zifferblattprinzip und zeigen die sichere Seite an.";"Falsch.

Richtig ist: „Kennzeichnung einer allgemeinen Gefahrenstelle, Westquadrant.“

Das Kardinalzeichen kennzeichnet eine Gefahrenstelle und den sicheren Passierquadranten: Kennzeichnung einer allgemeinen Gefahrenstelle, Westquadrant. Toppzeichen und weiße Funkelkennung folgen dem Zifferblattprinzip und zeigen die sichere Seite an.";multiple_choice;Feedback erstellt
SBF-SEE-0204;204;SBF See;Lichter, Zeichen und Töne;See;Welche Bedeutung hat das Feuer einer Leuchttonne mit folgender Kennung?;Kennzeichnung einer allgemeinen Gefahrenstelle, die nördlich zu passieren ist.;Kennzeichnung einer allgemeinen Gefahrenstelle, die südlich zu passieren ist.;Kennzeichnung einer allgemeinen Gefahrenstelle, die östlich zu passieren ist.;Kennzeichnung einer allgemeinen Gefahrenstelle, die westlich zu passieren ist.;A;Allgemeine Seemannschaft;Grundlagen;Seemännische Grundlagen sicher anwenden;false;SBFSEE-0204;see_specific;"Richtig.

Kennzeichnung einer allgemeinen Gefahrenstelle, die nördlich zu passieren ist. Das Kardinalzeichen kennzeichnet eine Gefahrenstelle und den sicheren Passierquadranten: Kennzeichnung einer allgemeinen Gefahrenstelle, die nördlich zu passieren ist. Toppzeichen und weiße Funkelkennung folgen dem Zifferblattprinzip und zeigen die sichere Seite an.";"Falsch.

Richtig ist: „Kennzeichnung einer allgemeinen Gefahrenstelle, die nördlich zu passieren ist.“

Das Kardinalzeichen kennzeichnet eine Gefahrenstelle und den sicheren Passierquadranten: Kennzeichnung einer allgemeinen Gefahrenstelle, die nördlich zu passieren ist. Toppzeichen und weiße Funkelkennung folgen dem Zifferblattprinzip und zeigen die sichere Seite an.";multiple_choice;Feedback erstellt
SBF-SEE-0205;205;SBF See;Lichter, Zeichen und Töne;See;Welche Bedeutung hat das Feuer einer Leuchttonne mit folgender Kennung?;Kennzeichnung einer allgemeinen Gefahrenstelle, die östlich zu passieren ist.;Kennzeichnung einer allgemeinen Gefahrenstelle, die nördlich zu passieren ist.;Kennzeichnung einer allgemeinen Gefahrenstelle, die südlich zu passieren ist.;Kennzeichnung einer allgemeinen Gefahrenstelle, die westlich zu passieren ist.;A;Allgemeine Seemannschaft;Grundlagen;Seemännische Grundlagen sicher anwenden;true;SBFSEE-0205;see_specific;"Richtig.

Kennzeichnung einer allgemeinen Gefahrenstelle, die östlich zu passieren ist. Das Kardinalzeichen kennzeichnet eine Gefahrenstelle und den sicheren Passierquadranten: Kennzeichnung einer allgemeinen Gefahrenstelle, die östlich zu passieren ist. Toppzeichen und weiße Funkelkennung folgen dem Zifferblattprinzip und zeigen die sichere Seite an.";"Falsch.

Richtig ist: „Kennzeichnung einer allgemeinen Gefahrenstelle, die östlich zu passieren ist.“

Das Kardinalzeichen kennzeichnet eine Gefahrenstelle und den sicheren Passierquadranten: Kennzeichnung einer allgemeinen Gefahrenstelle, die östlich zu passieren ist. Toppzeichen und weiße Funkelkennung folgen dem Zifferblattprinzip und zeigen die sichere Seite an.";multiple_choice;Feedback erstellt
SBF-SEE-0206;206;SBF See;Lichter, Zeichen und Töne;See;Welche Bedeutung hat das Feuer einer Leuchttonne mit folgender Kennung?;Kennzeichnung einer allgemeinen Gefahrenstelle, Südquadrant.;Kennzeichnung einer allgemeinen Gefahrenstelle, Westquadrant.;Kennzeichnung einer allgemeinen Gefahrenstelle, Ostquadrant.;Kennzeichnung einer allgemeinen Gefahrenstelle, Nordquadrant.;A;Allgemeine Seemannschaft;Grundlagen;Seemännische Grundlagen sicher anwenden;true;SBFSEE-0206;see_specific;"Richtig.

Kennzeichnung einer allgemeinen Gefahrenstelle, Südquadrant. Das Kardinalzeichen kennzeichnet eine Gefahrenstelle und den sicheren Passierquadranten: Kennzeichnung einer allgemeinen Gefahrenstelle, Südquadrant. Toppzeichen und weiße Funkelkennung folgen dem Zifferblattprinzip und zeigen die sichere Seite an.";"Falsch.

Richtig ist: „Kennzeichnung einer allgemeinen Gefahrenstelle, Südquadrant.“

Das Kardinalzeichen kennzeichnet eine Gefahrenstelle und den sicheren Passierquadranten: Kennzeichnung einer allgemeinen Gefahrenstelle, Südquadrant. Toppzeichen und weiße Funkelkennung folgen dem Zifferblattprinzip und zeigen die sichere Seite an.";multiple_choice;Feedback erstellt
SBF-SEE-0207;207;SBF See;Lichter, Zeichen und Töne;See;Welche Bedeutung hat das Feuer einer Leuchttonne mit folgender Kennung?;Kennzeichnung einer allgemeinen Gefahrenstelle, Westquadrant. Sie ist westlich zu passieren.;Kennzeichnung einer allgemeinen Gefahrenstelle, Südquadrant. Sie ist südlich zu passieren.;Kennzeichnung einer allgemeinen Gefahrenstelle, Ostquadrant. Sie ist östlich zu passieren.;Kennzeichnung einer allgemeinen Gefahrenstelle, Nordquadrant. Sie ist nördlich zu passieren.;A;Allgemeine Seemannschaft;Grundlagen;Seemännische Grundlagen sicher anwenden;false;SBFSEE-0207;see_specific;"Richtig.

Kennzeichnung einer allgemeinen Gefahrenstelle, Westquadrant. Sie ist westlich zu passieren. Das Kardinalzeichen kennzeichnet eine Gefahrenstelle und den sicheren Passierquadranten: Kennzeichnung einer allgemeinen Gefahrenstelle, Westquadrant. Sie ist westlich zu passieren. Toppzeichen und weiße Funkelkennung folgen dem Zifferblattprinzip und zeigen die sichere Seite an.";"Falsch.

Richtig ist: „Kennzeichnung einer allgemeinen Gefahrenstelle, Westquadrant. Sie ist westlich zu passieren.“

Das Kardinalzeichen kennzeichnet eine Gefahrenstelle und den sicheren Passierquadranten: Kennzeichnung einer allgemeinen Gefahrenstelle, Westquadrant. Sie ist westlich zu passieren. Toppzeichen und weiße Funkelkennung folgen dem Zifferblattprinzip und zeigen die sichere Seite an.";multiple_choice;Feedback erstellt
SBF-SEE-0208;208;SBF See;Lichter, Zeichen und Töne;See;Was kennzeichnet eines der folgenden Schifffahrtszeichen und welches Verhalten wird gefordert?;Eine Einzelgefahrenstelle, die an allen Seiten passiert werden kann.;Den nördlichen Quadranten einer allgemeinen Gefahrenstelle, die nördlich passiert werden muss.;Den südlichen Quadranten einer allgemeinen Gefahrenstelle, die südlich passiert werden muss.;Den westlichen Quadranten einer allgemeinen Gefahrenstelle, die westlich passiert werden muss.;A;Schifffahrtszeichen & Fahrwasser;Zeichen / Betonnung;Schifffahrtszeichen und Fahrwasserinformationen interpretieren;true;SBFSEE-0208;see_specific;"Richtig.

Eine Einzelgefahrenstelle, die an allen Seiten passiert werden kann. Das Einzelgefahrenzeichen steht unmittelbar auf einer örtlich begrenzten Gefahr; schiffbares Wasser liegt rundherum, trotzdem ist mit ausreichendem Abstand zu passieren.";"Falsch.

Richtig ist: „Eine Einzelgefahrenstelle, die an allen Seiten passiert werden kann.“

Das Einzelgefahrenzeichen steht unmittelbar auf einer örtlich begrenzten Gefahr; schiffbares Wasser liegt rundherum, trotzdem ist mit ausreichendem Abstand zu passieren.";multiple_choice;Feedback erstellt
SBF-SEE-0209;209;SBF See;Verkehrstrennungsgebiete;See;Welche Bedeutung hat das Feuer einer Leuchttonne mit folgender Kennung: Fl. (2)?;Eine Einzelgefahrenstelle, die an allen Seiten passiert werden kann.;Nördlicher Quadrant einer allgemeinen Gefahrenstelle, die nördlich passiert werden muss.;Südlicher Quadrant einer allgemeinen Gefahrenstelle, die südlich passiert werden muss.;Westlicher Quadrant einer allgemeinen Gefahrenstelle, die westlich passiert werden muss.;A;Allgemeine Seemannschaft;Grundlagen;Seemännische Grundlagen sicher anwenden;false;SBFSEE-0209;see_specific;"Richtig.

Eine Einzelgefahrenstelle, die an allen Seiten passiert werden kann. Das Einzelgefahrenzeichen steht unmittelbar auf einer örtlich begrenzten Gefahr; schiffbares Wasser liegt rundherum, trotzdem ist mit ausreichendem Abstand zu passieren.";"Falsch.

Richtig ist: „Eine Einzelgefahrenstelle, die an allen Seiten passiert werden kann.“

Das Einzelgefahrenzeichen steht unmittelbar auf einer örtlich begrenzten Gefahr; schiffbares Wasser liegt rundherum, trotzdem ist mit ausreichendem Abstand zu passieren.";multiple_choice;Feedback erstellt
SBF-SEE-0210;210;SBF See;Verkehrstrennungsgebiete;See;Was versteht man unter einem Leitfeuer?;Sektorenfeuer, das ein Fahrwasser bezeichnet.;Sektorenfeuer, das auf eine Kursänderung im Fahrwasser hinweist.;Ober- und Unterfeuer, die in Deckung zu bringen sind.;Ober- und Unterfeuer mit unterschiedlichen Farbsektoren.;A;Allgemeine Seemannschaft;Grundlagen;Seemännische Grundlagen sicher anwenden;false;SBFSEE-0210;see_specific;"Richtig.

Sektorenfeuer, das ein Fahrwasser bezeichnet. Ein Leitfeuer verwendet farbige Sektoren, um die Lage des sicheren Fahrwassers gegenüber seitlichen Gefahren anzuzeigen.";"Falsch.

Richtig ist: „Sektorenfeuer, das ein Fahrwasser bezeichnet.“

Ein Leitfeuer verwendet farbige Sektoren, um die Lage des sicheren Fahrwassers gegenüber seitlichen Gefahren anzuzeigen.";multiple_choice;Feedback erstellt
SBF-SEE-0211;211;SBF See;Verkehrstrennungsgebiete;See;Wie navigiert man mittels eines Leitfeuers?;In Fahrtrichtung an der rechten Seite des weißen Leitsektors halten.;In Fahrtrichtung an der linken Seite des weißen Leitsektors halten.;In Fahrtrichtung in der Mitte des weißen Leitsektors halten.;In Fahrtrichtung Ober- und Unterfeuer in Deckung halten.;A;Allgemeine Seemannschaft;Grundlagen;Seemännische Grundlagen sicher anwenden;false;SBFSEE-0211;see_specific;"Richtig.

In Fahrtrichtung an der rechten Seite des weißen Leitsektors halten. Der weiße Leitsektor kennzeichnet den sicheren Bereich; die rechte Seite in Fahrtrichtung schafft Reserve zur richtigen Fahrwasserseite.";"Falsch.

Richtig ist: „In Fahrtrichtung an der rechten Seite des weißen Leitsektors halten.“

Der weiße Leitsektor kennzeichnet den sicheren Bereich; die rechte Seite in Fahrtrichtung schafft Reserve zur richtigen Fahrwasserseite.";multiple_choice;Feedback erstellt
SBF-SEE-0212;212;SBF See;Verkehrstrennungsgebiete;See;Was versteht man unter einem Richtfeuer?;Ober- und Unterfeuer, die in Deckung zu bringen sind.;Sektorenfeuer, das ein Fahrwasser bezeichnet.;Sektorenfeuer, das auf eine Kursänderung im Fahrwasser hinweist.;Ober- und Unterfeuer mit unterschiedlichen Farbsektoren.;A;Allgemeine Seemannschaft;Grundlagen;Seemännische Grundlagen sicher anwenden;false;SBFSEE-0212;see_specific;"Richtig.

Ober- und Unterfeuer, die in Deckung zu bringen sind. Sind Ober- und Unterfeuer genau in Deckung, befindet sich das Fahrzeug auf der vorgegebenen Richtfeuerlinie.";"Falsch.

Richtig ist: „Ober- und Unterfeuer, die in Deckung zu bringen sind.“

Sind Ober- und Unterfeuer genau in Deckung, befindet sich das Fahrzeug auf der vorgegebenen Richtfeuerlinie.";multiple_choice;Feedback erstellt
SBF-SEE-0213;213;SBF See;Verkehrstrennungsgebiete;See;Was versteht man unter einem Quermarkenfeuer?;Sektorenfeuer, das auf eine Kursänderung im Fahrwasser hinweist.;Sektorenfeuer, das ein Fahrwasser bezeichnet.;Ober- und Unterfeuer, die in Deckung zu bringen sind.;Ober- und Unterfeuer mit unterschiedlichen Farbsektoren.;A;Allgemeine Seemannschaft;Grundlagen;Seemännische Grundlagen sicher anwenden;false;SBFSEE-0213;see_specific;"Richtig.

Sektorenfeuer, das auf eine Kursänderung im Fahrwasser hinweist. Ein Quermarkenfeuer liegt seitlich zum Fahrwasser und kündigt durch seine Sektorfolge den Punkt einer Kursänderung an.";"Falsch.

Richtig ist: „Sektorenfeuer, das auf eine Kursänderung im Fahrwasser hinweist.“

Ein Quermarkenfeuer liegt seitlich zum Fahrwasser und kündigt durch seine Sektorfolge den Punkt einer Kursänderung an.";multiple_choice;Feedback erstellt
SBF-SEE-0214;214;SBF See;Verkehrstrennungsgebiete;See;Wie navigiert man mittels eines Quermarkenfeuers?;Beim Übergang vom Ankündigungssektor in den Kursänderungssektor die Kursänderung vornehmen.;Beim Erreichen des Ankündigungssektors die Kursänderung vornehmen.;Beim Erreichen des Kursänderungssektors den Kurs beibehalten.;Beim Erreichen des Ankündigungssektors Ober- und Unterfeuer in Deckung halten.;A;Allgemeine Seemannschaft;Grundlagen;Seemännische Grundlagen sicher anwenden;false;SBFSEE-0214;see_specific;"Richtig.

Beim Übergang vom Ankündigungssektor in den Kursänderungssektor die Kursänderung vornehmen. Der Sektorwechsel markiert den vorgesehenen Drehpunkt; dort wird auf den neuen Fahrwasserkurs gegangen.";"Falsch.

Richtig ist: „Beim Übergang vom Ankündigungssektor in den Kursänderungssektor die Kursänderung vornehmen.“

Der Sektorwechsel markiert den vorgesehenen Drehpunkt; dort wird auf den neuen Fahrwasserkurs gegangen.";multiple_choice;Feedback erstellt
SBF-SEE-0215;215;SBF See;Verkehrstrennungsgebiete;See;Was versteht man unter einem unterbrochenen Feuer?;Die Lichterscheinung ist stets länger als die Verdunkelung.;Die Lichterscheinung ist stets kürzer als die Verdunkelung.;Die Lichterscheinung ist stets gleich lang wie die Verdunkelung.;Die Lichterscheinung ist stets kürzer als 2 Sekunden.;A;Allgemeine Seemannschaft;Grundlagen;Seemännische Grundlagen sicher anwenden;false;SBFSEE-0215;see_specific;"Richtig.

Die Lichterscheinung ist stets länger als die Verdunkelung. Beim unterbrochenen Feuer überwiegt die Lichtphase gegenüber der Dunkelphase; genau dieses Verhältnis bestimmt die Kennung.";"Falsch.

Richtig ist: „Die Lichterscheinung ist stets länger als die Verdunkelung.“

Beim unterbrochenen Feuer überwiegt die Lichtphase gegenüber der Dunkelphase; genau dieses Verhältnis bestimmt die Kennung.";multiple_choice;Feedback erstellt
SBF-SEE-0216;216;SBF See;Verkehrstrennungsgebiete;See;Wo findet man die Grenzen der Naturschutzgebiete auf See?;In Seekarten und Sportschifffahrtskarten des Bundesamtes für Seeschifffahrt und Hydrographie.;Im Bundesnaturschutzgesetz.;In der Seeschifffahrtsstraßen-Ordnung.;In den Kollisionsverhütungsregeln.;A;Allgemeine Seemannschaft;Grundlagen;Seemännische Grundlagen sicher anwenden;false;SBFSEE-0216;see_specific;"Richtig.

In Seekarten und Sportschifffahrtskarten des Bundesamtes für Seeschifffahrt und Hydrographie. Seekarten und Sportschifffahrtskarten zeigen Lage und Grenzen der Schutzgebiete und enthalten auszugsweise die für die Fahrt wichtigen Hinweise.";"Falsch.

Richtig ist: „In Seekarten und Sportschifffahrtskarten des Bundesamtes für Seeschifffahrt und Hydrographie.“

Seekarten und Sportschifffahrtskarten zeigen Lage und Grenzen der Schutzgebiete und enthalten auszugsweise die für die Fahrt wichtigen Hinweise.";multiple_choice;Feedback erstellt
SBF-SEE-0217;217;SBF See;Umweltschutz;See;Wo findet man auszugsweise Hinweise zu Befahrensmöglichkeiten der Naturschutzgebiete in Küstengewässern?;In Seekarten und Sportschifffahrtskarten des Bundesamtes für Seeschifffahrt und Hydrographie.;Im Bundesnaturschutzgesetz.;In der Seeschifffahrtsstraßen-Ordnung.;In den Kollisionsverhütungsregeln.;A;Allgemeine Seemannschaft;Grundlagen;Seemännische Grundlagen sicher anwenden;false;SBFSEE-0217;see_specific;"Richtig.

In Seekarten und Sportschifffahrtskarten des Bundesamtes für Seeschifffahrt und Hydrographie. Seekarten und Sportschifffahrtskarten zeigen Lage und Grenzen der Schutzgebiete und enthalten auszugsweise die für die Fahrt wichtigen Hinweise.";"Falsch.

Richtig ist: „In Seekarten und Sportschifffahrtskarten des Bundesamtes für Seeschifffahrt und Hydrographie.“

Seekarten und Sportschifffahrtskarten zeigen Lage und Grenzen der Schutzgebiete und enthalten auszugsweise die für die Fahrt wichtigen Hinweise.";multiple_choice;Feedback erstellt
SBF-SEE-0218;218;SBF See;Umweltschutz;See;Weshalb sollte das Anlaufen von Seehundbänken im Bereich der Watten vermieden werden?;Die Tiere sollen nicht gestört oder vertrieben werden.;Im Bereich von Seehundbänken ist mit Untiefen zu rechnen.;Tiefenangaben zu Seehundbänken sind im Kartenwerk nicht verzeichnet.;Seehundbänke sind gesperrte Wasserflächen.;A;Allgemeine Seemannschaft;Grundlagen;Seemännische Grundlagen sicher anwenden;false;SBFSEE-0218;see_specific;"Richtig.

Die Tiere sollen nicht gestört oder vertrieben werden. Störungen können Ruhe, Aufzucht und Energiehaushalt der Seehunde beeinträchtigen; deshalb werden ihre Liegeplätze nicht angelaufen.";"Falsch.

Richtig ist: „Die Tiere sollen nicht gestört oder vertrieben werden.“

Störungen können Ruhe, Aufzucht und Energiehaushalt der Seehunde beeinträchtigen; deshalb werden ihre Liegeplätze nicht angelaufen.";multiple_choice;Feedback erstellt
SBF-SEE-0219;219;SBF See;Umweltschutz;See;"Welcher Abstand sollte gemäß den ""10 Goldenen Regeln"" für das Verhalten von Wassersportlern mindestens zu Liegeplätzen von Seehunden und zu Vogelansammlungen eingehalten werden?";300 m bis 500 m.;150 m bis 200 m.;100 m bis 300 m.;200 m bis 300 m.;A;Allgemeine Seemannschaft;Grundlagen;Seemännische Grundlagen sicher anwenden;false;SBFSEE-0219;see_specific;"Richtig.

300 m bis 500 m. Der Abstand von 300 bis 500 Metern vermindert Störungen an Ruhe-, Brut- und Sammelplätzen empfindlicher Tiere.";"Falsch.

Richtig ist: „300 m bis 500 m.“

Der Abstand von 300 bis 500 Metern vermindert Störungen an Ruhe-, Brut- und Sammelplätzen empfindlicher Tiere.";multiple_choice;Feedback erstellt
SBF-SEE-0220;220;SBF See;Umweltschutz;See;Was versteht man unter einem Blinkfeuer?;Lichterscheinung kürzer als Verdunkelung, Blink mindestens 2 s lang.;Lichterscheinung kürzer als Verdunkelung, Blink weniger als 2 s lang.;Lichterscheinung länger als Verdunkelung, Blink mindestens 2 s lang.;Lichterscheinung länger als Verdunkelung, Blink weniger als 2 s lang.;A;Allgemeine Seemannschaft;Grundlagen;Seemännische Grundlagen sicher anwenden;false;SBFSEE-0220;see_specific;"Richtig.

Lichterscheinung kürzer als Verdunkelung, Blink mindestens 2 s lang. Beim Blinkfeuer ist die Lichtphase kürzer als die Dunkelphase, dauert aber mindestens zwei Sekunden.";"Falsch.

Richtig ist: „Lichterscheinung kürzer als Verdunkelung, Blink mindestens 2 s lang.“

Beim Blinkfeuer ist die Lichtphase kürzer als die Dunkelphase, dauert aber mindestens zwei Sekunden.";multiple_choice;Feedback erstellt
SBF-SEE-0221;221;SBF See;Umweltschutz;See;Was versteht man unter einem Blitzfeuer?;Lichterscheinung kürzer als Verdunkelung, Blitz weniger als 2 s lang.;Lichterscheinung kürzer als Verdunkelung, Blitz länger als 2 s lang.;Lichterscheinung länger als Verdunkelung, Blitz mindestens 2 s lang.;Lichterscheinung länger als Verdunkelung, Blitz weniger als 2 s lang.;A;Allgemeine Seemannschaft;Grundlagen;Seemännische Grundlagen sicher anwenden;false;SBFSEE-0221;see_specific;"Richtig.

Lichterscheinung kürzer als Verdunkelung, Blitz weniger als 2 s lang. Beim Blitzfeuer ist die kurze Lichterscheinung unter zwei Sekunden lang und kürzer als die anschließende Dunkelphase.";"Falsch.

Richtig ist: „Lichterscheinung kürzer als Verdunkelung, Blitz weniger als 2 s lang.“

Beim Blitzfeuer ist die kurze Lichterscheinung unter zwei Sekunden lang und kürzer als die anschließende Dunkelphase.";multiple_choice;Feedback erstellt
SBF-SEE-0222;222;SBF See;Umweltschutz;See;Was versteht man unter einem Funkelfeuer?;50 bis 60 aufeinanderfolgende Lichterscheinungen pro Minute.;100 bis 120 aufeinanderfolgende Lichterscheinungen pro Minute.;130 bis 150 aufeinanderfolgende Lichterscheinungen pro Minute.;30 bis 40 aufeinanderfolgende Lichterscheinungen pro Minute.;A;Allgemeine Seemannschaft;Grundlagen;Seemännische Grundlagen sicher anwenden;false;SBFSEE-0222;see_specific;"Richtig.

50 bis 60 aufeinanderfolgende Lichterscheinungen pro Minute. Die hohe Folge von 50 bis 60 Lichtimpulsen pro Minute erzeugt den charakteristischen funkelnden Eindruck.";"Falsch.

Richtig ist: „50 bis 60 aufeinanderfolgende Lichterscheinungen pro Minute.“

Die hohe Folge von 50 bis 60 Lichtimpulsen pro Minute erzeugt den charakteristischen funkelnden Eindruck.";multiple_choice;Feedback erstellt
SBF-SEE-0223;223;SBF See;Umweltschutz;See;Was versteht man unter einem Gleichtaktfeuer?;Lichterscheinung und Verdunkelung von gleicher Länge.;Lichterscheinung kürzer als Verdunkelung.;Lichterscheinung länger als Verdunkelung.;Lichterscheinung zweifach länger als Verdunkelung.;A;Allgemeine Seemannschaft;Grundlagen;Seemännische Grundlagen sicher anwenden;false;SBFSEE-0223;see_specific;"Richtig.

Lichterscheinung und Verdunkelung von gleicher Länge. Beim Gleichtaktfeuer sind Licht- und Dunkelphase gleich lang; dieses Zeitverhältnis unterscheidet es von Blink- und unterbrochenem Feuer.";"Falsch.

Richtig ist: „Lichterscheinung und Verdunkelung von gleicher Länge.“

Beim Gleichtaktfeuer sind Licht- und Dunkelphase gleich lang; dieses Zeitverhältnis unterscheidet es von Blink- und unterbrochenem Feuer.";multiple_choice;Feedback erstellt
SBF-SEE-0224;224;SBF See;Umweltschutz;See;Was versteht man unter der Wiederkehr eines Leuchtfeuers?;Zeitraum vom Einsetzen der Taktkennung bis zum Einsetzen der nächsten gleichen Taktkennung.;Zeitraum vom Ende der Taktkennung bis zum Einsetzen der nächsten gleichen Taktkennung.;Zeitraum vom Einsetzen der Taktkennung bis zum Ende der nächsten gleichen Taktkennung.;Zeitraum vom Einsetzen der Taktkennung bis zum Ende der Taktkennung.;A;Allgemeine Seemannschaft;Grundlagen;Seemännische Grundlagen sicher anwenden;false;SBFSEE-0224;see_specific;"Richtig.

Zeitraum vom Einsetzen der Taktkennung bis zum Einsetzen der nächsten gleichen Taktkennung. Die Wiederkehr umfasst einen vollständigen Kennungszyklus und wird vom Beginn einer Kennung bis zum Beginn ihrer nächsten Wiederholung gemessen.";"Falsch.

Richtig ist: „Zeitraum vom Einsetzen der Taktkennung bis zum Einsetzen der nächsten gleichen Taktkennung.“

Die Wiederkehr umfasst einen vollständigen Kennungszyklus und wird vom Beginn einer Kennung bis zum Beginn ihrer nächsten Wiederholung gemessen.";multiple_choice;Feedback erstellt
SBF-SEE-0225;225;SBF See;Umweltschutz;See;Wie hat man sich beim Befahren von Naturschutzgebieten und Nationalparken zu verhalten?;Befahrensregelungen beachten.;Befahrensregelungen beachten und sich bei der Nationalparkverwaltung anmelden.;Befahrensregelungen beachten sowie Wasserschutzpolizei und Wasserstraßen- und Schifffahrtsamt informieren.;Befahrensregelungen sowie Festlegungen der Ordnungsämter beachten.;A;Allgemeine Seemannschaft;Grundlagen;Seemännische Grundlagen sicher anwenden;false;SBFSEE-0225;see_specific;"Richtig.

Befahrensregelungen beachten. Maßgeblich ist: Befahrensregelungen beachten. Schutzgebiete und ausgewiesene Zonen dürfen nur im Rahmen ihrer örtlichen Befahrens- und Nutzungsregeln genutzt werden.";"Falsch.

Richtig ist: „Befahrensregelungen beachten.“

Maßgeblich ist: Befahrensregelungen beachten. Schutzgebiete und ausgewiesene Zonen dürfen nur im Rahmen ihrer örtlichen Befahrens- und Nutzungsregeln genutzt werden.";multiple_choice;Feedback erstellt
SBF-SEE-0226;226;SBF See;Umweltschutz;See;Welche Sondervorschriften enthalten die örtlichen Befahrensregelungen in den Naturschutzgebieten und Nationalparks?;Befahrensverbote, Befahrensbeschränkungen, Geschwindigkeitsbeschränkungen, besondere Regelungen für das Wasserskilaufen, das Fahren mit Wassermotorrädern und das Segelsurfen.;Befahrensverbote, Schifffahrtssperrungen, Geschwindigkeitsbeschränkungen, besondere Regelungen für das Befahren von Windparks.;Befahrensverbote, Befahrensbeschränkungen, Mindestgeschwindigkeiten, besondere Regelungen für das Befahren von Verkehrstrennungsgebieten.;Befahrensverbote, meteorologische Beschränkungen, besondere Regelungen für das Befahren der Tiefwasserzonen.;A;Allgemeine Seemannschaft;Grundlagen;Seemännische Grundlagen sicher anwenden;false;SBFSEE-0226;see_specific;"Richtig.

Befahrensverbote, Befahrensbeschränkungen, Geschwindigkeitsbeschränkungen, besondere Regelungen für das Wasserskilaufen, das Fahren mit Wassermotorrädern und das Segelsurfen. Maßgeblich ist: Befahrensverbote, Befahrensbeschränkungen, Geschwindigkeitsbeschränkungen, besondere Regelungen für das Wasserskilaufen, das Fahren mit Wassermotorrädern und das Segelsurfen. Schutzgebiete und ausgewiesene Zonen dürfen nur im Rahmen ihrer örtlichen Befahrens- und Nutzungsregeln genutzt werden.";"Falsch.

Richtig ist: „Befahrensverbote, Befahrensbeschränkungen, Geschwindigkeitsbeschränkungen, besondere Regelungen für das Wasserskilaufen, das Fahren mit Wassermotorrädern und das Segelsurfen.“

Maßgeblich ist: Befahrensverbote, Befahrensbeschränkungen, Geschwindigkeitsbeschränkungen, besondere Regelungen für das Wasserskilaufen, das Fahren mit Wassermotorrädern und das Segelsurfen. Schutzgebiete und ausgewiesene Zonen dürfen nur im Rahmen ihrer örtlichen Befahrens- und Nutzungsregeln genutzt werden.";multiple_choice;Feedback erstellt
SBF-SEE-0227;227;SBF See;Umweltschutz;See;Welche Verkehre können in einer ausgewiesenen Erlaubniszone zugelassen werden?;Bestimmte Wassersportgeräte.;Bestimmte Fischereifahrzeuge.;Bestimmte Bodeneffekt- und Luftkissenfahrzeuge.;Bestimmte Arbeitsgeräte für die Erkundung fossiler Brennstoffe.;A;Allgemeine Seemannschaft;Grundlagen;Seemännische Grundlagen sicher anwenden;false;SBFSEE-0227;see_specific;"Richtig.

Bestimmte Wassersportgeräte. Maßgeblich ist: Bestimmte Wassersportgeräte. Schutzgebiete und ausgewiesene Zonen dürfen nur im Rahmen ihrer örtlichen Befahrens- und Nutzungsregeln genutzt werden.";"Falsch.

Richtig ist: „Bestimmte Wassersportgeräte.“

Maßgeblich ist: Bestimmte Wassersportgeräte. Schutzgebiete und ausgewiesene Zonen dürfen nur im Rahmen ihrer örtlichen Befahrens- und Nutzungsregeln genutzt werden.";multiple_choice;Feedback erstellt
SBF-SEE-0228;228;SBF See;Navigation;See;Was verstehen Sie gemäß Nordsee-Befahrens-Verordnung (NordSBefV) unter Schnellfahrkorridore?;Ausgewiesene Wasserflächen für den gewerblichen Verkehr.;Ausgewiesene Wasserflächen für bestimmte Sportbootverkehre.;Wasserflächen zum Starten und Landen von Wasserflugzeugen.;Wasserflächen, von denen Taucher 500 m Abstand halten müssen.;A;Allgemeine Seemannschaft;Grundlagen;Seemännische Grundlagen sicher anwenden;false;SBFSEE-0228;see_specific;"Richtig.

Ausgewiesene Wasserflächen für den gewerblichen Verkehr. Maßgeblich ist: Ausgewiesene Wasserflächen für den gewerblichen Verkehr. Schutzgebiete und ausgewiesene Zonen dürfen nur im Rahmen ihrer örtlichen Befahrens- und Nutzungsregeln genutzt werden.";"Falsch.

Richtig ist: „Ausgewiesene Wasserflächen für den gewerblichen Verkehr.“

Maßgeblich ist: Ausgewiesene Wasserflächen für den gewerblichen Verkehr. Schutzgebiete und ausgewiesene Zonen dürfen nur im Rahmen ihrer örtlichen Befahrens- und Nutzungsregeln genutzt werden.";multiple_choice;Feedback erstellt
SBF-SEE-0229;229;SBF See;Navigation;See;Wie hoch, soweit die Nordsee-Befahrens-Verordnung (NordSBefV) nicht ausdrücklich etwas anderes bestimmt, ist die maximale Geschwindigkeit, die ein Maschinenfahrzeug in Nationalparken im Bereich der Nordsee fahren darf?;12 Knoten über Grund.;12 Knoten Fahrt durchs Wasser.;10 Knoten Fahrt über Grund.;10 Knoten Fahrt durchs Wasser.;A;Seemannschaft & Technik;Manöver / Bordtechnik;Boot sicher manövrieren und Technik beurteilen;false;SBFSEE-0229;see_specific;"Richtig.

12 Knoten über Grund. Die Begrenzung bezieht sich auf Geschwindigkeit über Grund, damit die tatsächliche Bewegung durch das Schutzgebiet maßgeblich ist.";"Falsch.

Richtig ist: „12 Knoten über Grund.“

Die Begrenzung bezieht sich auf Geschwindigkeit über Grund, damit die tatsächliche Bewegung durch das Schutzgebiet maßgeblich ist.";multiple_choice;Feedback erstellt
SBF-SEE-0230;230;SBF See;Navigation;See;Welche Verpflichtung hat man als Bootsführer, um einen Beitrag zur Reinhaltung der Gewässer zu leisten?;Sämtliche Abfälle einschließlich Öle und Betriebsstoffe an Bord in geeigneten Behältern sammeln und an Land vorschriftsmäßig entsorgen.;Abfälle und Öle nur auf offener See entsorgen.;Nur Bioabfälle und restentleerte Behälter auf See entsorgen.;Abwässer in Ufer- und Strandnähe sowie in Häfen einleiten.;A;Allgemeine Seemannschaft;Grundlagen;Seemännische Grundlagen sicher anwenden;false;SBFSEE-0230;see_specific;"Richtig.

Sämtliche Abfälle einschließlich Öle und Betriebsstoffe an Bord in geeigneten Behältern sammeln und an Land vorschriftsmäßig entsorgen. Abfälle und Betriebsstoffe gehören nicht ins Wasser; Sammlung an Bord und geregelte Entsorgung an Land verhindern Gewässerverunreinigung.";"Falsch.

Richtig ist: „Sämtliche Abfälle einschließlich Öle und Betriebsstoffe an Bord in geeigneten Behältern sammeln und an Land vorschriftsmäßig entsorgen.“

Abfälle und Betriebsstoffe gehören nicht ins Wasser; Sammlung an Bord und geregelte Entsorgung an Land verhindern Gewässerverunreinigung.";multiple_choice;Feedback erstellt
SBF-SEE-0231;231;SBF See;Navigation;See;Welche amtlichen nautischen Veröffentlichungen geben Aufschluss über das Fahrtgebiet?;Seekarten, Leuchtfeuerverzeichnis, Seehandbücher, Gezeitentafeln oder -kalender, Funkdienst für die Klein- und Sportschifffahrt, Nachrichten für Seefahrer (NfS), Bekanntmachungen für Seefahrer (BfS).;Seekarten, Verordnung über die Sicherung der Seefahrt, Seehandbücher, Gezeitentafeln oder -kalender, Funkdienst für die Klein- und Sportschifffahrt, Nachrichten für Seefahrer (NfS).;Seeschifffahrtsstraßen-Ordnung, Leuchtfeuerverzeichnis, Seehandbücher, Verordnung über die Sicherung der Seefahrt, Gezeitentafeln oder -kalender, Bekanntmachungen der Generaldirektion Wasserstraßen und Schifffahrt (GDWS).;Schifffahrtspolizeiliche Anordnungen, Gezeitentafeln oder Funkdienst für die Klein- und Sportschifffahrt, Nachrichten für Seefahrer (NfS), Bekanntmachungen für Seefahrer (BfS).;A;Allgemeine Seemannschaft;Grundlagen;Seemännische Grundlagen sicher anwenden;false;SBFSEE-0231;see_specific;"Richtig.

Seekarten, Leuchtfeuerverzeichnis, Seehandbücher, Gezeitentafeln oder -kalender, Funkdienst für die Klein- und Sportschifffahrt, Nachrichten für Seefahrer (NfS), Bekanntmachungen für Seefahrer (BfS). Erst die Kombination aus Karte, Revierbeschreibung, Gezeiten-, Feuer- und Funkinformationen ergibt ein aktuelles Bild des Fahrtgebiets.";"Falsch.

Richtig ist: „Seekarten, Leuchtfeuerverzeichnis, Seehandbücher, Gezeitentafeln oder -kalender, Funkdienst für die Klein- und Sportschifffahrt, Nachrichten für Seefahrer (NfS), Bekanntmachungen für Seefahrer (BfS).“

Erst die Kombination aus Karte, Revierbeschreibung, Gezeiten-, Feuer- und Funkinformationen ergibt ein aktuelles Bild des Fahrtgebiets.";multiple_choice;Feedback erstellt
SBF-SEE-0232;232;SBF See;Navigation;See;Welche Angaben enthalten die Nachrichten für Seefahrer (NfS) und die Bekanntmachungen für Seefahrer (BfS)?;Sie enthalten alle Veränderungen hinsichtlich Betonnung, Befeuerung, Wracks, Untiefen sowie andere die Schifffahrt betreffende Maßnahmen und Ereignisse.;Sie enthalten alle Veränderungen hinsichtlich Betonnung, Befeuerung, Wracks, Untiefen sowie andere Änderungen der Seeschifffahrtsstraßen-Ordnung.;Sie enthalten alle Veränderungen hinsichtlich Betonnung, Befeuerung, Wracks sowie die aktuellen Wasserstände.;Sie enthalten alle Veränderungen hinsichtlich Betonnung, Befeuerung, Wracks, Untiefen sowie andere die Schifffahrt betreffende meteorologische Hinweise.;A;Allgemeine Seemannschaft;Grundlagen;Seemännische Grundlagen sicher anwenden;false;SBFSEE-0232;see_specific;"Richtig.

Sie enthalten alle Veränderungen hinsichtlich Betonnung, Befeuerung, Wracks, Untiefen sowie andere die Schifffahrt betreffende Maßnahmen und Ereignisse. NfS und BfS berichtigen oder ergänzen nautische Informationen, wenn sich Betonnung, Feuer, Tiefen, Hindernisse oder Maßnahmen ändern.";"Falsch.

Richtig ist: „Sie enthalten alle Veränderungen hinsichtlich Betonnung, Befeuerung, Wracks, Untiefen sowie andere die Schifffahrt betreffende Maßnahmen und Ereignisse.“

NfS und BfS berichtigen oder ergänzen nautische Informationen, wenn sich Betonnung, Feuer, Tiefen, Hindernisse oder Maßnahmen ändern.";multiple_choice;Feedback erstellt
SBF-SEE-0233;233;SBF See;Navigation;See;Welchen Effekt können Wind und gegenläufiger Tidenstrom im Bereich von Seegaten haben?;Steile und aufbäumende Seen (Brecher).;Der Tidenstrom wird durch den Wind verstärkt.;Keinen.;Der Tidenstrom glättet die Windsee.;A;Allgemeine Seemannschaft;Grundlagen;Seemännische Grundlagen sicher anwenden;false;SBFSEE-0233;see_specific;"Richtig.

Steile und aufbäumende Seen (Brecher). Laufen Wind und Tidenstrom gegeneinander, werden die Wellen kürzer und steiler und können besonders in Seegaten brechen.";"Falsch.

Richtig ist: „Steile und aufbäumende Seen (Brecher).“

Laufen Wind und Tidenstrom gegeneinander, werden die Wellen kürzer und steiler und können besonders in Seegaten brechen.";multiple_choice;Feedback erstellt
SBF-SEE-0234;234;SBF See;Navigation;See;Wo findet man Angaben über Küsten-, Häfen- und Naturverhältnisse?;In den See- und Hafenhandbüchern.;In den Bekanntmachungen und Nachrichten für Seefahrer.;Im Nautischen Revierfunkdienst.;In der Seekarte INT1.;A;Allgemeine Seemannschaft;Grundlagen;Seemännische Grundlagen sicher anwenden;false;SBFSEE-0234;see_specific;"Richtig.

In den See- und Hafenhandbüchern. Die genannten nautischen Unterlagen enthalten genau diese revier- beziehungsweise zeitbezogenen Angaben: In den See- und Hafenhandbüchern. Für eine sichere Planung müssen sie aktuell und für den konkreten Ort passend sein.";"Falsch.

Richtig ist: „In den See- und Hafenhandbüchern.“

Die genannten nautischen Unterlagen enthalten genau diese revier- beziehungsweise zeitbezogenen Angaben: In den See- und Hafenhandbüchern. Für eine sichere Planung müssen sie aktuell und für den konkreten Ort passend sein.";multiple_choice;Feedback erstellt
SBF-SEE-0235;235;SBF See;Navigation;See;Wovon sollte man sich vor Gebrauch einer Seekarte überzeugen?;Dass die Karte auf den neuesten Stand berichtigt ist.;Dass die Nummerierung mit dem Katalog übereinstimmt.;Dass die Seekarte auf mittleres Tidehochwasser bezogen ist.;Dass die obere Kante in Nordrichtung weist.;A;Navigation;Navigation Grundlagen;Nautische Informationen berechnen und in der Seekarte anwenden;false;SBFSEE-0235;see_specific;"Richtig.

Dass die Karte auf den neuesten Stand berichtigt ist. Eine unberichtigte Karte kann veraltete Tonnen, Tiefen oder Hindernisse zeigen und dadurch unmittelbar zu Navigationsfehlern führen.";"Falsch.

Richtig ist: „Dass die Karte auf den neuesten Stand berichtigt ist.“

Eine unberichtigte Karte kann veraltete Tonnen, Tiefen oder Hindernisse zeigen und dadurch unmittelbar zu Navigationsfehlern führen.";multiple_choice;Feedback erstellt
SBF-SEE-0236;236;SBF See;Navigation;See;In welchen Maßeinheiten werden in deutschen Seekarten die Tiefen angegeben?;In Meter und Dezimeter.;In Meter und Zentimeter.;In Fuß und Inch.;In Dezimeter und Zentimeter.;A;Navigation;Navigation Grundlagen;Nautische Informationen berechnen und in der Seekarte anwenden;false;SBFSEE-0236;see_specific;"Richtig.

In Meter und Dezimeter. Tiefenangaben in deutschen Seekarten werden metrisch gelesen; die Nachkommastelle bezeichnet Dezimeter.";"Falsch.

Richtig ist: „In Meter und Dezimeter.“

Tiefenangaben in deutschen Seekarten werden metrisch gelesen; die Nachkommastelle bezeichnet Dezimeter.";multiple_choice;Feedback erstellt
SBF-SEE-0237;237;SBF See;Navigation;See;Wo findet man Bedeutungen und Erläuterungen zu Zeichen, Abkürzungen und Begriffen in deutschen Seekarten?;In der INT1/Karte 1.;In den Seehandbüchern.;In den Leuchtfeuerverzeichnissen.;In allen Seekarten unten links.;A;Navigation;Navigation Grundlagen;Nautische Informationen berechnen und in der Seekarte anwenden;false;SBFSEE-0237;see_specific;"Richtig.

In der INT1/Karte 1. Die INT1 beziehungsweise Karte 1 ist die Legende für international verwendete Kartenzeichen, Abkürzungen und Begriffe.";"Falsch.

Richtig ist: „In der INT1/Karte 1.“

Die INT1 beziehungsweise Karte 1 ist die Legende für international verwendete Kartenzeichen, Abkürzungen und Begriffe.";multiple_choice;Feedback erstellt
SBF-SEE-0238;238;SBF See;Navigation;See;Wo findet man die für die Navigation wichtigen Beschreibungen der Schifffahrtszeichen, Angaben über deren Befeuerung und Angaben über Signalstellen?;Leuchtfeuerverzeichnis, Seehandbuch, Seekarten.;Leuchtfeuerverzeichnis, Seehandbuch, Handbuch für Brücke und Kartenhaus.;Leuchtfeuerverzeichnis, Seehandbuch, Kollisionsverhütungsregeln.;Leuchtfeuerverzeichnis, Seehandbuch, Gezeitenatlas.;A;Schifffahrtszeichen & Fahrwasser;Zeichen / Betonnung;Schifffahrtszeichen und Fahrwasserinformationen interpretieren;false;SBFSEE-0238;see_specific;"Richtig.

Leuchtfeuerverzeichnis, Seehandbuch, Seekarten. Die genannten nautischen Unterlagen enthalten genau diese revier- beziehungsweise zeitbezogenen Angaben: Leuchtfeuerverzeichnis, Seehandbuch, Seekarten. Für eine sichere Planung müssen sie aktuell und für den konkreten Ort passend sein.";"Falsch.

Richtig ist: „Leuchtfeuerverzeichnis, Seehandbuch, Seekarten.“

Die genannten nautischen Unterlagen enthalten genau diese revier- beziehungsweise zeitbezogenen Angaben: Leuchtfeuerverzeichnis, Seehandbuch, Seekarten. Für eine sichere Planung müssen sie aktuell und für den konkreten Ort passend sein.";multiple_choice;Feedback erstellt
SBF-SEE-0239;239;SBF See;Navigation;See;Wo entnimmt man in der Seekarte die Seemeilen?;Am rechten oder linken Kartenrand in Höhe des Standortes.;Am oberen oder unteren Kartenrand in Höhe des Standortes.;An der in der Seekarte abgebildeten Kompassrose.;Aus der in der Seekarte abgebildeten Entfernungstabelle.;A;Navigation;Navigation Grundlagen;Nautische Informationen berechnen und in der Seekarte anwenden;false;SBFSEE-0239;see_specific;"Richtig.

Am rechten oder linken Kartenrand in Höhe des Standortes. Eine Bogenminute Breite entspricht einer Seemeile; deshalb wird die Distanz am seitlichen Breitenmaßstab auf Höhe des Standorts abgegriffen.";"Falsch.

Richtig ist: „Am rechten oder linken Kartenrand in Höhe des Standortes.“

Eine Bogenminute Breite entspricht einer Seemeile; deshalb wird die Distanz am seitlichen Breitenmaßstab auf Höhe des Standorts abgegriffen.";multiple_choice;Feedback erstellt
SBF-SEE-0240;240;SBF See;Navigation;See;Was versteht man unter einer Seemeile und wie lang ist eine Seemeile (in Metern)?;Die Länge einer Bogenminute auf einem größten Kreis der Erdkugel, 1.852 m.;Die Länge einer Bogenminute auf einem Breitenparallel, 1.652 m.;Die Länge einer Bogenminute auf dem Nullmeridian, 18,52 km.;Sie entspricht der in einer Stunde zurückgelegten Distanz in Meter, 16,52 km.;A;Navigation;Navigation Grundlagen;Nautische Informationen berechnen und in der Seekarte anwenden;false;SBFSEE-0240;see_specific;"Richtig.

Die Länge einer Bogenminute auf einem größten Kreis der Erdkugel, 1.852 m. Die Seemeile ist aus der Winkelteilung der Erde abgeleitet und international auf 1.852 Meter festgelegt.";"Falsch.

Richtig ist: „Die Länge einer Bogenminute auf einem größten Kreis der Erdkugel, 1.852 m.“

Die Seemeile ist aus der Winkelteilung der Erde abgeleitet und international auf 1.852 Meter festgelegt.";multiple_choice;Feedback erstellt
SBF-SEE-0241;241;SBF See;Navigation;See;"Was versteht man unter dem Geschwindigkeitsbegriff ""Knoten""?";Das sind die in einer Stunde zurückgelegten Seemeilen.;Das sind die in einer Stunde zurückgelegten Kilometer.;Das sind die an einem Tag zurückgelegten Seemeilen.;Das sind die von Mittag bis Mittag zurückgelegten Seemeilen.;A;Allgemeine Seemannschaft;Grundlagen;Seemännische Grundlagen sicher anwenden;false;SBFSEE-0241;see_specific;"Richtig.

Das sind die in einer Stunde zurückgelegten Seemeilen. Ein Knoten ist eine Geschwindigkeit, keine Entfernung: ein Knoten entspricht einer Seemeile pro Stunde.";"Falsch.

Richtig ist: „Das sind die in einer Stunde zurückgelegten Seemeilen.“

Ein Knoten ist eine Geschwindigkeit, keine Entfernung: ein Knoten entspricht einer Seemeile pro Stunde.";multiple_choice;Feedback erstellt
SBF-SEE-0242;242;SBF See;Navigation;See;Woraus entnimmt man die Magnetkompassablenkung?;Aus der für das betreffende Schiff aufgestellten Deviationstabelle.;Aus dem Nautischen Handbuch für Kompassfehlweisung.;Aus dem Betriebshandbuch des Kompassherstellers.;Aus der Kompassrose der aktuellen Seekarte.;A;Navigation;Navigation Grundlagen;Nautische Informationen berechnen und in der Seekarte anwenden;false;SBFSEE-0242;see_specific;"Richtig.

Aus der für das betreffende Schiff aufgestellten Deviationstabelle. Die Deviation ist schiffsspezifisch und kursabhängig; deshalb wird sie der für das konkrete Schiff ermittelten Tabelle entnommen.";"Falsch.

Richtig ist: „Aus der für das betreffende Schiff aufgestellten Deviationstabelle.“

Die Deviation ist schiffsspezifisch und kursabhängig; deshalb wird sie der für das konkrete Schiff ermittelten Tabelle entnommen.";multiple_choice;Feedback erstellt
SBF-SEE-0243;243;SBF See;Navigation;See;Was versteht man in der terrestrischen Navigation unter einer Peilung?;Das Feststellen der Richtung eines bekannten feststehenden Objektes durch Winkelmessung.;Das Feststellen der Abweichung des Steuerkompasses vom Peilkompass.;Das Feststellen des Koppelortes durch Winkelmessung.;Das Feststellen der Entfernung zu einem bekannten feststehenden Objekt.;A;Navigation;Navigation Grundlagen;Nautische Informationen berechnen und in der Seekarte anwenden;false;SBFSEE-0243;see_specific;"Richtig.

Das Feststellen der Richtung eines bekannten feststehenden Objektes durch Winkelmessung. Eine Peilung misst die Richtung zu einem identifizierten festen Objekt und liefert damit eine Grundlage für Standlinien und Ortsbestimmungen.";"Falsch.

Richtig ist: „Das Feststellen der Richtung eines bekannten feststehenden Objektes durch Winkelmessung.“

Eine Peilung misst die Richtung zu einem identifizierten festen Objekt und liefert damit eine Grundlage für Standlinien und Ortsbestimmungen.";multiple_choice;Feedback erstellt
SBF-SEE-0244;244;SBF See;Navigation;See;Wie erhält man eine Standlinie?;Durch die Peilung eines bekannten feststehenden Objektes und Eintragung der rechtweisenden Peilung in die Seekarte.;Durch Eintragen des rechtweisenden Kurses in die Seekarte.;Durch mehrmaliges Peilen eines anderen Fahrzeugs.;Durch Eintragung der Peilung in die Seekarte ohne Berücksichtigung der Fehlweisung.;A;Allgemeine Seemannschaft;Grundlagen;Seemännische Grundlagen sicher anwenden;false;SBFSEE-0244;see_specific;"Richtig.

Durch die Peilung eines bekannten feststehenden Objektes und Eintragung der rechtweisenden Peilung in die Seekarte. Die rechtweisende Richtung zum bekannten Objekt wird vom Objekt aus in die Karte eingetragen; auf dieser Linie muss sich das Schiff befinden.";"Falsch.

Richtig ist: „Durch die Peilung eines bekannten feststehenden Objektes und Eintragung der rechtweisenden Peilung in die Seekarte.“

Die rechtweisende Richtung zum bekannten Objekt wird vom Objekt aus in die Karte eingetragen; auf dieser Linie muss sich das Schiff befinden.";multiple_choice;Feedback erstellt
SBF-SEE-0245;245;SBF See;Navigation;See;Was versteht man unter Stromversetzung?;Die Versetzung des Schiffes über Grund in Richtung und Distanz.;Die Versetzung des Schiffes vom Magnetkompasskurs.;Die Versetzung des Schiffes durch das Wasser in Richtung und Distanz.;Die Richtung und Stärke der Meeresströmung.;A;Allgemeine Seemannschaft;Grundlagen;Seemännische Grundlagen sicher anwenden;false;SBFSEE-0245;see_specific;"Richtig.

Die Versetzung des Schiffes über Grund in Richtung und Distanz. Strom verändert die Bewegung über Grund unabhängig von der Fahrt durchs Wasser und versetzt das Schiff in Richtung und Strecke.";"Falsch.

Richtig ist: „Die Versetzung des Schiffes über Grund in Richtung und Distanz.“

Strom verändert die Bewegung über Grund unabhängig von der Fahrt durchs Wasser und versetzt das Schiff in Richtung und Strecke.";multiple_choice;Feedback erstellt
SBF-SEE-0246;246;SBF See;Navigation;See;Was versteht man unter Windversetzung?;Die Versetzung des Schiffes über Grund in Richtung und Distanz.;Die Versetzung des Schiffes vom Magnetkompasskurs.;Die Versetzung des Schiffes durch das Wasser in Richtung und Distanz.;Die Richtung und Stärke des Windes und der Windsee.;A;Allgemeine Seemannschaft;Grundlagen;Seemännische Grundlagen sicher anwenden;false;SBFSEE-0246;see_specific;"Richtig.

Die Versetzung des Schiffes über Grund in Richtung und Distanz. Wind verursacht Abdrift und verändert dadurch Richtung und Strecke des Schiffs über Grund.";"Falsch.

Richtig ist: „Die Versetzung des Schiffes über Grund in Richtung und Distanz.“

Wind verursacht Abdrift und verändert dadurch Richtung und Strecke des Schiffs über Grund.";multiple_choice;Feedback erstellt
SBF-SEE-0247;247;SBF See;Navigation;See;Was versteht man unter einem Koppelort?;Schiffsort, der unter Berücksichtigung der gesteuerten Kurse und zurückgelegten Distanzen und aller vorhersehbaren Einflüsse rechnerisch und zeichnerisch ermittelt wird.;Schiffsort, der ermittelt wird durch Peilung zweier feststehender und bekannter Objekte, die in einem möglichst rechten Winkel (90 Grad) zueinander stehen.;"Schiffsort, der durch Eintragung der rechtweisenden Peilungen zweier feststehender und bekannter Objekte als Standlinien in die Seekarte ermittelt wird; ihr Schnittpunkt ist der Standort.";Schiffsort, der unter Berücksichtigung der gesteuerten Kurse und zurückgelegten Distanzen infolge mehrerer Peilungen ermittelt wird.;A;Allgemeine Seemannschaft;Grundlagen;Seemännische Grundlagen sicher anwenden;false;SBFSEE-0247;see_specific;"Richtig.

Schiffsort, der unter Berücksichtigung der gesteuerten Kurse und zurückgelegten Distanzen und aller vorhersehbaren Einflüsse rechnerisch und zeichnerisch ermittelt wird. Der Koppelort ist ein fortgeschriebener Rechenort; Kurs, Fahrt, Zeit sowie vorhersehbare Wind- und Stromeinflüsse werden einbezogen.";"Falsch.

Richtig ist: „Schiffsort, der unter Berücksichtigung der gesteuerten Kurse und zurückgelegten Distanzen und aller vorhersehbaren Einflüsse rechnerisch und zeichnerisch ermittelt wird.“

Der Koppelort ist ein fortgeschriebener Rechenort; Kurs, Fahrt, Zeit sowie vorhersehbare Wind- und Stromeinflüsse werden einbezogen.";multiple_choice;Feedback erstellt
SBF-SEE-0248;248;SBF See;Navigation;See;Was ist bei der Aufstellung eines Magnetkompasses an Bord zu beachten?;Der Steuerstrich muss parallel zur Kiellinie verlaufen. Der Kompass muss gut ablesbar sein und darf nicht in der Nähe von Eisenteilen aufgestellt werden.;Der Kompass muss parallel zur Kiellinie verlaufen. Der Kompass muss gut ablesbar sein und darf nicht in der Nähe von Eisenteilen aufgestellt werden.;Der Steuerstrich muss parallel zur Kiellinie verlaufen. Der Kompass muss gut ablesbare Zahlen aufweisen und darf nicht in der Nähe von Eisenteilen aufgestellt werden.;Der Kompass muss parallel zur Kiellinie verlaufen. Der Kompass muss gut ablesbare Zahlen aufweisen und darf nicht in der Nähe von Eisenteilen aufgestellt werden.;A;Navigation;Navigation Grundlagen;Nautische Informationen berechnen und in der Seekarte anwenden;false;SBFSEE-0248;see_specific;"Richtig.

Der Steuerstrich muss parallel zur Kiellinie verlaufen. Der Kompass muss gut ablesbar sein und darf nicht in der Nähe von Eisenteilen aufgestellt werden. Eine falsche Ausrichtung oder magnetische Störfelder erzeugen systematische Kompassfehler; gute Ablesbarkeit ist für sichere Kursführung nötig.";"Falsch.

Richtig ist: „Der Steuerstrich muss parallel zur Kiellinie verlaufen. Der Kompass muss gut ablesbar sein und darf nicht in der Nähe von Eisenteilen aufgestellt werden.“

Eine falsche Ausrichtung oder magnetische Störfelder erzeugen systematische Kompassfehler; gute Ablesbarkeit ist für sichere Kursführung nötig.";multiple_choice;Feedback erstellt
SBF-SEE-0249;249;SBF See;Navigation;See;Was versteht man unter Ebbe?;Das Fallen des Wassers vom Hochwasser zum folgenden Niedrigwasser.;Den Zeitraum vom Hochwasser zum folgenden Niedrigwasser.;Der niedrigste Wasserstand einer Tide.;Die Differenz zwischen Hoch- und Niedrigwasser.;A;Allgemeine Seemannschaft;Grundlagen;Seemännische Grundlagen sicher anwenden;false;SBFSEE-0249;see_specific;"Richtig.

Das Fallen des Wassers vom Hochwasser zum folgenden Niedrigwasser. Ebbe bezeichnet die fallende Phase der Tide, nicht den Zeitpunkt des niedrigsten Wasserstands.";"Falsch.

Richtig ist: „Das Fallen des Wassers vom Hochwasser zum folgenden Niedrigwasser.“

Ebbe bezeichnet die fallende Phase der Tide, nicht den Zeitpunkt des niedrigsten Wasserstands.";multiple_choice;Feedback erstellt
SBF-SEE-0250;250;SBF See;Navigation;See;Was versteht man unter Flut?;Das Steigen des Wassers vom Niedrigwasser zum folgenden Hochwasser.;Den Zeitraum vom Niedrigwasser zum folgenden Hochwasser.;Der höchste Wasserstand einer Tide.;Die Differenz zwischen Hoch- und Niedrigwasser.;A;Allgemeine Seemannschaft;Grundlagen;Seemännische Grundlagen sicher anwenden;false;SBFSEE-0250;see_specific;"Richtig.

Das Steigen des Wassers vom Niedrigwasser zum folgenden Hochwasser. Flut bezeichnet die steigende Phase der Tide, nicht den Zeitpunkt des höchsten Wasserstands.";"Falsch.

Richtig ist: „Das Steigen des Wassers vom Niedrigwasser zum folgenden Hochwasser.“

Flut bezeichnet die steigende Phase der Tide, nicht den Zeitpunkt des höchsten Wasserstands.";multiple_choice;Feedback erstellt
SBF-SEE-0251;251;SBF See;Navigation;See;Was versteht man unter einer Tide?;Der Zeitraum zwischen einem Niedrigwasser und dem nächstfolgenden Niedrigwasser.;Der Zeitraum zwischen einem Hochwasser und dem nächstfolgenden Niedrigwasser.;Der Zeitraum zwischen einem Hochwasser und dem nächstfolgenden Hochwasser.;Der Zeitraum zwischen einem Niedrigwasser und dem nächstfolgenden Hochwasser.;A;Allgemeine Seemannschaft;Grundlagen;Seemännische Grundlagen sicher anwenden;false;SBFSEE-0251;see_specific;"Richtig.

Der Zeitraum zwischen einem Niedrigwasser und dem nächstfolgenden Niedrigwasser. Eine Tide ist ein vollständiger Zyklus von einem Niedrigwasser bis zum nächsten Niedrigwasser.";"Falsch.

Richtig ist: „Der Zeitraum zwischen einem Niedrigwasser und dem nächstfolgenden Niedrigwasser.“

Eine Tide ist ein vollständiger Zyklus von einem Niedrigwasser bis zum nächsten Niedrigwasser.";multiple_choice;Feedback erstellt
SBF-SEE-0252;252;SBF See;Navigation;See;Was versteht man unter einem Niedrigwasser?;Eintritt des niedrigsten Wasserstands beim Übergang vom Fallen zum Steigen.;Fallen des Wassers nach Eintritt des höchsten Wasserstands.;Eintritt des höchsten Wasserstands beim Übergang vom Steigen zum Fallen.;Steigen des Wassers nach Eintritt des niedrigsten Wasserstands.;A;Allgemeine Seemannschaft;Grundlagen;Seemännische Grundlagen sicher anwenden;false;SBFSEE-0252;see_specific;"Richtig.

Eintritt des niedrigsten Wasserstands beim Übergang vom Fallen zum Steigen. Niedrigwasser ist der Umkehrzeitpunkt, an dem das Fallen endet und der Wasserstand wieder zu steigen beginnt.";"Falsch.

Richtig ist: „Eintritt des niedrigsten Wasserstands beim Übergang vom Fallen zum Steigen.“

Niedrigwasser ist der Umkehrzeitpunkt, an dem das Fallen endet und der Wasserstand wieder zu steigen beginnt.";multiple_choice;Feedback erstellt
SBF-SEE-0253;253;SBF See;Navigation;See;Was versteht man unter einem Hochwasser?;Eintritt des höchsten Wasserstands beim Übergang vom Steigen zum Fallen.;Steigen des Wassers nach Eintritt des niedrigsten Wasserstands.;Eintritt des niedrigsten Wasserstands beim Übergang vom Fallen zum Steigen.;Fallen des Wassers nach Eintritt des höchsten Wasserstands.;A;Allgemeine Seemannschaft;Grundlagen;Seemännische Grundlagen sicher anwenden;false;SBFSEE-0253;see_specific;"Richtig.

Eintritt des höchsten Wasserstands beim Übergang vom Steigen zum Fallen. Hochwasser ist der Umkehrzeitpunkt, an dem das Steigen endet und der Wasserstand wieder zu fallen beginnt.";"Falsch.

Richtig ist: „Eintritt des höchsten Wasserstands beim Übergang vom Steigen zum Fallen.“

Hochwasser ist der Umkehrzeitpunkt, an dem das Steigen endet und der Wasserstand wieder zu fallen beginnt.";multiple_choice;Feedback erstellt
SBF-SEE-0254;254;SBF See;Navigation;See;"Was versteht man unter ""Tidenhub""?";Unterschied zwischen den Höhen des Hoch- und des Niedrigwassers.;Unterschied zwischen den Höhen zweier aufeinanderfolgender Hochwasser.;Der Zeitraum zwischen einem Niedrigwasser und dem nächstfolgenden Hochwasser.;Der Zeitraum zwischen einem Niedrigwasser und dem nächstfolgenden Niedrigwasser.;A;Allgemeine Seemannschaft;Grundlagen;Seemännische Grundlagen sicher anwenden;false;SBFSEE-0254;see_specific;"Richtig.

Unterschied zwischen den Höhen des Hoch- und des Niedrigwassers. Der Tidenhub ist eine Höhendifferenz, nämlich der vertikale Abstand zwischen Hoch- und Niedrigwasser.";"Falsch.

Richtig ist: „Unterschied zwischen den Höhen des Hoch- und des Niedrigwassers.“

Der Tidenhub ist eine Höhendifferenz, nämlich der vertikale Abstand zwischen Hoch- und Niedrigwasser.";multiple_choice;Feedback erstellt
SBF-SEE-0255;255;SBF See;Navigation;See;Wo sind für einen bestimmten Ort die Angaben über Hoch- und Niedrigwasserzeiten und den Tidenhub zu finden?;In den Gezeitentafeln oder dem Gezeitenkalender des Bundesamtes für Seeschifffahrt und Hydrographie.;In der Flutvorhersage des Bundesamtes für Seeschifffahrt und Hydrographie.;Im Gezeitenatlas des Bundesamtes für Seeschifffahrt und Hydrographie.;Im Mondphasenkalender der Bundesanstalt für Gewässerkunde.;A;Allgemeine Seemannschaft;Grundlagen;Seemännische Grundlagen sicher anwenden;false;SBFSEE-0255;see_specific;"Richtig.

In den Gezeitentafeln oder dem Gezeitenkalender des Bundesamtes für Seeschifffahrt und Hydrographie. Die genannten nautischen Unterlagen enthalten genau diese revier- beziehungsweise zeitbezogenen Angaben: In den Gezeitentafeln oder dem Gezeitenkalender des Bundesamtes für Seeschifffahrt und Hydrographie. Für eine sichere Planung müssen sie aktuell und für den konkreten Ort passend sein.";"Falsch.

Richtig ist: „In den Gezeitentafeln oder dem Gezeitenkalender des Bundesamtes für Seeschifffahrt und Hydrographie.“

Die genannten nautischen Unterlagen enthalten genau diese revier- beziehungsweise zeitbezogenen Angaben: In den Gezeitentafeln oder dem Gezeitenkalender des Bundesamtes für Seeschifffahrt und Hydrographie. Für eine sichere Planung müssen sie aktuell und für den konkreten Ort passend sein.";multiple_choice;Feedback erstellt
SBF-SEE-0256;256;SBF See;Wetterkunde;See;Wie lang sollte eine Schleppleine bei starkem Seegang sein?;Mindestens zwei- oder dreifache Wellenlänge.;Mindestens zwei- oder dreifache Wellenhöhe.;Mindestens zwei- oder dreifache Schiffslänge.;Mindestens zwei- oder dreifache Wassertiefe.;A;Allgemeine Seemannschaft;Grundlagen;Seemännische Grundlagen sicher anwenden;false;SBFSEE-0256;see_specific;"Richtig.

Mindestens zwei- oder dreifache Wellenlänge. Eine Schleppleine über mehrere Wellenlängen lässt beide Boote möglichst im gleichen Wellenrhythmus laufen und vermindert harte Ruckbelastungen.";"Falsch.

Richtig ist: „Mindestens zwei- oder dreifache Wellenlänge.“

Eine Schleppleine über mehrere Wellenlängen lässt beide Boote möglichst im gleichen Wellenrhythmus laufen und vermindert harte Ruckbelastungen.";multiple_choice;Feedback erstellt
SBF-SEE-0257;257;SBF See;Wetterkunde;See;Was ist zu beachten, wenn ein Sportboot geschleppt werden soll?;Die Schleppleine ist den Seegangsverhältnissen anzupassen. Die Schleppgeschwindigkeit darf nicht größer sein als die Geschwindigkeit, die der Anhang frei fahrend bei Verdrängerfahrt erreichen kann. Ein ruckartiges Steifkommen der Schleppleine ist zu vermeiden.;Die Schleppleine ist den Seegangsverhältnissen anzupassen. Die Schleppgeschwindigkeit darf nicht größer sein als die Geschwindigkeit, die das schleppende Fahrzeug frei fahrend bei Verdrängerfahrt erreichen kann. Ein ruckartiges Steifkommen der Schleppleine ist zu vermeiden.;Die Schleppleine ist den Wetterverhältnissen anzupassen. Die Schleppgeschwindigkeit darf nicht größer sein als die Geschwindigkeit, die der Anhang frei fahrend bei Gleitfahrt erreichen kann. Ein ruckartiges Steifkommen der Schleppleine ist zu vermeiden.;Die Schleppleine ist den Wetterverhältnissen anzupassen. Die Schleppgeschwindigkeit darf nicht größer sein als die Geschwindigkeit, die das schleppende Fahrzeug frei fahrend bei Gleitfahrt erreichen kann. Ein ruckartiges Steifkommen der Schleppleine ist zu vermeiden.;A;Allgemeine Seemannschaft;Grundlagen;Seemännische Grundlagen sicher anwenden;false;SBFSEE-0257;see_specific;"Richtig.

Die Schleppleine ist den Seegangsverhältnissen anzupassen. Die Schleppgeschwindigkeit darf nicht größer sein als die Geschwindigkeit, die der Anhang frei fahrend bei Verdrängerfahrt erreichen kann. Ein ruckartiges Steifkommen der Schleppleine ist zu vermeiden. Angepasste Leinenlänge und mäßige Geschwindigkeit verhindern ruckartige Lastspitzen und Überlastungen an Boot und Beschlägen.";"Falsch.

Richtig ist: „Die Schleppleine ist den Seegangsverhältnissen anzupassen. Die Schleppgeschwindigkeit darf nicht größer sein als die Geschwindigkeit, die der Anhang frei fahrend bei Verdrängerfahrt erreichen kann. Ein ruckartiges Steifkommen der Schleppleine ist zu vermeiden.“

Angepasste Leinenlänge und mäßige Geschwindigkeit verhindern ruckartige Lastspitzen und Überlastungen an Boot und Beschlägen.";multiple_choice;Feedback erstellt
SBF-SEE-0258;258;SBF See;Wetterkunde;See;Womit kann ein steuerunfähiges Sportboot mit dem Bug in den Wind gehalten werden?;Mit dem Treibanker oder anderen geeigneten schwimmfähigen Gegenständen.;Durch wiederholtes kurzes Ein- und Auskuppeln der Antriebsmaschine.;Mit achteraus ausgebrachtem Treibanker oder ähnlichen schwimmfähigen Gegenständen.;Mit vorn und achtern ausgebrachten Treibankern oder anderen geeigneten schwimmfähigen Gegenständen.;A;Allgemeine Seemannschaft;Grundlagen;Seemännische Grundlagen sicher anwenden;false;SBFSEE-0258;see_specific;"Richtig.

Mit dem Treibanker oder anderen geeigneten schwimmfähigen Gegenständen. Ein Treibanker erzeugt Widerstand im Wasser und richtet ein steuerunfähiges Boot stabiler mit dem Bug gegen Wind und See aus.";"Falsch.

Richtig ist: „Mit dem Treibanker oder anderen geeigneten schwimmfähigen Gegenständen.“

Ein Treibanker erzeugt Widerstand im Wasser und richtet ein steuerunfähiges Boot stabiler mit dem Bug gegen Wind und See aus.";multiple_choice;Feedback erstellt
SBF-SEE-0259;259;SBF See;Wetterkunde;See;Warum sollte bei starkem Seegang die Fahrt vermindert werden?;Um Schäden durch Seeschlag zu vermeiden.;Um das Austauchen der Schraube zu vermeiden und Kraftstoff zu sparen.;Um die Schlinger- und Rollbewegungen zu minimieren.;Um Schiffs- und Wellenlänge nicht in Resonanz zu bringen.;A;Allgemeine Seemannschaft;Grundlagen;Seemännische Grundlagen sicher anwenden;false;SBFSEE-0259;see_specific;"Richtig.

Um Schäden durch Seeschlag zu vermeiden. Zu hohe Geschwindigkeit lässt den Rumpf hart in die See schlagen; langsameres Fahren reduziert Kräfte und strukturelle Belastung.";"Falsch.

Richtig ist: „Um Schäden durch Seeschlag zu vermeiden.“

Zu hohe Geschwindigkeit lässt den Rumpf hart in die See schlagen; langsameres Fahren reduziert Kräfte und strukturelle Belastung.";multiple_choice;Feedback erstellt
SBF-SEE-0260;260;SBF See;Wetterkunde;See;Was bedeutet folgendes Zeichen?;"Wind aus Richtung Nordwest; Stärke: Bft. 3; wolkenlos.";"Wind in Richtung Nordwest; Stärke: Bft. 3; wolkenlos.";"Strom aus Richtung Nordwest; Stärke: 3 Knoten; Tidegebiet.";"Strom in Richtung Nordwest; Stärke: 3 Knoten; Tidegebiet.";A;Allgemeine Seemannschaft;Grundlagen;Seemännische Grundlagen sicher anwenden;true;SBFSEE-0260;see_specific;"Richtig.

Wind aus Richtung Nordwest; Stärke: Bft. 3; wolkenlos. Die Abbildung ist anhand ihrer meteorologischen Symbole zu lesen als: Wind aus Richtung Nordwest; Stärke: Bft. 3; wolkenlos. Windfahnen, Isobaren und Frontzeichen liefern gemeinsam das Wetterbild.";"Falsch.

Richtig ist: „Wind aus Richtung Nordwest; Stärke: Bft. 3; wolkenlos.“

Die Abbildung ist anhand ihrer meteorologischen Symbole zu lesen als: Wind aus Richtung Nordwest; Stärke: Bft. 3; wolkenlos. Windfahnen, Isobaren und Frontzeichen liefern gemeinsam das Wetterbild.";multiple_choice;Feedback erstellt
SBF-SEE-0261;261;SBF See;Wetterkunde;See;Welche Angaben liefert die Beaufort-Skala?;Windstärken von 0 bis 12 und die Auswirkungen auf die See.;Windstärken von 0 bis 12 und die Auswirkungen auf die Küste.;Den Tidenhub an der Küste bei Vollmond und bei Neumond.;Die Wellenhöhe und die Windgeschwindigkeit bei Sturmstärke.;A;Allgemeine Seemannschaft;Grundlagen;Seemännische Grundlagen sicher anwenden;false;SBFSEE-0261;see_specific;"Richtig.

Windstärken von 0 bis 12 und die Auswirkungen auf die See. Die Beaufortskala ordnet beobachtbare Auswirkungen von Wind an Land und auf See den Windstärken 0 bis 12 zu.";"Falsch.

Richtig ist: „Windstärken von 0 bis 12 und die Auswirkungen auf die See.“

Die Beaufortskala ordnet beobachtbare Auswirkungen von Wind an Land und auf See den Windstärken 0 bis 12 zu.";multiple_choice;Feedback erstellt
SBF-SEE-0262;262;SBF See;Wetterkunde;See;Wie werden Orte gleichen Luftdrucks in der Wetterkarte dargestellt und in welcher Maßeinheit wird der Luftdruck angegeben?;Durch Isobaren und in Hektopascal.;Durch Isobaren und in Millipascal.;Durch Isoklinen und in Hektopascal.;Durch Isoklinen und in Dezipascal.;A;Wetterkunde;Wetter & Wind;Wetterfaktoren und Auswirkungen beurteilen;false;SBFSEE-0262;see_specific;"Richtig.

Durch Isobaren und in Hektopascal. Isobaren verbinden Punkte gleichen Luftdrucks; der meteorologische Luftdruck wird in Hektopascal angegeben.";"Falsch.

Richtig ist: „Durch Isobaren und in Hektopascal.“

Isobaren verbinden Punkte gleichen Luftdrucks; der meteorologische Luftdruck wird in Hektopascal angegeben.";multiple_choice;Feedback erstellt
SBF-SEE-0263;263;SBF See;Wetterkunde;See;Womit muss bei rasch fallendem Luftdruck gerechnet werden?;Mit Starkwind oder Sturm.;Mit Schwachwind oder Windstille.;Mit einer Wetterbesserung.;Mit einer Wetterverschlechterung.;A;Wetterkunde;Wetter & Wind;Wetterfaktoren und Auswirkungen beurteilen;false;SBFSEE-0263;see_specific;"Richtig.

Mit Starkwind oder Sturm. Ein rascher Druckfall weist häufig auf ein heranziehendes Tief und eine deutliche Windzunahme bis hin zu Sturm hin.";"Falsch.

Richtig ist: „Mit Starkwind oder Sturm.“

Ein rascher Druckfall weist häufig auf ein heranziehendes Tief und eine deutliche Windzunahme bis hin zu Sturm hin.";multiple_choice;Feedback erstellt
SBF-SEE-0264;264;SBF See;Wetterkunde;See;Was bedeuten die in der Wetterkarte abgebildeten Isobaren?;Orte gleichen Luftdrucks.;Orte gleicher Windstärke.;Orte gleicher Wolkenbildung.;Orte gleicher Luftfeuchtigkeit.;A;Allgemeine Seemannschaft;Grundlagen;Seemännische Grundlagen sicher anwenden;false;SBFSEE-0264;see_specific;"Richtig.

Orte gleichen Luftdrucks. Jede Isobare verbindet alle Orte mit demselben Luftdruck und macht damit Druckverteilung und Druckgefälle sichtbar.";"Falsch.

Richtig ist: „Orte gleichen Luftdrucks.“

Jede Isobare verbindet alle Orte mit demselben Luftdruck und macht damit Druckverteilung und Druckgefälle sichtbar.";multiple_choice;Feedback erstellt
SBF-SEE-0265;265;SBF See;Wetterkunde;See;Was zeigt die folgende Abbildung?;Abbildung eines Hochdruckgebietes auf der Nordhalbkugel, Isobaren mit Angabe des Luftdrucks in hPa.;Abbildung eines Hochdruckgebietes auf der Südhalbkugel, Isobaren mit Angabe des Luftdrucks in hPa.;Abbildung eines Hochdruckgebietes auf der Nordhalbkugel, Isobaren mit Angabe des Luftdrucks in hPa, Zugrichtung Nordwest.;Abbildung eines Hochdruckgebietes auf der Südhalbkugel, Isobaren mit Angabe des Luftdrucks in hPa, Zugrichtung Südwest.;A;Allgemeine Seemannschaft;Grundlagen;Seemännische Grundlagen sicher anwenden;true;SBFSEE-0265;see_specific;"Richtig.

Abbildung eines Hochdruckgebietes auf der Nordhalbkugel, Isobaren mit Angabe des Luftdrucks in hPa. Die Abbildung ist anhand ihrer meteorologischen Symbole zu lesen als: Abbildung eines Hochdruckgebietes auf der Nordhalbkugel, Isobaren mit Angabe des Luftdrucks in hPa. Windfahnen, Isobaren und Frontzeichen liefern gemeinsam das Wetterbild.";"Falsch.

Richtig ist: „Abbildung eines Hochdruckgebietes auf der Nordhalbkugel, Isobaren mit Angabe des Luftdrucks in hPa.“

Die Abbildung ist anhand ihrer meteorologischen Symbole zu lesen als: Abbildung eines Hochdruckgebietes auf der Nordhalbkugel, Isobaren mit Angabe des Luftdrucks in hPa. Windfahnen, Isobaren und Frontzeichen liefern gemeinsam das Wetterbild.";multiple_choice;Feedback erstellt
SBF-SEE-0266;266;SBF See;Wetterkunde;See;Was zeigt die folgende Abbildung?;Abbildung eines Tiefdruckgebietes auf der Nordhalbkugel mit Warm- und Kaltfront, Isobaren mit Angabe des Luftdrucks in hPa, warme und kalte Luftströmung.;Abbildung eines Tiefdruckgebietes auf der Südhalbkugel mit Kalt- und Warmfront, Isobaren mit Angabe des Luftdrucks in hPa, kalte und warme Luftströmung.;Abbildung eines Tiefdruckgebietes auf der Nordhalbkugel mit Kaltfront vor der Warmfront, Angabe des Luftdrucks in hPa, Warmfront südlich, Kaltfront nördlich des Zentrums.;Abbildung eines Tiefdruckgebietes auf der Südhalbkugel mit Warmfront vor der Kaltfront, Angabe des Luftdrucks in hPa, Darstellung des Kalt- und Warmluftstroms.;A;Allgemeine Seemannschaft;Grundlagen;Seemännische Grundlagen sicher anwenden;true;SBFSEE-0266;see_specific;"Richtig.

Abbildung eines Tiefdruckgebietes auf der Nordhalbkugel mit Warm- und Kaltfront, Isobaren mit Angabe des Luftdrucks in hPa, warme und kalte Luftströmung. Die Abbildung ist anhand ihrer meteorologischen Symbole zu lesen als: Abbildung eines Tiefdruckgebietes auf der Nordhalbkugel mit Warm- und Kaltfront, Isobaren mit Angabe des Luftdrucks in hPa, warme und kalte Luftströmung. Windfahnen, Isobaren und Frontzeichen liefern gemeinsam das Wetterbild.";"Falsch.

Richtig ist: „Abbildung eines Tiefdruckgebietes auf der Nordhalbkugel mit Warm- und Kaltfront, Isobaren mit Angabe des Luftdrucks in hPa, warme und kalte Luftströmung.“

Die Abbildung ist anhand ihrer meteorologischen Symbole zu lesen als: Abbildung eines Tiefdruckgebietes auf der Nordhalbkugel mit Warm- und Kaltfront, Isobaren mit Angabe des Luftdrucks in hPa, warme und kalte Luftströmung. Windfahnen, Isobaren und Frontzeichen liefern gemeinsam das Wetterbild.";multiple_choice;Feedback erstellt
SBF-SEE-0267;267;SBF See;Wetterkunde;See;Für welche Windstärken wird eine Starkwindwarnung herausgegeben?;Windstärke 6 und 7 der Beaufortskala.;Windstärke 5 und 6 der Beaufortskala.;Windstärke 4 bis 5 der Beaufortskala.;Windstärke 7 bis 8 der Beaufortskala.;A;Allgemeine Seemannschaft;Grundlagen;Seemännische Grundlagen sicher anwenden;false;SBFSEE-0267;see_specific;"Richtig.

Windstärke 6 und 7 der Beaufortskala. Die amtliche Starkwindwarnung umfasst Beaufort 6 und 7; ab Beaufort 8 beginnt der Bereich der Sturmwarnung.";"Falsch.

Richtig ist: „Windstärke 6 und 7 der Beaufortskala.“

Die amtliche Starkwindwarnung umfasst Beaufort 6 und 7; ab Beaufort 8 beginnt der Bereich der Sturmwarnung.";multiple_choice;Feedback erstellt
SBF-SEE-0268;268;SBF See;Wetterkunde;See;Für welche Windstärken wird eine Sturmwarnung herausgegeben?;Windstärke 8 und mehr der Beaufortskala.;Windstärke 6 und mehr der Beaufortskala.;Windstärke 9 und mehr der Beaufortskala.;Windstärke 7 und mehr der Beaufortskala.;A;Allgemeine Seemannschaft;Grundlagen;Seemännische Grundlagen sicher anwenden;false;SBFSEE-0268;see_specific;"Richtig.

Windstärke 8 und mehr der Beaufortskala. Ab Beaufort 8 wird Wind als Sturm eingestuft; deshalb gilt die Sturmwarnung für Stärke 8 und darüber.";"Falsch.

Richtig ist: „Windstärke 8 und mehr der Beaufortskala.“

Ab Beaufort 8 wird Wind als Sturm eingestuft; deshalb gilt die Sturmwarnung für Stärke 8 und darüber.";multiple_choice;Feedback erstellt
SBF-SEE-0269;269;SBF See;Wetterkunde;See;"Was ist in amtlichen Wetterberichten unter ""frischem Wind"" zu verstehen?";Windstärke 5 der Beaufortskala.;Windstärke 4 der Beaufortskala.;Windstärke 6 der Beaufortskala.;Windstärke 7 der Beaufortskala.;A;Allgemeine Seemannschaft;Grundlagen;Seemännische Grundlagen sicher anwenden;false;SBFSEE-0269;see_specific;"Richtig.

Windstärke 5 der Beaufortskala. Die festgelegten Begriffe in Wetterberichten sind Beaufortstufen zugeordnet; „frischer Wind“ bedeutet Beaufort 5.";"Falsch.

Richtig ist: „Windstärke 5 der Beaufortskala.“

Die festgelegten Begriffe in Wetterberichten sind Beaufortstufen zugeordnet; „frischer Wind“ bedeutet Beaufort 5.";multiple_choice;Feedback erstellt
SBF-SEE-0270;270;SBF See;Wetterkunde;See;"Was ist in amtlichen Wetterberichten unter ""schwerem Sturm"", ""orkanartigem Sturm"" und ""Orkan"" zu verstehen?";Windstärken 10, 11 und 12 der Beaufortskala.;Windstärken 9, 10 und 11 der Beaufortskala.;Windstärken 11, 12 und 13 der Beaufortskala.;Windstärken 8, 9 und 10 der Beaufortskala.;A;Allgemeine Seemannschaft;Grundlagen;Seemännische Grundlagen sicher anwenden;false;SBFSEE-0270;see_specific;"Richtig.

Windstärken 10, 11 und 12 der Beaufortskala. Die drei Begriffe bezeichnen die höchsten Beaufortstufen: schwerer Sturm 10, orkanartiger Sturm 11 und Orkan 12.";"Falsch.

Richtig ist: „Windstärken 10, 11 und 12 der Beaufortskala.“

Die drei Begriffe bezeichnen die höchsten Beaufortstufen: schwerer Sturm 10, orkanartiger Sturm 11 und Orkan 12.";multiple_choice;Feedback erstellt
SBF-SEE-0271;271;SBF See;Wetterkunde;See;Wie hat man seine Fahrweise im Fahrwasser bei verminderter Sicht aufgrund seemännischer Sorgfaltspflicht einzurichten, wenn das Fahrzeug nicht über die technische Ausrüstung, insbesondere zur Ortung anderer Fahrzeuge, verfügt?;Das Fahrwasser verlassen und wenn möglich, Flachwassergebiet aufsuchen und ankern. Wenn dies nicht möglich ist, im Fahrwasser äußerst rechts halten.;Unverzüglich die Fahrt einstellen und ankern, wenn dies nicht möglich ist, vorsichtig weiterfahren und möglichst im Kielwasser eines vorausfahrenden Fahrzeugs halten.;Umsichtig, aber zügig weiterfahren, um den übrigen Verkehr nicht zu behindern. Beim Hören fremder Nebelsignale aufstoppen und abwarten, dabei fortlaufend die Wassertiefe loten.;Im Fahrwasser äußerst rechts halten und den nächstgelegenen Hafen oder Liegeplatz anlaufen. Im Zweifel andere Fahrzeuge nach Position und richtigem Kurs fragen.;A;Schifffahrtszeichen & Fahrwasser;Zeichen / Betonnung;Schifffahrtszeichen und Fahrwasserinformationen interpretieren;false;SBFSEE-0271;see_specific;"Richtig.

Das Fahrwasser verlassen und wenn möglich, Flachwassergebiet aufsuchen und ankern. Wenn dies nicht möglich ist, im Fahrwasser äußerst rechts halten. Ohne Radar oder vergleichbare Ortung ist das Fahren im Fahrwasser bei Nebel besonders riskant; ein sicherer Ankerplatz außerhalb ist deshalb vorzuziehen.";"Falsch.

Richtig ist: „Das Fahrwasser verlassen und wenn möglich, Flachwassergebiet aufsuchen und ankern. Wenn dies nicht möglich ist, im Fahrwasser äußerst rechts halten.“

Ohne Radar oder vergleichbare Ortung ist das Fahren im Fahrwasser bei Nebel besonders riskant; ein sicherer Ankerplatz außerhalb ist deshalb vorzuziehen.";multiple_choice;Feedback erstellt
SBF-SEE-0272;272;SBF See;Wetterkunde;See;Wozu dient primär das Automatische Identifikationssystem (AIS)?;Der Kollisionsverhütung.;Dem Empfang von Wetterdaten.;Der Positionsbestimmung.;Dem Senden nautischer Warnnachrichten.;A;Allgemeine Seemannschaft;Grundlagen;Seemännische Grundlagen sicher anwenden;false;SBFSEE-0272;see_specific;"Richtig.

Der Kollisionsverhütung. AIS liefert Identität, Position, Kurs und Bewegung anderer ausgerüsteter Fahrzeuge und unterstützt so die Beurteilung von Kollisionsgefahren.";"Falsch.

Richtig ist: „Der Kollisionsverhütung.“

AIS liefert Identität, Position, Kurs und Bewegung anderer ausgerüsteter Fahrzeuge und unterstützt so die Beurteilung von Kollisionsgefahren.";multiple_choice;Feedback erstellt
SBF-SEE-0273;273;SBF See;Wetterkunde;See;Welche Informationen können über das Automatische Identifikationssystem (AIS) ausgetauscht werden?;Schiffsdaten (statisch und dynamisch), reisebezogene Daten.;Schiffsdaten (statisch und dynamisch), Wetterdaten.;Schiffsdaten (statisch), reisebezogene Daten.;Schiffsdaten (dynamisch), Wetterdaten.;A;Allgemeine Seemannschaft;Grundlagen;Seemännische Grundlagen sicher anwenden;false;SBFSEE-0273;see_specific;"Richtig.

Schiffsdaten (statisch und dynamisch), reisebezogene Daten. Statische Daten beschreiben das Schiff, dynamische Daten seine aktuelle Bewegung und reisebezogene Daten den geplanten Einsatz oder das Ziel.";"Falsch.

Richtig ist: „Schiffsdaten (statisch und dynamisch), reisebezogene Daten.“

Statische Daten beschreiben das Schiff, dynamische Daten seine aktuelle Bewegung und reisebezogene Daten den geplanten Einsatz oder das Ziel.";multiple_choice;Feedback erstellt
SBF-SEE-0274;274;SBF See;Sicherheit auf dem Wasser;See;Welche Sicherheitsmaßnahmen sind an Bord aufgrund der seemännischen Sorgfaltspflicht neben den in den Kollisionsverhütungsregeln vorgeschriebenen Verhaltensmaßregeln bei verminderter Sicht zu treffen?;Insbesondere alle Navigationsanlagen sorgfältig gebrauchen, die Sichtbarkeit des eigenen Fahrzeugs erhöhen (z. B. Radarreflektor, AIS) und in einem Revier mit Landradarberatung die Radarberatung über UKW-Sprechfunk mithören.;Insbesondere alle technischen Anlagen, z. B. Radar, AIS, Echolot, Selbststeueranlage einschalten und in einem Revier mit Landradarberatung die Radarberatung über UKW-Sprechfunk anfordern.;Insbesondere alle Navigationsanlagen sorgfältig gebrauchen, die Sichtbarkeit des eigenen Fahrzeugs erhöhen (z. B. Radarreflektor, AIS) und die Verkehrszentrale ständig über Kurs und Geschwindigkeit informieren.;Insbesondere alle technischen Anlagen, z. B. Radar, Echolot, AIS, Selbststeueranlage, einschalten und die Verkehrszentrale ständig über Kurs und Geschwindigkeit informieren.;A;Vorschriften & Pflichten;KVR / SeeSchStrO / Verantwortung;Regeln und Verantwortlichkeiten korrekt anwenden;false;SBFSEE-0274;see_specific;"Richtig.

Insbesondere alle Navigationsanlagen sorgfältig gebrauchen, die Sichtbarkeit des eigenen Fahrzeugs erhöhen (z. B. Radarreflektor, AIS) und in einem Revier mit Landradarberatung die Radarberatung über UKW-Sprechfunk mithören. Technische Hilfen ersetzen weder Ausguck noch sichere Geschwindigkeit, verbessern aber Erkennung, eigene Sichtbarkeit und das Lagebild.";"Falsch.

Richtig ist: „Insbesondere alle Navigationsanlagen sorgfältig gebrauchen, die Sichtbarkeit des eigenen Fahrzeugs erhöhen (z. B. Radarreflektor, AIS) und in einem Revier mit Landradarberatung die Radarberatung über UKW-Sprechfunk mithören.“

Technische Hilfen ersetzen weder Ausguck noch sichere Geschwindigkeit, verbessern aber Erkennung, eigene Sichtbarkeit und das Lagebild.";multiple_choice;Feedback erstellt
SBF-SEE-0275;275;SBF See;Sicherheit auf dem Wasser;See;Welche Sicherheitsmaßnahmen sind auf See vor Eintritt von schwerem Wetter (Starkwind, Sturm) zu treffen?;"Verschlusszustand herbeiführen, lose Gegenstände festzurren, Rettungsweste anlegen und andere Rettungsmittel bereithalten; wenn erforderlich und möglich Schutzhafen anlaufen.";Verschlusszustand herbeiführen, lose Gegenstände festzurren, Rettungsweste und andere Rettungsmittel bereithalten, Seenotsignalmittel zum Einsatz vorbereiten.;Türen schließen, lose Gegenstände festzurren, Rettungsweste und andere Rettungsmittel bereithalten, Radar, Ruder und UKW besetzen.;Türen schließen, lose Gegenstände festzurren, Rettungsweste und andere Rettungsmittel bereithalten, Seenotsignalmittel zum Einsatz vorbereiten.;A;Wetterkunde;Wetter & Wind;Wetterfaktoren und Auswirkungen beurteilen;false;SBFSEE-0275;see_specific;"Richtig.

Verschlusszustand herbeiführen, lose Gegenstände festzurren, Rettungsweste anlegen und andere Rettungsmittel bereithalten; wenn erforderlich und möglich Schutzhafen anlaufen. Vor schwerem Wetter müssen Wassereinbruch, lose Gegenstände und Personengefährdung verhindert sowie Rettungsmittel unmittelbar nutzbar gemacht werden.";"Falsch.

Richtig ist: „Verschlusszustand herbeiführen, lose Gegenstände festzurren, Rettungsweste anlegen und andere Rettungsmittel bereithalten; wenn erforderlich und möglich Schutzhafen anlaufen.“

Vor schwerem Wetter müssen Wassereinbruch, lose Gegenstände und Personengefährdung verhindert sowie Rettungsmittel unmittelbar nutzbar gemacht werden.";multiple_choice;Feedback erstellt
SBF-SEE-0276;276;SBF See;Sicherheit auf dem Wasser;See;Mit welchen Hilfsmitteln kann eine im Wasser treibende Person schnell und sicher an Bord genommen werden?;Leinenverbindung, Rettungsschlaufe, Bergenetz, Talje, Badeleiter, Großbaum.;Leinenverbindung, Badeleiter, Treibanker, Rettungsschlaufe, Bergenetz, Talje.;Leinenverbindung, Großbaum, Ankerkette, Talje, Badeleiter, Rettungsschlaufe.;Leinenverbindung, Badeleiter, Rettungsboje, Bergenetz, Großbaum, Talje.;A;Allgemeine Seemannschaft;Grundlagen;Seemännische Grundlagen sicher anwenden;false;SBFSEE-0276;see_specific;"Richtig.

Leinenverbindung, Rettungsschlaufe, Bergenetz, Talje, Badeleiter, Großbaum. Eine sichere Verbindung und geeignete Hebe- oder Einstiegshilfen verkürzen die Bergung und berücksichtigen, dass eine Person im Wasser schnell entkräftet.";"Falsch.

Richtig ist: „Leinenverbindung, Rettungsschlaufe, Bergenetz, Talje, Badeleiter, Großbaum.“

Eine sichere Verbindung und geeignete Hebe- oder Einstiegshilfen verkürzen die Bergung und berücksichtigen, dass eine Person im Wasser schnell entkräftet.";multiple_choice;Feedback erstellt
SBF-SEE-0277;277;SBF See;Sicherheit auf dem Wasser;See;Was ist zu tun, wenn das Fahrzeug gekentert ist?;"Möglichst am Fahrzeug bleiben und die Besatzung zusammenhalten; unnötigen Kräfteverschleiß vermeiden und Aufmerksamkeit zur Hilfeleistung erregen.";Möglichst am Fahrzeug bleiben und Seenotsignale geben. Die Besatzung zusammenhalten und unnötigen Kräfteverschleiß vermeiden.;"Möglichst am Fahrzeug bleiben und Unfallstelle kennzeichnen; unnötigen Kräfteverschleiß vermeiden und Aufmerksamkeit zur Hilfeleistung erregen.";"Möglichst am Fahrzeug bleiben und die Besatzung zusammenhalten; Wertgegenstände und Seetagebuch bergen.";A;Allgemeine Seemannschaft;Grundlagen;Seemännische Grundlagen sicher anwenden;false;SBFSEE-0277;see_specific;"Richtig.

Möglichst am Fahrzeug bleiben und die Besatzung zusammenhalten; unnötigen Kräfteverschleiß vermeiden und Aufmerksamkeit zur Hilfeleistung erregen. Das gekenterte Fahrzeug ist leichter zu entdecken und bietet Auftrieb; Zusammenbleiben spart Kräfte und erleichtert die Rettung.";"Falsch.

Richtig ist: „Möglichst am Fahrzeug bleiben und die Besatzung zusammenhalten; unnötigen Kräfteverschleiß vermeiden und Aufmerksamkeit zur Hilfeleistung erregen.“

Das gekenterte Fahrzeug ist leichter zu entdecken und bietet Auftrieb; Zusammenbleiben spart Kräfte und erleichtert die Rettung.";multiple_choice;Feedback erstellt
SBF-SEE-0278;278;SBF See;Sicherheit auf dem Wasser;See;Wie verhindert man das Überbordfallen von Personen bei starkem Seegang?;Sicherheitsleinen bzw. -gurte spannen, Sicherheitsgurt anlegen und an den dafür vorgesehenen Stellen einpicken.;Sicherheitsleinen bzw. -gurte spannen, Besatzung an Deck sammeln. Rettungswesten anlegen.;Sicherheitsleinen bzw. -gurte aufschießen, Sicherheitsgurt anlegen und in die Reling einpicken.;Besatzung in der Plicht versammeln, Rettungswesten anlegen, Sicherheitsleinen bzw. -gurte spannen.;A;Allgemeine Seemannschaft;Grundlagen;Seemännische Grundlagen sicher anwenden;false;SBFSEE-0278;see_specific;"Richtig.

Sicherheitsleinen bzw. -gurte spannen, Sicherheitsgurt anlegen und an den dafür vorgesehenen Stellen einpicken. Eingepickte Sicherheitsgurte verhindern, dass Personen durch heftige Bewegungen und Seeschlag vom Boot getrennt werden.";"Falsch.

Richtig ist: „Sicherheitsleinen bzw. -gurte spannen, Sicherheitsgurt anlegen und an den dafür vorgesehenen Stellen einpicken.“

Eingepickte Sicherheitsgurte verhindern, dass Personen durch heftige Bewegungen und Seeschlag vom Boot getrennt werden.";multiple_choice;Feedback erstellt
SBF-SEE-0279;279;SBF See;Sicherheit auf dem Wasser;See;Welche Notsignale können gegeben werden?;Leuchtrakete mit rotem Leuchtstern oder rot brennende Handfackel, anhaltendes Ertönen eines Nebelsignalgerätes, dreimaliges Geben per Licht oder Ton, dreimal das Wort MAYDAY über Sprechfunk, seitliches Heben und Senken der Arme, Flaggensignal NC, EPIRB, DSC, Radartransponder.;Leuchtrakete mit rotem Leuchtstern oder rot brennende Handfackel, anhaltendes Ertönen eines Nebelsignalgerätes, dreimaliges Geben per Licht oder Ton, Seewasserfärber, seitliches Heben und Senken der Arme, Ball über oder unter Flaggensignal NC, EPIRB, DSC, Radartransponder.;Leuchtrakete mit orangem Leuchtstern oder orange brennende Handfackel, rotes Rauchsignal, anhaltendes Ertönen eines Nebelsignalgerätes, dreimaliges Geben per Licht oder Ton, dreimal das Wort MAYDAY über Sprechfunk, seitliches Heben und Senken der Arme, Flaggensignal NC, EPIRB, DSC, Radartransponder.;Leuchtrakete mit rotem Leuchtstern oder rot brennende Handfackel, anhaltendes Ertönen eines Nebelsignalgerätes, dreimaliges Geben per Licht oder Ton, dreimal das Wort MAYDAY über Sprechfunk, seitliches Heben und Senken der Arme, Flaggensignal NC, EPIRB, DSC, Radartransponder.;A;Allgemeine Seemannschaft;Grundlagen;Seemännische Grundlagen sicher anwenden;true;SBFSEE-0279;see_specific;"Richtig.

Leuchtrakete mit rotem Leuchtstern oder rot brennende Handfackel, anhaltendes Ertönen eines Nebelsignalgerätes, dreimaliges Geben per Licht oder Ton, dreimal das Wort MAYDAY über Sprechfunk, seitliches Heben und Senken der Arme, Flaggensignal NC, EPIRB, DSC, Radartransponder. Die genannten international erkennbaren optischen, akustischen und funktechnischen Signale zeigen eine schwere und unmittelbare Notlage an.";"Falsch.

Richtig ist: „Leuchtrakete mit rotem Leuchtstern oder rot brennende Handfackel, anhaltendes Ertönen eines Nebelsignalgerätes, dreimaliges Geben per Licht oder Ton, dreimal das Wort MAYDAY über Sprechfunk, seitliches Heben und Senken der Arme, Flaggensignal NC, EPIRB, DSC, Radartransponder.“

Die genannten international erkennbaren optischen, akustischen und funktechnischen Signale zeigen eine schwere und unmittelbare Notlage an.";multiple_choice;Feedback erstellt
SBF-SEE-0280;280;SBF See;Sicherheit auf dem Wasser;See;"Was bedeutet das Flaggensignal ""NC"" auf einem Fahrzeug?";Fahrzeug in Seenot.;Fahrzeug des öffentlichen Dienstes.;Fahrzeug mit gefährlichen Gütern.;Fahrzeug verlässt Liegeplatz.;A;Allgemeine Seemannschaft;Grundlagen;Seemännische Grundlagen sicher anwenden;false;SBFSEE-0280;see_specific;"Richtig.

Fahrzeug in Seenot. Die Flaggen N über C bilden das internationale Signal für Seenot und das Ersuchen um sofortige Hilfe.";"Falsch.

Richtig ist: „Fahrzeug in Seenot.“

Die Flaggen N über C bilden das internationale Signal für Seenot und das Ersuchen um sofortige Hilfe.";multiple_choice;Feedback erstellt
SBF-SEE-0281;281;SBF See;Sicherheit auf dem Wasser;See;Was bedeutet anhaltendes Ertönen eines Nebelsignalgerätes von einem Fahrzeug?;Fahrzeug in Seenot.;Fahrzeug mit gefährlichen Gütern.;Bleib-weg-Signal.;Achtungssignal.;A;Allgemeine Seemannschaft;Grundlagen;Seemännische Grundlagen sicher anwenden;false;SBFSEE-0281;see_specific;"Richtig.

Fahrzeug in Seenot. Ein anhaltender Ton des Nebelsignalgeräts gehört zu den anerkannten Seenotsignalen und fordert sofortige Hilfe an.";"Falsch.

Richtig ist: „Fahrzeug in Seenot.“

Ein anhaltender Ton des Nebelsignalgeräts gehört zu den anerkannten Seenotsignalen und fordert sofortige Hilfe an.";multiple_choice;Feedback erstellt
SBF-SEE-0282;282;SBF See;Sicherheit auf dem Wasser;See;Was bedeutet das folgende durch Licht oder Schallsignal gegebene Morsesignal?;Seenotsignal.;Nebelsignal.;Bleib-weg-Signal.;Überholsignal.;A;Lichter, Zeichen & Schallsignale;Fahrzeug- und Verkehrssignale;Signale erkennen und Bedeutung zuordnen;true;SBFSEE-0282;see_specific;"Richtig.

Seenotsignal. Das dargestellte Licht- oder Tonsignal ist als internationales Seenotsignal zu erkennen und darf nur in einer echten Notlage verwendet werden.";"Falsch.

Richtig ist: „Seenotsignal.“

Das dargestellte Licht- oder Tonsignal ist als internationales Seenotsignal zu erkennen und darf nur in einer echten Notlage verwendet werden.";multiple_choice;Feedback erstellt
SBF-SEE-0283;283;SBF See;Funk und Kommunikation;See;Was bedeutet eine Leuchtrakete mit einem roten Stern?;Seenotfall.;Aufforderung zum Aufstoppen.;Schießübung.;Aufforderung zur Kursänderung.;A;Allgemeine Seemannschaft;Grundlagen;Seemännische Grundlagen sicher anwenden;false;SBFSEE-0283;see_specific;"Richtig.

Seenotfall. Eine rote Leuchtrakete ist weithin sichtbar und kennzeichnet international eine schwere Notlage mit Hilfebedarf.";"Falsch.

Richtig ist: „Seenotfall.“

Eine rote Leuchtrakete ist weithin sichtbar und kennzeichnet international eine schwere Notlage mit Hilfebedarf.";multiple_choice;Feedback erstellt
SBF-SEE-0284;284;SBF See;Funk und Kommunikation;See;Was bedeutet folgendes Flaggensignal?;Fahrzeug in Seenot.;Fahrzeug des öffentlichen Dienstes.;Fahrzeug mit gefährlichen Gütern.;Fahrzeug verlässt Liegeplatz.;A;Allgemeine Seemannschaft;Grundlagen;Seemännische Grundlagen sicher anwenden;true;SBFSEE-0284;see_specific;"Richtig.

Fahrzeug in Seenot. Das gezeigte Flaggensignal ist ein international anerkanntes Seenotsignal und fordert Hilfe an.";"Falsch.

Richtig ist: „Fahrzeug in Seenot.“

Das gezeigte Flaggensignal ist ein international anerkanntes Seenotsignal und fordert Hilfe an.";multiple_choice;Feedback erstellt
SBF-SEE-0285;285;SBF See;Funk und Kommunikation;See;Was bedeutet auf einem Schiff eines der folgenden Signale?;Fahrzeug in Seenot.;Fahrzeug ist manövrierbehindert.;Fahrzeug mit gefährlichen Gütern.;Fahrzeug vor Anker mit mehr als 100 m Länge.;A;Allgemeine Seemannschaft;Grundlagen;Seemännische Grundlagen sicher anwenden;true;SBFSEE-0285;see_specific;"Richtig.

Fahrzeug in Seenot. Die dargestellten Signale sind international als Seenotsignale festgelegt und zeigen eine ernste, unmittelbare Hilfsbedürftigkeit an.";"Falsch.

Richtig ist: „Fahrzeug in Seenot.“

Die dargestellten Signale sind international als Seenotsignale festgelegt und zeigen eine ernste, unmittelbare Hilfsbedürftigkeit an.";multiple_choice;Feedback erstellt
SBF-SEE-0286;286;SBF See;Navigationsaufgaben;See;Wie lautet der rwK?;;;;;;Navigation;Kursberechnung;Nautische Informationen berechnen und in der Seekarte anwenden;false;SBFSEE-0286;see_specific;;;manual_navigation;"Keine Multiple-Choice-Frage; separat als Navigationsaufgabe auswerten."
SBF-SEE-0287;287;SBF See;Navigationsaufgaben;See;Tragen Sie den Kurs in die Seekarte ein.;;;;;;Navigation;Kurs in Seekarte;Nautische Informationen berechnen und in der Seekarte anwenden;false;SBFSEE-0287;see_specific;;;manual_navigation;"Keine Multiple-Choice-Frage; separat als Navigationsaufgabe auswerten."
SBF-SEE-0288;288;SBF See;Navigationsaufgaben;See;Wie lautet der MgK?;;;;;;Navigation;Magnetkompasskurs;Nautische Informationen berechnen und in der Seekarte anwenden;false;SBFSEE-0288;see_specific;;;manual_navigation;"Keine Multiple-Choice-Frage; separat als Navigationsaufgabe auswerten."
SBF-SEE-0289;289;SBF See;Navigationsaufgaben;See;Wie lauten die Peilungen?;;;;;;Navigation;Peilung;Nautische Informationen berechnen und in der Seekarte anwenden;false;SBFSEE-0289;see_specific;;;manual_navigation;"Keine Multiple-Choice-Frage; separat als Navigationsaufgabe auswerten."
SBF-SEE-0290;290;SBF See;Navigationsaufgaben;See;Tragen Sie die Peilungen in die Seekarte ein.;;;;;;Navigation;Peilung in Seekarte;Nautische Informationen berechnen und in der Seekarte anwenden;false;SBFSEE-0290;see_specific;;;manual_navigation;"Keine Multiple-Choice-Frage; separat als Navigationsaufgabe auswerten."
SBF-SEE-0291;291;SBF See;Navigationsaufgaben;See;Entnehmen Sie der Seekarte die geographische Position.;;;;;;Navigation;Geographische Position;Nautische Informationen berechnen und in der Seekarte anwenden;false;SBFSEE-0291;see_specific;;;manual_navigation;"Keine Multiple-Choice-Frage; separat als Navigationsaufgabe auswerten."
SBF-SEE-0292;292;SBF See;Navigationsaufgaben;See;Tragen Sie die Position in die Seekarte ein.;;;;;;Navigation;Position in Seekarte;Nautische Informationen berechnen und in der Seekarte anwenden;false;SBFSEE-0292;see_specific;;;manual_navigation;"Keine Multiple-Choice-Frage; separat als Navigationsaufgabe auswerten."
SBF-SEE-0293;293;SBF See;Navigationsaufgaben;See;Wie groß ist die Distanz?;;;;;;Navigation;Distanz;Nautische Informationen berechnen und in der Seekarte anwenden;false;SBFSEE-0293;see_specific;;;manual_navigation;"Keine Multiple-Choice-Frage; separat als Navigationsaufgabe auswerten."
SBF-SEE-0294;294;SBF See;Navigationsaufgaben;See;Auf welcher Position befindet sich das Schiff nach Koppelort?;;;;;;Navigation;Koppelort;Nautische Informationen berechnen und in der Seekarte anwenden;false;SBFSEE-0294;see_specific;;;manual_navigation;"Keine Multiple-Choice-Frage; separat als Navigationsaufgabe auswerten."
SBF-SEE-0295;295;SBF See;Navigationsaufgaben;See;Wie lautet die Besteckversetzung?;;;;;;Navigation;Besteckversetzung;Nautische Informationen berechnen und in der Seekarte anwenden;false;SBFSEE-0295;see_specific;;;manual_navigation;"Keine Multiple-Choice-Frage; separat als Navigationsaufgabe auswerten."
SBF-SEE-0296;296;SBF See;Navigationsaufgaben;See;In welcher Zeit erreichen Sie das Ziel?;;;;;;Navigation;Zeitberechnung;Nautische Informationen berechnen und in der Seekarte anwenden;false;SBFSEE-0296;see_specific;;;manual_navigation;"Keine Multiple-Choice-Frage; separat als Navigationsaufgabe auswerten."
SBF-SEE-0297;297;SBF See;Navigationsaufgaben;See;Wie groß ist die Geschwindigkeit?;;;;;;Navigation;Geschwindigkeit;Nautische Informationen berechnen und in der Seekarte anwenden;false;SBFSEE-0297;see_specific;;;manual_navigation;"Keine Multiple-Choice-Frage; separat als Navigationsaufgabe auswerten."
SBF-SEE-0298;298;SBF See;Navigationsaufgaben;See;Welche Bedeutung hat das Schifffahrtszeichen?;;;;;;Navigation;Schifffahrtszeichen;Nautische Informationen berechnen und in der Seekarte anwenden;false;SBFSEE-0298;see_specific;;;manual_navigation;"Keine Multiple-Choice-Frage; separat als Navigationsaufgabe auswerten."
SBF-SEE-0299;299;SBF See;Navigationsaufgaben;See;Beschreiben Sie das Schifffahrtszeichen (zum Beispiel Farbe, Kennung, Toppzeichen, Nenntragweite, Feuerhöhe, Art des Feuers).;;;;;;Navigation;Schifffahrtszeichen beschreiben;Nautische Informationen berechnen und in der Seekarte anwenden;false;SBFSEE-0299;see_specific;;;manual_navigation;"Keine Multiple-Choice-Frage; separat als Navigationsaufgabe auswerten."
SBF-SEE-0300;300;SBF See;Navigationsaufgaben;See;Was bedeutet diese Eintragung in der Seekarte? Navigationsaufgabe 1 Navigationsaufgabe 2 Navigationsaufgabe 3 Navigationsaufgabe 4 Navigationsaufgabe 5 Navigationsaufgabe 6 Navigationsaufgabe 7 Navigationsaufgabe 8 Navigationsaufgabe 9 Navigationsaufgabe 10 Navigationsaufgabe 11 Navigationsaufgabe 12 Navigationsaufgabe 13 Navigationsaufgabe 14 Navigationsaufgabe 15;;;;;;Navigation;Seekarteneintragung;Nautische Informationen berechnen und in der Seekarte anwenden;false;SBFSEE-0300;see_specific;;;manual_navigation;"Keine Multiple-Choice-Frage; separat als Navigationsaufgabe auswerten."
