Prüfungsbogen;Position im Bogen;Fragenkatalog-Nr.;Kategorie;Frage;Zusatztext;Antwort A;Antwort B;Antwort C;Antwort D;Richtige Antwort;Richtige Antwort (Text);Bilddateien im ZIP;Bild-URLs;Tags;Quelle
01;1;8;Grundlagen;Welche Seite wird als Luvseite bezeichnet?;;Die dem Wind abgewandte Seite.;Die Seite in Fahrtrichtung links.;Die dem Wind zugekehrte Seite.;Die Seite in Fahrtrichtung rechts.;C;Die dem Wind zugekehrte Seite.;;;"Basisfragen;2017-06-01";https://www.bootsfuehrerscheinpruefung.de/sbfsee/pruefungsboegen/01
01;2;16;Signale;Welche Bedeutung hat folgendes Schallsignal:;;Ankerlieger über 100 m Länge.;Bleib-weg-Signal, Gefahrenbereich sofort verlassen.;Manövrierbehinderter Schleppverband über 200 m Länge.;Allgemeines Gefahr- und Warnsignal.;B;Bleib-weg-Signal, Gefahrenbereich sofort verlassen.;bilder/basisfragen_Schallzeichen-Frage-16-gif.png;https://www.bootsfuehrerscheinpruefung.de/images/sbfsee/katalog/basisfragen_Schallzeichen-Frage-16-gif.png;"Basisfragen;2017-06-01";https://www.bootsfuehrerscheinpruefung.de/sbfsee/pruefungsboegen/01
01;3;17;Schifffahrtszeichen;Welche Bedeutung hat folgendes Tafelzeichen?;;Überholverbot.;Überholverbot für Fahrzeuge unter 20 m Länge.;Begegnungsverbot für Fahrzeuge über 20 m Länge.;Begegnungsverbot.;A;Überholverbot.;bilder/basisfragen_Verbotszeichen-A02-gif.png;https://www.bootsfuehrerscheinpruefung.de/images/sbfsee/katalog/basisfragen_Verbotszeichen-A02-gif.png;"Basisfragen;2017-06-01;Schilder und Sichtzeichen";https://www.bootsfuehrerscheinpruefung.de/sbfsee/pruefungsboegen/01
01;4;32;Umwelt- & Naturschutz;Wie kann mitgeholfen werden, die Lebensmöglichkeiten der Pflanzen- und Tierwelt in Gewässern und Feuchtgebieten zu bewahren und zu fördern?;;"Durch umweltbewusstes Verhalten und Beachtung der ""Zehn Grundregeln für den Wassersport"".";Durch umsichtiges Verhalten und Beachtung der Verkehrsvorschriften.;"Durch umweltbewusstes Verhalten und Beachtung der ""Zehn goldenen Regeln für das Verhalten von Wassersportlern in der Natur"".";Durch vorausschauendes Fahren und Ausweichen entsprechend der Verkehrsvorschriften.;C;"Durch umweltbewusstes Verhalten und Beachtung der ""Zehn goldenen Regeln für das Verhalten von Wassersportlern in der Natur"".";;;"Basisfragen;2017-06-01";https://www.bootsfuehrerscheinpruefung.de/sbfsee/pruefungsboegen/01
01;5;47;Grundlagen;Weshalb ist die Kenntnis der Propellerdrehrichtung von Bedeutung?;;Sie hilft beim Kurshalten.;Sie hilft beim Überholen.;Sie hilft beim Manövrieren.;Sie hilft beim Begegnen.;C;Sie hilft beim Manövrieren.;;;"Basisfragen;2017-06-01";https://www.bootsfuehrerscheinpruefung.de/sbfsee/pruefungsboegen/01
01;6;60;Sicherheit;Welche Vorkehrungen sind für das längere Verlassen des Fahrzeugs zu treffen?;;Fahrzeug seefest hinterlassen und den Hafenmeister verständigen.;Alle Seeventile schließen und den Hauptschalter des Bordnetzes ausschalten.;Tagestank schließen und Kraftstofffilter entwässern.;Kraftstoff- und Wassertank auffüllen und das Bordnetz aufladen.;B;Alle Seeventile schließen und den Hauptschalter des Bordnetzes ausschalten.;;;"Basisfragen;2017-06-01";https://www.bootsfuehrerscheinpruefung.de/sbfsee/pruefungsboegen/01
01;7;63;Sicherheit;Warum sind die Flüssiggase Propan und Butan an Bord besonders gefährlich?;;Beide Gase sind schwerer als Luft und bilden mit Luft ein explosives Gemisch.;Beide Gase sind leichter als Luft und bilden mit Luft ein explosives Gemisch.;Beide Gase sind schwerer als Luft und bilden mit Wasser ein explosives Gemisch.;Beide Gase sind schwerer als Wasser und bilden mit Wasser ein explosives Gemisch.;A;Beide Gase sind schwerer als Luft und bilden mit Luft ein explosives Gemisch.;;;"Basisfragen;2017-06-01";https://www.bootsfuehrerscheinpruefung.de/sbfsee/pruefungsboegen/01
01;8;79;Verkehrsvorschriften;"Was bedeutet das ""Manöver des letzten Augenblicks""?";;Ausweichmanöver des Kurshalters und des Ausweichpflichtigen.;Ausweichmanöver des Kurshalters oder des Ausweichpflichtigen.;Ausweichmanöver des Ausweichpflichtigen.;Ausweichmanöver des Kurshalters.;D;Ausweichmanöver des Kurshalters.;;;"Spezifische Fragen See;2017-06-01";https://www.bootsfuehrerscheinpruefung.de/sbfsee/pruefungsboegen/01
01;9;88;Verkehrsvorschriften;Wie sind Verkehrstrennungsgebiete zu befahren?;;Sie dürfen nur vom Anfang bis zum Ende und jeweils nur in Fahrtrichtung rechts der Trennzone befahren werden.;Sie dürfen jeweils nur in der allgemeinen Verkehrsrichtung rechts der Trennlinie oder Trennzone befahren werden.;Sie dürfen innerhalb der äußeren Trennlinien nur in einer Fahrtrichtung befahren werden.;Sie dürfen jeweils nur in Fahrtrichtung links der Trennlinie oder Trennzone befahren werden.;B;Sie dürfen jeweils nur in der allgemeinen Verkehrsrichtung rechts der Trennlinie oder Trennzone befahren werden.;;;"Spezifische Fragen See;2017-06-01";https://www.bootsfuehrerscheinpruefung.de/sbfsee/pruefungsboegen/01
01;10;92;Lichterführung & Signalkörper;Welches Fahrzeug muss diese Lichter führen?;;Maschinenfahrzeug in Fahrt von 50 und mehr Meter Länge.;Ein manövrierbehindertes Fahrzeug mit Fahrt durchs Wasser von 50 und mehr Meter Länge.;Ein manövrierunfähiges Fahrzeug in Fahrt.;Maschinenfahrzeug in Fahrt von weniger als 50 m Länge.;A;Maschinenfahrzeug in Fahrt von 50 und mehr Meter Länge.;bilder/spezifische_fragen_see_Lichter-Frage-92-gif.png;https://www.bootsfuehrerscheinpruefung.de/images/sbfsee/katalog/spezifische_fragen_see_Lichter-Frage-92-gif.png;"Spezifische Fragen See;2017-06-01";https://www.bootsfuehrerscheinpruefung.de/sbfsee/pruefungsboegen/01
01;11;106;Lichterführung & Signalkörper;Welches Fahrzeug führt diese Signalkörper?;;Ein manövrierunfähiges Fahrzeug.;Ein fischendes Fahrzeug.;Ein Grundsitzer.;Ein manövrierbehindertes Fahrzeug.;C;Ein Grundsitzer.;bilder/spezifische_fragen_see_Signalkoerper-Frage-106-gif.png;https://www.bootsfuehrerscheinpruefung.de/images/sbfsee/katalog/spezifische_fragen_see_Signalkoerper-Frage-106-gif.png;"Spezifische Fragen See;2017-06-01";https://www.bootsfuehrerscheinpruefung.de/sbfsee/pruefungsboegen/01
01;12;124;Signale;Welches zusätzliche Schallsignal darf jeder Ankerlieger bei verminderter Sicht geben, um einem sich nähernden Fahrzeug seinen Standort anzuzeigen?;;Mindestens alle zwei Minuten drei aufeinander folgende Töne mit der Pfeife, und zwar lang, kurz, kurz.;Mindestens alle zwei Minuten drei aufeinander folgende Töne mit der Pfeife, und zwar lang, lang, kurz.;Mit der Pfeife kurz, lang, kurz.;Mindestens alle zwei Minuten ein kräftiges Schallsignal, das mit den vorgeschriebenen nicht verwechselt werden kann.;C;Mit der Pfeife kurz, lang, kurz.;"bilder/spezifische_fragen_see_Schallsignal-d-Frage-120-gif.png;bilder/spezifische_fragen_see_Schallsignal-Frage-118-gif.png;bilder/spezifische_fragen_see_Schallsignal-Frage-164-gif.png";"https://www.bootsfuehrerscheinpruefung.de/images/sbfsee/katalog/spezifische_fragen_see_Schallsignal-d-Frage-120-gif.png;https://www.bootsfuehrerscheinpruefung.de/images/sbfsee/katalog/spezifische_fragen_see_Schallsignal-Frage-118-gif.png;https://www.bootsfuehrerscheinpruefung.de/images/sbfsee/katalog/spezifische_fragen_see_Schallsignal-Frage-164-gif.png";"Spezifische Fragen See;2017-06-01";https://www.bootsfuehrerscheinpruefung.de/sbfsee/pruefungsboegen/01
01;13;132;Verkehrsvorschriften;Wie hat sich ein Segelfahrzeug im freien Seeraum oder außerhalb des Fahrwassers gegenüber einem in Sicht befindlichen fischenden Fahrzeug zu verhalten, wenn die Möglichkeit der Gefahr eines Zusammenstoßes besteht?;;Das Segelfahrzeug muss ausweichen.;Das Segelfahrzeug muss Kurs und Geschwindigkeit zunächst beibehalten.;Das Segelfahrzeug muss seinen Kurs nach Steuerbord ändern.;Das Segelfahrzeug darf die sichere Durchfahrt nicht behindern.;A;Das Segelfahrzeug muss ausweichen.;;;"Spezifische Fragen See;2017-06-01";https://www.bootsfuehrerscheinpruefung.de/sbfsee/pruefungsboegen/01
01;14;140;Signale;Welche Bedeutung hat folgendes Schallsignal: (mindestens)?;;Bleib-Weg-Signal, Explosionsgefahr durch gefährliche Güter. Sofort den Gefahrenbereich verlassen. Feuer und Zündfunken vermeiden.;Ein ausweichpflichtiges Fahrzeug wird auf seine Ausweichpflicht aufmerksam gemacht.;Allgemeines Gefahren- und Warnsignal.;Seeschifffahrtsstraße gesperrt. Weiterfahrt verboten, sofort aufstoppen.;B;Ein ausweichpflichtiges Fahrzeug wird auf seine Ausweichpflicht aufmerksam gemacht.;bilder/spezifische_fragen_see_Schallsignal-Frage-140-gif.png;https://www.bootsfuehrerscheinpruefung.de/images/sbfsee/katalog/spezifische_fragen_see_Schallsignal-Frage-140-gif.png;"Spezifische Fragen See;2017-06-01";https://www.bootsfuehrerscheinpruefung.de/sbfsee/pruefungsboegen/01
01;15;147;Verkehrsvorschriften;Wie haben sich Fahrzeuge von weniger als 20 m Länge oder Segelfahrzeuge in Verkehrstrennungsgebieten zu verhalten?;;Sie gelten als Kleinfahrzeuge und dürfen Verkehrstrennungsgebiete nur am Tage und bei guter Sicht befahren.;Sie gelten als Kleinfahrzeuge und dürfen Verkehrstrennungsgebiete nicht befahren.;Sie dürfen die sichere Durchfahrt eines dem Einbahnweg folgenden Maschinenfahrzeugs nicht behindern.;Sie dürfen die Trennzone befahren, damit der durchgehende Verkehr nicht behindert wird.;C;Sie dürfen die sichere Durchfahrt eines dem Einbahnweg folgenden Maschinenfahrzeugs nicht behindern.;;;"Spezifische Fragen See;2017-06-01";https://www.bootsfuehrerscheinpruefung.de/sbfsee/pruefungsboegen/01
01;16;150;Lichterführung & Signalkörper;Was ist das für ein Fahrzeug und was ist zu beachten?;;Ein manövrierbehindertes Fahrzeug ohne Fahrt durchs Wasser, das baggert oder Unterwasserarbeiten ausführt und dabei die Schifffahrt behindert. Es ist an der Steuerbordseite des Fahrwassers (Rechtsfahrgebot) zu passieren.;Ein manövrierbehindertes Fahrzeug ohne Fahrt durchs Wasser, das baggert oder Unterwasserarbeiten ausführt und dabei die Schifffahrt behindert. Es ist an der Seite zu passieren, die in Fahrtrichtung links liegt.;Ein manövrierbehindertes Fahrzeug ohne Fahrt durchs Wasser, das baggert oder Unterwasserarbeiten ausführt und dabei die Schifffahrt behindert. Es ist an der Seite zu passieren, an der zwei grüne Rundumlichter senkrecht übereinander angeordnet sind.;Ein manövrierbehindertes Fahrzeug ohne Fahrt durchs Wasser, das die Schifffahrt behindert. Es ist an der Seite zu passieren, an der zwei rote Rundumlichter senkrecht übereinander angeordnet sind.;C;Ein manövrierbehindertes Fahrzeug ohne Fahrt durchs Wasser, das baggert oder Unterwasserarbeiten ausführt und dabei die Schifffahrt behindert. Es ist an der Seite zu passieren, an der zwei grüne Rundumlichter senkrecht übereinander angeordnet sind.;bilder/spezifische_fragen_see_Fahrzeug-Frage-150-gif.png;https://www.bootsfuehrerscheinpruefung.de/images/sbfsee/katalog/spezifische_fragen_see_Fahrzeug-Frage-150-gif.png;"Spezifische Fragen See;2017-06-01";https://www.bootsfuehrerscheinpruefung.de/sbfsee/pruefungsboegen/01
01;17;158;Vorschriften & Gesetze;Welche verkehrsrechtliche Verpflichtung hat ein Fahrzeugführer nach § 3 der Seeschifffahrtsstraßen-Ordnung (SeeSchStrO), dessen Fahrzeug mit einer UKW-Funkanlage ausgerüstet ist?;;Er ist verpflichtet, die von der Verkehrszentrale gegebenen Verkehrsinformationen und -unterstützungen abzuhören und zu berücksichtigen.;Er ist verpflichtet, bei der Nutzung einer UKW-Funkanlage im Besitz des entsprechenden Funkzeugnisses zu sein.;Er ist verpflichtet, die Funkanlage während der Fahrt in Betrieb zu halten und alle sein Fahrzeug betreffenden Mitteilungen im Schiffslogbuch festzuhalten.;Er ist verpflichtet, bei verminderter Sicht regelmäßig seinen Schiffsnamen und seine Position der Verkehrszentrale mitzuteilen.;A;Er ist verpflichtet, die von der Verkehrszentrale gegebenen Verkehrsinformationen und -unterstützungen abzuhören und zu berücksichtigen.;;;"Spezifische Fragen See;2017-06-01";https://www.bootsfuehrerscheinpruefung.de/sbfsee/pruefungsboegen/01
01;18;159;Lichterführung & Signalkörper;Welches Licht muss ein Fahrzeug unter Segel von weniger als 12 m Länge oder ein Fahrzeug unter Ruder auf der Seeschifffahrtsstraße führen, wenn es die nach den Kollisionsverhütungsregeln (KVR) vorgeschriebenen Lichter nicht führen kann?;;Ein weißes Topplicht.;Eine Dreifarbenlaterne.;Ein rotes Rundumlicht.;Ein weißes Rundumlicht.;D;Ein weißes Rundumlicht.;;;"Spezifische Fragen See;2017-06-01";https://www.bootsfuehrerscheinpruefung.de/sbfsee/pruefungsboegen/01
01;19;171;Vorschriften & Gesetze;Wo ist das Ankern verboten?;;"Im Fahrwasser, an Engstellen und in unübersichtlichen Krümmungen; im Umkreis von 300 m von schwimmenden Geräten, Kabeltonnen und sonstigen Stellen für militärische und zivile Zwecke; vor Hafeneinfahrten, Schleusen, Anlegestellen und Sielen sowie in den Zufahrten des Nord-Ostsee-Kanals und in Vogelschutz- und Naturschutzgebieten sowie generell innerhalb von Nationalparks.";"Im Fahrwasser, an Engstellen und in unübersichtlichen Krümmungen; im Umkreis von 300 m von schwimmenden Geräten, Wracks und sonstigen Schifffahrtshindernissen, Kabeltonnen und sonstigen Stellen für militärische und zivile Zwecke; vor Hafeneinfahrten, Schleusen, Anlegestellen und Sielen sowie in den Zufahrten des Nord-Ostsee-Kanals; innerhalb von Fähr- und Brückenstrecken; 300 m vor und hinter Ankerverbotszeichen.";"Im Fahrwasser, auf Seeschifffahrtsstraßen, an Engstellen und in unübersichtlichen Krümmungen; im Umkreis von 300 m von schwimmenden Geräten, Wracks und sonstigen Schifffahrtshindernissen, Kabeltonnen und sonstigen Stellen für militärische und zivile Zwecke; vor Hafeneinfahrten, Schleusen, Anlegestellen und Sielen sowie in den Zufahrten des Nord-Ostsee-Kanals; innerhalb von Fähr- und Brückenstrecken; 300 m vor und hinter Ankerverbotszeichen.";Im Fahrwasser, wenn es durch die Generaldirektion Wasserstraßen- und Schifffahrt (GDWS) bekanntgemacht worden ist. Außerhalb des Fahrwassers auf Abschnitten, die durch die GDWS bekanntgemacht oder durch entsprechende Sichtzeichen bezeichnet sind.;B;"Im Fahrwasser, an Engstellen und in unübersichtlichen Krümmungen; im Umkreis von 300 m von schwimmenden Geräten, Wracks und sonstigen Schifffahrtshindernissen, Kabeltonnen und sonstigen Stellen für militärische und zivile Zwecke; vor Hafeneinfahrten, Schleusen, Anlegestellen und Sielen sowie in den Zufahrten des Nord-Ostsee-Kanals; innerhalb von Fähr- und Brückenstrecken; 300 m vor und hinter Ankerverbotszeichen.";;;"Spezifische Fragen See;August-2023";https://www.bootsfuehrerscheinpruefung.de/sbfsee/pruefungsboegen/01
01;20;176;Schifffahrtszeichen;Welche Bedeutung hat folgendes Tafelzeichen?;;Mindestabstand in Metern, der in der nachfolgenden Strecke vom Aufstellungsort der Tafel an eingehalten werden muss.;Die Geschwindigkeit durch das Wasser in sm/h (Knoten) auf dem Nord-Ostsee-Kanal (NOK) über Grund in sm/h, die nicht überschritten werden darf.;Mindestabstand zu anderen Fahrzeugen in Metern, der im bekanntgemachten Streckenabschnitt nicht unterschritten werden darf.;Die Geschwindigkeit durch das Wasser in km/h, auf dem Nord-Ostsee-Kanal (NOK) über Grund in km/h, die nicht überschritten werden darf.;D;Die Geschwindigkeit durch das Wasser in km/h, auf dem Nord-Ostsee-Kanal (NOK) über Grund in km/h, die nicht überschritten werden darf.;bilder/spezifische_fragen_see_Gebotszeichen-B06-gif.png;https://www.bootsfuehrerscheinpruefung.de/images/sbfsee/katalog/spezifische_fragen_see_Gebotszeichen-B06-gif.png;"Spezifische Fragen See;2017-06-01;Schilder und Sichtzeichen";https://www.bootsfuehrerscheinpruefung.de/sbfsee/pruefungsboegen/01
01;21;182;Schifffahrtszeichen;Welche Bedeutung hat folgendes Schifffahrtszeichen?;;Kennzeichnung von Sperrgebieten.;Kennzeichnung von Schießgebieten.;Kennzeichnung von besonderen Gebieten und Stellen.;Kennzeichnung von Badegebieten.;C;Kennzeichnung von besonderen Gebieten und Stellen.;bilder/spezifische_fragen_see_Schifffahrtszeichen-Frage-182-gif.png;https://www.bootsfuehrerscheinpruefung.de/images/sbfsee/katalog/spezifische_fragen_see_Schifffahrtszeichen-Frage-182-gif.png;"Spezifische Fragen See;2017-06-01";https://www.bootsfuehrerscheinpruefung.de/sbfsee/pruefungsboegen/01
01;22;194;Schifffahrtszeichen;Welche Bedeutung hat folgende(s) Tonne/Schifffahrtszeichen?;;Die Backbordseite des Fahrwassers.;Die Kennzeichnung eines Hindernisses im Wattfahrwasser.;Die Mitte eines Wattfahrwassers.;Die Steuerbordseite des Fahrwassers.;A;Die Backbordseite des Fahrwassers.;bilder/spezifische_fragen_see_Schifffahrtszeichen-Frage-194-gif.png;https://www.bootsfuehrerscheinpruefung.de/images/sbfsee/katalog/spezifische_fragen_see_Schifffahrtszeichen-Frage-194-gif.png;"Spezifische Fragen See;2017-06-01";https://www.bootsfuehrerscheinpruefung.de/sbfsee/pruefungsboegen/01
01;23;202;Schifffahrtszeichen;Welche Bedeutung hat folgendes Schifffahrtszeichen?;;Kennzeichnung einer allgemeinen Gefahrenstelle, Ostquadrant.;Kennzeichnung einer allgemeinen Gefahrenstelle, Nordquadrant.;Kennzeichnung einer allgemeinen Gefahrenstelle, Westquadrant.;Kennzeichnung einer allgemeinen Gefahrenstelle, Südquadrant.;D;Kennzeichnung einer allgemeinen Gefahrenstelle, Südquadrant.;bilder/spezifische_fragen_see_Warnzeichen-B15c-gif.png;https://www.bootsfuehrerscheinpruefung.de/images/sbfsee/katalog/spezifische_fragen_see_Warnzeichen-B15c-gif.png;"Spezifische Fragen See;2017-06-01";https://www.bootsfuehrerscheinpruefung.de/sbfsee/pruefungsboegen/01
01;24;209;Schifffahrtszeichen;Welche Bedeutung hat das Feuer einer Leuchttonne mit folgender Kennung: Fl. (2)?;;Westlicher Quadrant einer allgemeinen Gefahrenstelle, die westlich passiert werden muss.;Südlicher Quadrant einer allgemeinen Gefahrenstelle, die südlich passiert werden muss.;Nördlicher Quadrant einer allgemeinen Gefahrenstelle, die nördlich passiert werden muss.;Eine Einzelgefahrenstelle, die an allen Seiten passiert werden kann.;D;Eine Einzelgefahrenstelle, die an allen Seiten passiert werden kann.;;;"Spezifische Fragen See;2017-06-01";https://www.bootsfuehrerscheinpruefung.de/sbfsee/pruefungsboegen/01
01;25;216;Umwelt- & Naturschutz;Wo findet man die Grenzen der Naturschutzgebiete auf See?;;Im Bundesnaturschutzgesetz.;In den Kollisionsverhütungsregeln.;In Seekarten und Sportschifffahrtskarten des Bundesamtes für Seeschifffahrt und Hydrographie.;In der Seeschifffahrtsstraßen-Ordnung.;C;In Seekarten und Sportschifffahrtskarten des Bundesamtes für Seeschifffahrt und Hydrographie.;;;"Spezifische Fragen See;2017-06-01";https://www.bootsfuehrerscheinpruefung.de/sbfsee/pruefungsboegen/01
01;26;224;Schifffahrtszeichen;Was versteht man unter der Wiederkehr eines Leuchtfeuers?;;Zeitraum vom Ende der Taktkennung bis zum Einsetzen der nächsten gleichen Taktkennung.;Zeitraum vom Einsetzen der Taktkennung bis zum Einsetzen der nächsten gleichen Taktkennung.;Zeitraum vom Einsetzen der Taktkennung bis zum Ende der nächsten gleichen Taktkennung.;Zeitraum vom Einsetzen der Taktkennung bis zum Ende der Taktkennung.;B;Zeitraum vom Einsetzen der Taktkennung bis zum Einsetzen der nächsten gleichen Taktkennung.;;;"Spezifische Fragen See;2017-06-01";https://www.bootsfuehrerscheinpruefung.de/sbfsee/pruefungsboegen/01
01;27;235;Navigation;Wovon sollte man sich vor Gebrauch einer Seekarte überzeugen?;;Dass die Nummerierung mit dem Katalog übereinstimmt.;Dass die obere Kante in Nordrichtung weist.;Dass die Karte auf den neuesten Stand berichtigt ist.;Dass die Seekarte auf mittleres Tidehochwasser bezogen ist.;C;Dass die Karte auf den neuesten Stand berichtigt ist.;;;"Spezifische Fragen See;2017-06-01";https://www.bootsfuehrerscheinpruefung.de/sbfsee/pruefungsboegen/01
01;28;253;Wetter;Was versteht man unter einem Hochwasser?;;Eintritt des niedrigsten Wasserstands beim Übergang vom Fallen zum Steigen.;Eintritt des höchsten Wasserstands beim Übergang vom Steigen zum Fallen.;Steigen des Wassers nach Eintritt des niedrigsten Wasserstands.;Fallen des Wassers nach Eintritt des höchsten Wasserstands.;B;Eintritt des höchsten Wasserstands beim Übergang vom Steigen zum Fallen.;;;"Spezifische Fragen See;2017-06-01";https://www.bootsfuehrerscheinpruefung.de/sbfsee/pruefungsboegen/01
01;29;265;Wetter;Was zeigt die folgende Abbildung?;;Abbildung eines Hochdruckgebietes auf der Nordhalbkugel, Isobaren mit Angabe des Luftdrucks in hPa.;Abbildung eines Hochdruckgebietes auf der Südhalbkugel, Isobaren mit Angabe des Luftdrucks in hPa.;Abbildung eines Hochdruckgebietes auf der Nordhalbkugel, Isobaren mit Angabe des Luftdrucks in hPa, Zugrichtung Nordwest.;Abbildung eines Hochdruckgebietes auf der Südhalbkugel, Isobaren mit Angabe des Luftdrucks in hPa, Zugrichtung Südwest.;A;Abbildung eines Hochdruckgebietes auf der Nordhalbkugel, Isobaren mit Angabe des Luftdrucks in hPa.;bilder/spezifische_fragen_see_Abbildung-Frage-265-gif.png;https://www.bootsfuehrerscheinpruefung.de/images/sbfsee/katalog/spezifische_fragen_see_Abbildung-Frage-265-gif.png;"Spezifische Fragen See;2017-06-01";https://www.bootsfuehrerscheinpruefung.de/sbfsee/pruefungsboegen/01
01;30;271;Sicherheit;Wie hat man seine Fahrweise im Fahrwasser bei verminderter Sicht aufgrund seemännischer Sorgfaltspflicht einzurichten, wenn das Fahrzeug nicht über die technische Ausrüstung, insbesondere zur Ortung anderer Fahrzeuge, verfügt?;;Unverzüglich die Fahrt einstellen und ankern, wenn dies nicht möglich ist, vorsichtig weiterfahren und möglichst im Kielwasser eines vorausfahrenden Fahrzeugs halten.;Das Fahrwasser verlassen und wenn möglich, Flachwassergebiet aufsuchen und ankern. Wenn dies nicht möglich ist, im Fahrwasser äußerst rechts halten.;Im Fahrwasser äußerst rechts halten und den nächstgelegenen Hafen oder Liegeplatz anlaufen. Im Zweifel andere Fahrzeuge nach Position und richtigem Kurs fragen.;Umsichtig, aber zügig weiterfahren, um den übrigen Verkehr nicht zu behindern. Beim Hören fremder Nebelsignale aufstoppen und abwarten, dabei fortlaufend die Wassertiefe loten.;B;Das Fahrwasser verlassen und wenn möglich, Flachwassergebiet aufsuchen und ankern. Wenn dies nicht möglich ist, im Fahrwasser äußerst rechts halten.;;;"Spezifische Fragen See;2017-06-01";https://www.bootsfuehrerscheinpruefung.de/sbfsee/pruefungsboegen/01
02;1;7;Lichterführung & Signalkörper;Welches Signal führt ein Fahrzeug unter Segel, das als Maschinenfahrzeug gilt, zusätzlich am Tage?;;Einen schwarzen Kegel, Spitze oben.;Zwei schwarze Bälle senkrecht übereinander.;Einen schwarzen Kegel, Spitze unten.;Einen schwarzen Rhombus.;C;Einen schwarzen Kegel, Spitze unten.;;;"Basisfragen;2017-06-01";https://www.bootsfuehrerscheinpruefung.de/sbfsee/pruefungsboegen/02
02;2;15;Verkehrsvorschriften;Zwei Motorboote nähern sich auf kreuzenden Kursen. Es besteht die Gefahr eines Zusammenstoßes. Wer ist ausweichpflichtig?;;Es muss das leewärtige Fahrzeug dem luvwärtigen Fahrzeug ausweichen.;Es muss das luvwärtige Fahrzeug dem leewärtigen Fahrzeug ausweichen.;Dasjenige Fahrzeug muss ausweichen, welches das Andere an seiner Backbordseite hat.;Dasjenige Fahrzeug muss ausweichen, welches das Andere an seiner Steuerbordseite hat.;D;Dasjenige Fahrzeug muss ausweichen, welches das Andere an seiner Steuerbordseite hat.;;;"Basisfragen;2017-06-01";https://www.bootsfuehrerscheinpruefung.de/sbfsee/pruefungsboegen/02
02;3;27;Schifffahrtszeichen;Welche Bedeutung hat folgendes Tafelzeichen?;;Verbot der Durchfahrt, jedoch für Kleinfahrzeuge ohne Antriebsmaschine befahrbar.;Verbot der Durchfahrt, jedoch für Kleinfahrzeuge ohne laufende Antriebsmaschine befahrbar.;Verbot der Durchfahrt und Sperrung für Kleinfahrzeuge.;Verbot der Durchfahrt und Sperrung der Schifffahrt.;D;Verbot der Durchfahrt und Sperrung der Schifffahrt.;bilder/basisfragen_Verbotszeichen-A01-Tafeln-gif.png;https://www.bootsfuehrerscheinpruefung.de/images/sbfsee/katalog/basisfragen_Verbotszeichen-A01-Tafeln-gif.png;"Basisfragen;2017-06-01;Schilder und Sichtzeichen";https://www.bootsfuehrerscheinpruefung.de/sbfsee/pruefungsboegen/02
02;4;39;Sicherheit;Woran kann man erkennen, ob der Anker hält?;;Wenn beim Handauflegen auf die Ankerkette oder -leine kein Rucken zu verspüren ist und sich die Ankerpeilung ändert.;Wenn Ankerkette oder -leine nicht vibrieren und sich der anliegende Magnetkompasskurs nicht verändert.;Wenn beim Handauflegen auf die Ankerkette oder -leine kein Rucken zu verspüren ist und das Fahrzeug nicht schwojt.;Wenn beim Handauflegen auf die Ankerkette oder -leine kein Rucken zu verspüren ist und sich die Ankerpeilung nicht ändert.;D;Wenn beim Handauflegen auf die Ankerkette oder -leine kein Rucken zu verspüren ist und sich die Ankerpeilung nicht ändert.;;;"Basisfragen;2017-06-01";https://www.bootsfuehrerscheinpruefung.de/sbfsee/pruefungsboegen/02
02;5;48;Grundlagen;Welche Anlegeseite ist mit rechtsdrehendem Propeller empfehlenswert und warum?;;Es gibt keine empfehlenswerte Anlegeseite.;Die Steuerbordseite - der Radeffekt zieht das Fahrzeug an die Pier.;Die Steuerbord- oder Backbordseite je nach Ruderlage.;Die Backbordseite - der Radeffekt zieht das Fahrzeug an die Pier.;D;Die Backbordseite - der Radeffekt zieht das Fahrzeug an die Pier.;;;"Basisfragen;2017-06-01";https://www.bootsfuehrerscheinpruefung.de/sbfsee/pruefungsboegen/02
02;6;67;Sicherheit;Wie oft muss man aufblasbare Rettungsmittel warten lassen?;;Jährlich und nach jedem Einsatz oder Übungsgebrauch.;Jährlich, jeweils vor Beginn der Wassersportsaison.;Entsprechend der Herstellerangabe, mindestens alle 2 Jahre.;Entsprechend der Herstellerangabe, mindestens alle 3 Jahre.;C;Entsprechend der Herstellerangabe, mindestens alle 2 Jahre.;;;"Basisfragen;2017-06-01";https://www.bootsfuehrerscheinpruefung.de/sbfsee/pruefungsboegen/02
02;7;71;Wetter;Welche Faktoren sind hauptsächlich für das Wettergeschehen, also für Wind und Niederschläge, ausschlaggebend?;;Luftdruckänderung, Luftfeuchtigkeit und Temperatur.;Luftdruckänderung, Luftfeuchtigkeit und Jahreszeit.;Luftdruckänderung, Sonneneinstrahlung und Höhenlage.;Luftdruckänderung, Tageszeit und Temperatur.;A;Luftdruckänderung, Luftfeuchtigkeit und Temperatur.;;;"Basisfragen;2017-06-01";https://www.bootsfuehrerscheinpruefung.de/sbfsee/pruefungsboegen/02
02;8;78;Vorschriften & Gesetze;Welche Sicherheitsmaßnahmen hat der Fahrzeugführer im Rahmen seiner seemännischen Sorgfaltspflicht vor Fahrtantritt zum Schutze und für die Sicherheit der Personen an Bord zu treffen?;;Der Fahrzeugführer hat die verantwortlichen Besatzungsmitglieder über die Sicherheitsvorkehrungen an Bord zu unterrichten, in die Handhabung der Rettungs- und Feuerlöschmittel einzuweisen und auf geeignete Maßnahmen gegen das Überbordfallen hinzuweisen, zudem darauf, dass ständig angelegte Rettungswesten die Überlebenschancen im Wasser erhöhen.;Der Fahrzeugführer muss die Besatzungsmitglieder und Gäste anweisen, dass sie sich über die Sicherheitsvorkehrungen an Bord informieren, sich die Gebrauchsanweisungen der Rettungs- und Feuerlöschmittel ansehen und auf geeignete Maßnahmen gegen das Überbordfallen achten, zudem darauf, dass ständig angelegte Rettungswesten die Überlebenschancen im Wasser erhöhen.;Der Fahrzeugführer hat die Gäste an Bord über die Sicherheitsvorkehrungen an Bord zu unterrichten, in die Handhabung der Rettungs- und Feuerlöschmittel einzuweisen und auf geeignete Maßnahmen gegen das Überbordfallen hinzuweisen, zudem darauf, dass ständig angelegte Rettungswesten die Überlebenschancen im Wasser erhöhen.;Der Fahrzeugführer hat die Besatzungsmitglieder und Gäste über die Sicherheitsvorkehrungen an Bord zu unterrichten, in die Handhabung der Rettungs- und Feuerlöschmittel einzuweisen und auf geeignete Maßnahmen gegen das Überbordfallen hinzuweisen, zudem darauf, dass ständig angelegte Rettungswesten die Überlebenschancen im Wasser erhöhen.;D;Der Fahrzeugführer hat die Besatzungsmitglieder und Gäste über die Sicherheitsvorkehrungen an Bord zu unterrichten, in die Handhabung der Rettungs- und Feuerlöschmittel einzuweisen und auf geeignete Maßnahmen gegen das Überbordfallen hinzuweisen, zudem darauf, dass ständig angelegte Rettungswesten die Überlebenschancen im Wasser erhöhen.;;;"Spezifische Fragen See;August-2023";https://www.bootsfuehrerscheinpruefung.de/sbfsee/pruefungsboegen/02
02;9;89;Grundlagen;"Was bedeutet ""in Sicht befindlich""?";;Wenn jeder Fahrzeugführer vom anderen optisch wahrgenommen werden kann.;Wenn jedes Fahrzeug vom anderen optisch wahrgenommen werden kann.;Wenn beide Fahrzeuge optisch wahrgenommen werden können.;Wenn jedes Fahrzeug auch bei unsichtigem Wetter optisch wahrgenommen werden kann.;B;Wenn jedes Fahrzeug vom anderen optisch wahrgenommen werden kann.;;;"Spezifische Fragen See;2017-06-01";https://www.bootsfuehrerscheinpruefung.de/sbfsee/pruefungsboegen/02
02;10;93;Lichterführung & Signalkörper;Welches Fahrzeug führt diese Lichter?;;Manövrierbehinderter Schleppverband in Fahrt von 200 m Länge oder weniger, ohne Fahrt durchs Wasser.;Manövrierbehinderter Schleppverband in Fahrt von mehr als 200 m Länge.;Ein manövrierbehindertes Fahrzeug mit Fahrt durchs Wasser von 50 und mehr Meter Länge.;Manövrierbehinderter Schleppverband in Fahrt von 200 m Länge oder weniger.;D;Manövrierbehinderter Schleppverband in Fahrt von 200 m Länge oder weniger.;bilder/spezifische_fragen_see_Lichter-Frage-93-gif.png;https://www.bootsfuehrerscheinpruefung.de/images/sbfsee/katalog/spezifische_fragen_see_Lichter-Frage-93-gif.png;"Spezifische Fragen See;2017-06-01";https://www.bootsfuehrerscheinpruefung.de/sbfsee/pruefungsboegen/02
02;11;100;Lichterführung & Signalkörper;Welche Lichter führen manövrierunfähige Fahrzeuge von 12 und mehr Meter Länge in Fahrt, ohne Fahrt durch das Wasser?;;Drei rote Rundumlichter senkrecht übereinander.;Zwei rote Rundumlichter senkrecht übereinander und zusätzlich die Seitenlichter und das Hecklicht.;Drei rote Rundumlichter senkrecht übereinander und zusätzlich die Seitenlichter und das Hecklicht.;Zwei rote Rundumlichter senkrecht übereinander.;D;Zwei rote Rundumlichter senkrecht übereinander.;;;"Spezifische Fragen See;2017-06-01";https://www.bootsfuehrerscheinpruefung.de/sbfsee/pruefungsboegen/02
02;12;118;Signale;Welche Fahrzeuge geben bei verminderter Sicht mindestens alle zwei Minuten drei aufeinander folgende Töne mit der Pfeife, und zwar lang, kurz, kurz?;;Ein manövrierunfähiges Fahrzeug in Fahrt, ein manövrierbehindertes Fahrzeug in Fahrt oder vor Anker, ein tiefgangbehindertes Fahrzeug in Fahrt, ein Segelfahrzeug in Fahrt, ein schleppendes oder schiebendes Fahrzeug in Fahrt, ein geschlepptes Fahrzeug oder das letzte bemannte Fahrzeug eines Schleppverbandes in Fahrt, ein fischendes Fahrzeug in Fahrt oder vor Anker.;Ein manövrierunfähiges Fahrzeug in Fahrt, ein manövrierbehindertes Fahrzeug in Fahrt oder vor Anker, ein tiefgangbehindertes Fahrzeug in Fahrt, ein Segelfahrzeug in Fahrt, ein schleppendes oder schiebendes Fahrzeug in Fahrt, ein fischendes Fahrzeug in Fahrt oder vor Anker, ein Maschinenfahrzeug in Fahrt, das seine Maschine gestoppt hat und keine Fahrt durchs Wasser macht.;Ein manövrierunfähiges Fahrzeug in Fahrt, ein manövrierbehindertes Fahrzeug in Fahrt oder vor Anker, ein tiefgangbehindertes Fahrzeug in Fahrt, ein Maschinenfahrzeug in Fahrt, das Fahrt durchs Wasser macht, ein schleppendes oder schiebendes Fahrzeug in Fahrt, ein fischendes Fahrzeug in Fahrt oder vor Anker.;Ein manövrierunfähiges Fahrzeug in Fahrt, ein manövrierbehindertes Fahrzeug in Fahrt oder vor Anker, ein tiefgangbehindertes Fahrzeug in Fahrt, ein Segelfahrzeug in Fahrt, ein schleppendes oder schiebendes Fahrzeug in Fahrt, ein fischendes Fahrzeug in Fahrt oder vor Anker.;D;Ein manövrierunfähiges Fahrzeug in Fahrt, ein manövrierbehindertes Fahrzeug in Fahrt oder vor Anker, ein tiefgangbehindertes Fahrzeug in Fahrt, ein Segelfahrzeug in Fahrt, ein schleppendes oder schiebendes Fahrzeug in Fahrt, ein fischendes Fahrzeug in Fahrt oder vor Anker.;bilder/spezifische_fragen_see_Schallsignal-Frage-118-gif.png;https://www.bootsfuehrerscheinpruefung.de/images/sbfsee/katalog/spezifische_fragen_see_Schallsignal-Frage-118-gif.png;"Spezifische Fragen See;2017-06-01";https://www.bootsfuehrerscheinpruefung.de/sbfsee/pruefungsboegen/02
02;13;122;Signale;Welches Fahrzeug gibt bei verminderter Sicht mindestens jede Minute etwa 5 Sekunden lang rasches Läuten der Glocke?;;Ein geschlepptes Fahrzeug oder das letzte bemannte Fahrzeug eines Schleppverbandes in Fahrt.;Ein Fahrzeug vor Anker von weniger als 100 m Länge.;Ein Maschinenfahrzeug in Fahrt, das seine Maschine gestoppt hat und keine Fahrt durchs Wasser macht.;Ein Fahrzeug vor Anker von 100 und mehr Meter Länge.;B;Ein Fahrzeug vor Anker von weniger als 100 m Länge.;bilder/spezifische_fragen_see_Schallsignal-Frage-122-gif.png;https://www.bootsfuehrerscheinpruefung.de/images/sbfsee/katalog/spezifische_fragen_see_Schallsignal-Frage-122-gif.png;"Spezifische Fragen See;2017-06-01";https://www.bootsfuehrerscheinpruefung.de/sbfsee/pruefungsboegen/02
02;14;134;Lichterführung & Signalkörper;Wie muss man sich gegenüber diesem Fahrzeug verhalten?;;Die sichere Durchfahrt des Fahrzeugs darf nicht behindert werden.;Das Fahrzeug muss an Steuerbord passiert werden.;Sog und Wellenschlag vermeiden.;Kurs und Geschwindigkeit beibehalten.;A;Die sichere Durchfahrt des Fahrzeugs darf nicht behindert werden.;bilder/spezifische_fragen_see_Fahrzeug-Frage-134-gif.png;https://www.bootsfuehrerscheinpruefung.de/images/sbfsee/katalog/spezifische_fragen_see_Fahrzeug-Frage-134-gif.png;"Spezifische Fragen See;2017-06-01";https://www.bootsfuehrerscheinpruefung.de/sbfsee/pruefungsboegen/02
02;15;139;Verkehrsvorschriften;Wie verhält man sich als Kurshalter, wenn man feststellt, dass ein anderes Fahrzeug seiner Ausweichpflicht nicht nachkommt und die Gefahr einer unmittelbaren Kollision bevorsteht?;;Man behält Kurs und Geschwindigkeit zunächst bei und widmet dem Ausweichpflichtigen besondere Aufmerksamkeit.;"Man gibt mindestens fünf kurze Töne mit der Pfeife ab und führt das ""Manöver des letzten Augenblicks"" durch. Dabei ist so zu manövrieren, wie es zur Vermeidung eines Zusammenstoßes am dienlichsten ist.";Man gibt ein Schallsignal (vier kurze Töne) ab und verlangsamt die Fahrt soweit, dass die Steuerfähigkeit noch erhalten bleibt. Erforderlichenfalls ist ganz aufzustoppen. In jedem Fall ist vorsichtig zu manövrieren, bis die Gefahr eines Zusammenstoßes vorüber ist.;Man gibt mindestens fünf kurze Töne mit der Pfeife ab und reduziert die Geschwindigkeit, um Sog und Wellenschlag zu vermeiden.;B;"Man gibt mindestens fünf kurze Töne mit der Pfeife ab und führt das ""Manöver des letzten Augenblicks"" durch. Dabei ist so zu manövrieren, wie es zur Vermeidung eines Zusammenstoßes am dienlichsten ist.";;;"Spezifische Fragen See;2017-06-01";https://www.bootsfuehrerscheinpruefung.de/sbfsee/pruefungsboegen/02
02;16;152;Vorschriften & Gesetze;Wo ist festgelegt, welche Wasserflächen Seeschifffahrtsstraßen sind?;;Kollisionsverhütungsregeln und Seeaufgabengesetz.;Seeschifffahrtsstraßen-Ordnung und Kollisionsverhütungsregeln.;Kollisionsverhütungsregeln und Schifffahrtsordnung Emsmündung.;Seeschifffahrtsstraßen-Ordnung und Schifffahrtsordnung Emsmündung.;D;Seeschifffahrtsstraßen-Ordnung und Schifffahrtsordnung Emsmündung.;;;"Spezifische Fragen See;2017-06-01";https://www.bootsfuehrerscheinpruefung.de/sbfsee/pruefungsboegen/02
02;17;157;Schifffahrtszeichen;Welches ist - außer in Wattgebieten - die Steuerbordseite eines Fahrwassers?;;Es ist die Seite, auf der die Tonnen mit fortlaufenden geraden Zahlen gekennzeichnet sind.;Es ist die Seite, die ein von See kommendes Schiff an seiner Backbordseite hat.;Es ist die Seite, die von See kommend mit roten Tonnen bezeichnet ist.;Es ist die Seite, die ein von See kommendes Schiff an seiner Steuerbordseite hat.;D;Es ist die Seite, die ein von See kommendes Schiff an seiner Steuerbordseite hat.;;;"Spezifische Fragen See;2017-06-01";https://www.bootsfuehrerscheinpruefung.de/sbfsee/pruefungsboegen/02
02;18;166;Verkehrsvorschriften;Wie haben Segelfahrzeuge im Fahrwasser, die nicht deutlich der Richtung eines Fahrwassers folgen, untereinander auszuweichen?;;Sie haben untereinander nach den Regeln der Binnenschifffahrtsstraßen-Ordnung auszuweichen, wenn sie dadurch vorfahrtberechtigte Fahrzeuge nicht gefährden oder behindern.;Sie haben untereinander nach den Regeln der Schifffahrtsordnung Emsmündung auszuweichen, wenn sie dadurch vorfahrtberechtigte Fahrzeuge nicht gefährden oder behindern.;Sie haben untereinander nach den Regeln der KVR auszuweichen, wenn sie dadurch vorfahrtberechtigte Fahrzeuge nicht gefährden oder behindern.;Sie haben untereinander nach den Regeln der Seeschifffahrtsstraßen-Ordnung auszuweichen, wenn sie dadurch vorfahrtberechtigte Fahrzeuge nicht gefährden oder behindern.;C;Sie haben untereinander nach den Regeln der KVR auszuweichen, wenn sie dadurch vorfahrtberechtigte Fahrzeuge nicht gefährden oder behindern.;;;"Spezifische Fragen See;2017-06-01";https://www.bootsfuehrerscheinpruefung.de/sbfsee/pruefungsboegen/02
02;19;167;Verkehrsvorschriften;Welche Ausweichregeln gelten außerhalb des Fahrwassers?;;Die Regeln der Binnenschifffahrtsstraßen-Ordnung.;Die Regeln der KVR.;Die Regeln der Seeschifffahrtsstraßen-Ordnung.;Die Regeln der Schifffahrtsordnung Emsmündung.;B;Die Regeln der KVR.;;;"Spezifische Fragen See;2017-06-01";https://www.bootsfuehrerscheinpruefung.de/sbfsee/pruefungsboegen/02
02;20;177;Schifffahrtszeichen;Welche Bedeutung haben folgende Sichtzeichen?;;Dauernde Sperrung der Seeschifffahrtsstraße.;Außergewöhnliche Schifffahrtsbehinderung.;Schutzbedürftige Anlage.;Dauernde Sperrung einer Teilstrecke der Seeschifffahrtsstraße.;C;Schutzbedürftige Anlage.;"bilder/spezifische_fragen_see_Gebotszeichen-A04b-gif.png;bilder/spezifische_fragen_see_Gebotszeichen-A04c-gif.png";"https://www.bootsfuehrerscheinpruefung.de/images/sbfsee/katalog/spezifische_fragen_see_Gebotszeichen-A04b-gif.png;https://www.bootsfuehrerscheinpruefung.de/images/sbfsee/katalog/spezifische_fragen_see_Gebotszeichen-A04c-gif.png";"Spezifische Fragen See;2017-06-01;Schilder und Sichtzeichen";https://www.bootsfuehrerscheinpruefung.de/sbfsee/pruefungsboegen/02
02;21;181;Vorschriften & Gesetze;Welche Höchstgeschwindigkeit darf vor Stellen mit erkennbarem Badebetrieb - außerhalb des Fahrwassers - in einem Abstand von 500 m und weniger vom Ufer nicht überschritten werden?;;3,8 Knoten.;4,3 Knoten.;4,8 Knoten.;3,4 Knoten.;B;4,3 Knoten.;;;"Spezifische Fragen See;2017-06-01";https://www.bootsfuehrerscheinpruefung.de/sbfsee/pruefungsboegen/02
02;22;187;Schifffahrtszeichen;Welche Bedeutung haben folgende Sichtzeichen?;;Schutzbedürftige Anlage. Sog und Wellenschlag vermeiden.;Dauernde Sperrung der Seeschifffahrtsstraße. Weiterfahrt verboten.;Ende einer Gebots- oder Verbotsstrecke. Freie Weiterfahrt.;Außergewöhnliche Schifffahrtsbehinderung. Vorsichtig passieren.;B;Dauernde Sperrung der Seeschifffahrtsstraße. Weiterfahrt verboten.;"bilder/spezifische_fragen_see_Gebotszeichen-A18aa-gif.png;bilder/spezifische_fragen_see_Gebotszeichen-A18ab-gif.png";"https://www.bootsfuehrerscheinpruefung.de/images/sbfsee/katalog/spezifische_fragen_see_Gebotszeichen-A18aa-gif.png;https://www.bootsfuehrerscheinpruefung.de/images/sbfsee/katalog/spezifische_fragen_see_Gebotszeichen-A18ab-gif.png";"Spezifische Fragen See;2017-06-01;Schilder und Sichtzeichen";https://www.bootsfuehrerscheinpruefung.de/sbfsee/pruefungsboegen/02
02;23;197;Schifffahrtszeichen;"Welche Bedeutung hat folgende Kennung: ""Oc (2) R. Whis.""?";;Blitz (2) rot, Glockentonne.;Leitfeuer rot, zwei Warnsektoren.;Blink (2) rot, Glockentonne.;Unterbrochen (2) rot, Heultonne.;D;Unterbrochen (2) rot, Heultonne.;;;"Spezifische Fragen See;2017-06-01";https://www.bootsfuehrerscheinpruefung.de/sbfsee/pruefungsboegen/02
02;24;207;Schifffahrtszeichen;Welche Bedeutung hat das Feuer einer Leuchttonne mit folgender Kennung?;;Kennzeichnung einer allgemeinen Gefahrenstelle, Ostquadrant. Sie ist östlich zu passieren.;Kennzeichnung einer allgemeinen Gefahrenstelle, Westquadrant. Sie ist westlich zu passieren.;Kennzeichnung einer allgemeinen Gefahrenstelle, Nordquadrant. Sie ist nördlich zu passieren.;Kennzeichnung einer allgemeinen Gefahrenstelle, Südquadrant. Sie ist südlich zu passieren.;B;Kennzeichnung einer allgemeinen Gefahrenstelle, Westquadrant. Sie ist westlich zu passieren.;bilder/spezifische_fragen_see_Feuer-Frage-207-gif.png;https://www.bootsfuehrerscheinpruefung.de/images/sbfsee/katalog/spezifische_fragen_see_Feuer-Frage-207-gif.png;"Spezifische Fragen See;2017-06-01";https://www.bootsfuehrerscheinpruefung.de/sbfsee/pruefungsboegen/02
02;25;214;Schifffahrtszeichen;Wie navigiert man mittels eines Quermarkenfeuers?;;Beim Erreichen des Ankündigungssektors die Kursänderung vornehmen.;Beim Übergang vom Ankündigungssektor in den Kursänderungssektor die Kursänderung vornehmen.;Beim Erreichen des Ankündigungssektors Ober- und Unterfeuer in Deckung halten.;Beim Erreichen des Kursänderungssektors den Kurs beibehalten.;B;Beim Übergang vom Ankündigungssektor in den Kursänderungssektor die Kursänderung vornehmen.;;;"Spezifische Fragen See;2017-06-01";https://www.bootsfuehrerscheinpruefung.de/sbfsee/pruefungsboegen/02
02;26;218;Umwelt- & Naturschutz;Weshalb sollte das Anlaufen von Seehundbänken im Bereich der Watten vermieden werden?;;Seehundbänke sind gesperrte Wasserflächen.;Tiefenangaben zu Seehundbänken sind im Kartenwerk nicht verzeichnet.;Die Tiere sollen nicht gestört oder vertrieben werden.;Im Bereich von Seehundbänken ist mit Untiefen zu rechnen.;C;Die Tiere sollen nicht gestört oder vertrieben werden.;;;"Spezifische Fragen See;2017-06-01";https://www.bootsfuehrerscheinpruefung.de/sbfsee/pruefungsboegen/02
02;27;232;Vorschriften & Gesetze;Welche Angaben enthalten die Nachrichten für Seefahrer (NfS) und die Bekanntmachungen für Seefahrer (BfS)?;;Sie enthalten alle Veränderungen hinsichtlich Betonnung, Befeuerung, Wracks sowie die aktuellen Wasserstände.;Sie enthalten alle Veränderungen hinsichtlich Betonnung, Befeuerung, Wracks, Untiefen sowie andere die Schifffahrt betreffende Maßnahmen und Ereignisse.;Sie enthalten alle Veränderungen hinsichtlich Betonnung, Befeuerung, Wracks, Untiefen sowie andere die Schifffahrt betreffende meteorologische Hinweise.;Sie enthalten alle Veränderungen hinsichtlich Betonnung, Befeuerung, Wracks, Untiefen sowie andere Änderungen der Seeschifffahrtsstraßen-Ordnung.;B;Sie enthalten alle Veränderungen hinsichtlich Betonnung, Befeuerung, Wracks, Untiefen sowie andere die Schifffahrt betreffende Maßnahmen und Ereignisse.;;;"Spezifische Fragen See;2017-06-01";https://www.bootsfuehrerscheinpruefung.de/sbfsee/pruefungsboegen/02
02;28;243;Navigation;Was versteht man in der terrestrischen Navigation unter einer Peilung?;;Das Feststellen des Koppelortes durch Winkelmessung.;Das Feststellen der Entfernung zu einem bekannten feststehenden Objekt.;Das Feststellen der Abweichung des Steuerkompasses vom Peilkompass.;Das Feststellen der Richtung eines bekannten feststehenden Objektes durch Winkelmessung.;D;Das Feststellen der Richtung eines bekannten feststehenden Objektes durch Winkelmessung.;;;"Spezifische Fragen See;2017-06-01";https://www.bootsfuehrerscheinpruefung.de/sbfsee/pruefungsboegen/02
02;29;252;Wetter;Was versteht man unter einem Niedrigwasser?;;Fallen des Wassers nach Eintritt des höchsten Wasserstands.;Eintritt des niedrigsten Wasserstands beim Übergang vom Fallen zum Steigen.;Steigen des Wassers nach Eintritt des niedrigsten Wasserstands.;Eintritt des höchsten Wasserstands beim Übergang vom Steigen zum Fallen.;B;Eintritt des niedrigsten Wasserstands beim Übergang vom Fallen zum Steigen.;;;"Spezifische Fragen See;2017-06-01";https://www.bootsfuehrerscheinpruefung.de/sbfsee/pruefungsboegen/02
02;30;279;Signale;Welche Notsignale können gegeben werden?;;Leuchtrakete mit rotem Leuchtstern oder rot brennende Handfackel, anhaltendes Ertönen eines Nebelsignalgerätes, dreimaliges Geben (• • • — — — • • •) per Licht oder Ton, dreimal das Wort MAYDAY über Sprechfunk, seitliches Heben und Senken der Arme, Flaggensignal NC, EPIRB, DSC, Radartransponder.;Leuchtrakete mit orangem Leuchtstern oder orange brennende Handfackel, rotes Rauchsignal, anhaltendes Ertönen eines Nebelsignalgerätes, dreimaliges Geben (• • • — — — • • •) per Licht oder Ton, dreimal das Wort MAYDAY über Sprechfunk, seitliches Heben und Senken der Arme, Flaggensignal NC, EPIRB, DSC, Radartransponder.;Leuchtrakete mit rotem Leuchtstern oder rot brennende Handfackel, anhaltendes Ertönen eines Nebelsignalgerätes, dreimaliges Geben (• • • — — — • • •) per Licht oder Ton, Seewasserfärber, seitliches Heben und Senken der Arme, Ball über oder unter Flaggensignal NC, EPIRB, DSC, Radartransponder.;Leuchtrakete mit rotem Leuchtstern oder rot brennende Handfackel, anhaltendes Ertönen eines Nebelsignalgerätes, dreimaliges Geben (— — — • • • — — —) per Licht oder Ton, dreimal das Wort MAYDAY über Sprechfunk, seitliches Heben und Senken der Arme, Flaggensignal NC, EPIRB, DSC, Radartransponder.;A;Leuchtrakete mit rotem Leuchtstern oder rot brennende Handfackel, anhaltendes Ertönen eines Nebelsignalgerätes, dreimaliges Geben (• • • — — — • • •) per Licht oder Ton, dreimal das Wort MAYDAY über Sprechfunk, seitliches Heben und Senken der Arme, Flaggensignal NC, EPIRB, DSC, Radartransponder.;;;"Spezifische Fragen See;2017-06-01";https://www.bootsfuehrerscheinpruefung.de/sbfsee/pruefungsboegen/02
03;1;6;Grundlagen;Wann gilt ein Fahrzeug unter Segel als Maschinenfahrzeug?;;Wenn es durch das Segeln keine Fahrt über Grund macht.;Wenn es mit einer Antriebsmaschine ausgerüstet ist.;Wenn es gleichzeitig mit Maschinenkraft fährt.;Wenn es durch das Segeln keine Fahrt durchs Wasser macht.;C;Wenn es gleichzeitig mit Maschinenkraft fährt.;;;"Basisfragen;2017-06-01";https://www.bootsfuehrerscheinpruefung.de/sbfsee/pruefungsboegen/03
03;2;18;Schifffahrtszeichen;Welche Bedeutung hat folgendes Tafelzeichen?;;Überholverbot für alle Fahrzeuge.;"Überholverbot; mit Gegenverkehr muss gerechnet werden.";Begegnungsverbot an einer Engstelle.;Begegnungsverbot für Fahrzeuge über 12 m Länge.;C;Begegnungsverbot an einer Engstelle.;bilder/basisfragen_Verbotszeichen-A04-gif.png;https://www.bootsfuehrerscheinpruefung.de/images/sbfsee/katalog/basisfragen_Verbotszeichen-A04-gif.png;"Basisfragen;2017-06-01;Schilder und Sichtzeichen";https://www.bootsfuehrerscheinpruefung.de/sbfsee/pruefungsboegen/03
03;3;31;Umwelt- & Naturschutz;Welches Merkblatt enthält Hinweise für das Verhalten zum Schutz seltener Tiere und Pflanzen sowie zur Reinhaltung der Gewässer?;;Die 10 goldenen Regeln für Wassersportler.;Die 15 goldenen Regeln für Wassersportler.;Die 10 Grundregeln für Wassersportler.;Die 15 Verhaltensregeln für Wassersportler.;A;Die 10 goldenen Regeln für Wassersportler.;;;"Basisfragen;2017-06-01";https://www.bootsfuehrerscheinpruefung.de/sbfsee/pruefungsboegen/03
03;4;37;Sicherheit;Welche Gefahren können entstehen, wenn ein kleines von einem größeren Fahrzeug überholt wird?;;Das kleinere Fahrzeug kann durch Stau, Sog oder Schwell aus dem Kurs laufen und kollidieren oder querschlagen, in flachen Gewässern auf Grund laufen.;Das größere Fahrzeug kann durch Wellenbildung aus dem Kurs laufen und kollidieren oder querschlagen, in flachen Gewässern auf Grund laufen.;Das kleinere Fahrzeug kann durch Stau, Sog oder Schwell aus dem Kurs laufen und kollidieren oder kentern, in flachen Gewässern extrem versetzt werden.;Das größere Fahrzeug kann durch Stau, Sog oder Schwell aus dem Kurs laufen und kollidieren oder querschlagen, in flachen Gewässern auf Grund laufen.;A;Das kleinere Fahrzeug kann durch Stau, Sog oder Schwell aus dem Kurs laufen und kollidieren oder querschlagen, in flachen Gewässern auf Grund laufen.;;;"Basisfragen;2017-06-01";https://www.bootsfuehrerscheinpruefung.de/sbfsee/pruefungsboegen/03
03;5;40;Sicherheit;Welches ist der günstigste Anlaufwinkel beim Anlegen?;;Ein Winkel von 60° bis 70°.;Ein möglichst stumpfer Winkel.;Ein möglichst spitzer Winkel.;Ein Winkel von 90° bis 100°.;C;Ein möglichst spitzer Winkel.;;;"Basisfragen;2017-06-01";https://www.bootsfuehrerscheinpruefung.de/sbfsee/pruefungsboegen/03
03;6;53;Grundlagen;Die Temperatur der Antriebsmaschine überschreitet die zulässigen Grenzwerte. Was könnte die mögliche Ursache sein?;;Defektes Thermostat, defekte Impellerpumpe, geschlossenes Seeventil, zu hohe Batteriespannung.;Defektes Thermostat, defekte Impellerpumpe, geschlossenes Seeventil, zu niedriger Kühlwasserstand.;Defektes Thermostat, defekte Kupplung, geschlossenes Seeventil, zu niedriger Kühlwasserstand.;Zu viel Motoröl, defekte Impellerpumpe, geschlossenes Seeventil, zu niedriger Kühlwasserstand.;B;Defektes Thermostat, defekte Impellerpumpe, geschlossenes Seeventil, zu niedriger Kühlwasserstand.;;;"Basisfragen;2017-06-01";https://www.bootsfuehrerscheinpruefung.de/sbfsee/pruefungsboegen/03
03;7;61;Grundlagen;Wie ist ein enges Gewässer zu befahren, wenn man sich am Ufer festgemachten Fahrzeugen nähert?;;Beibehaltung der Geschwindigkeit, um durch Gleitfahrt schädlichen Sog und Wellenschlag auszuschließen.;Verringerung der Geschwindigkeit, um schädlichen Sog und Wellenschlag zu vermeiden.;Auf Höhe der festgemachten Fahrzeuge aufstoppen und überprüfen, dass kein Dritter behindert oder geschädigt wird.;Verringerung der Geschwindigkeit und nötigenfalls vom Rechtsfahrgebot abweichen.;B;Verringerung der Geschwindigkeit, um schädlichen Sog und Wellenschlag zu vermeiden.;;;"Basisfragen;2017-06-01";https://www.bootsfuehrerscheinpruefung.de/sbfsee/pruefungsboegen/03
03;8;77;Grundlagen;"Was bedeutet ""seemännische Sorgfaltspflicht""?";;Die Verpflichtung zur Beachtung der Vorsichtsmaßregeln und Sicherheitsregeln der Verkehrsvorschriften und der Grundregeln für das Verhalten im Verkehr.;Die Verpflichtung zur Beachtung von Vorsichtsmaßregeln der Kollisionsverhütungsregeln (KVR), der Grundregeln für das Verhalten im Verkehr und der Ausweichregeln mit dem Manöver des letzten Augenblicks.;Die Verpflichtung zur Beachtung der Seeschifffahrtsstraßen-Ordnung (SeeSchStrO), der Kollisionsverhütungsregeln (KVR), der Grundregeln für das Verhalten im Verkehr und der Ausweichregeln mit dem Manöver des letzten Augenblicks.;Die Verpflichtung zur Beachtung von Vorsichtsmaßregeln über die Verkehrsvorschriften hinaus, die Seemannsbrauch oder besondere Umstände des Falles erfordern.;D;Die Verpflichtung zur Beachtung von Vorsichtsmaßregeln über die Verkehrsvorschriften hinaus, die Seemannsbrauch oder besondere Umstände des Falles erfordern.;;;"Spezifische Fragen See;2017-06-01";https://www.bootsfuehrerscheinpruefung.de/sbfsee/pruefungsboegen/03
03;9;90;Grundlagen;Was bedeutet sichere Geschwindigkeit?;;Die Geschwindigkeit muss der Verkehrslage, den Sicht- und Witterungsverhältnissen und dem Treibstoffverbrauch angepasst sein.;Die Geschwindigkeit muss der Verkehrslage, den Sicht- und Witterungsverhältnissen angepasst sein und der Verkehr darf nicht behindert werden.;Die Geschwindigkeit muss der Verkehrslage, dem Verkehrsaufkommen, den Seegangs- und Windverhältnissen angepasst sein, so dass kein Sog und Wellenschlag entsteht.;Die Geschwindigkeit muss der Verkehrslage, den Sicht- und Witterungsverhältnissen angepasst sein und es muss jederzeit aufgestoppt werden können.;D;Die Geschwindigkeit muss der Verkehrslage, den Sicht- und Witterungsverhältnissen angepasst sein und es muss jederzeit aufgestoppt werden können.;;;"Spezifische Fragen See;2017-06-01";https://www.bootsfuehrerscheinpruefung.de/sbfsee/pruefungsboegen/03
03;10;94;Lichterführung & Signalkörper;Welches Fahrzeug führt diese Lichter?;;Manövrierbehinderter Schleppverband in Fahrt von mehr als 200 m Länge, ohne Fahrt durch das Wasser.;Manövrierbehinderter Schleppverband in Fahrt von 200 m Länge oder weniger.;Ein manövrierbehindertes Fahrzeug, das baggert oder Unterwasserarbeiten ausführt und dabei die Schifffahrt behindert.;Manövrierbehinderter Schleppverband in Fahrt von mehr als 200 m Länge.;D;Manövrierbehinderter Schleppverband in Fahrt von mehr als 200 m Länge.;bilder/spezifische_fragen_see_Lichter-Frage-94-gif.png;https://www.bootsfuehrerscheinpruefung.de/images/sbfsee/katalog/spezifische_fragen_see_Lichter-Frage-94-gif.png;"Spezifische Fragen See;2017-06-01";https://www.bootsfuehrerscheinpruefung.de/sbfsee/pruefungsboegen/03
03;11;101;Lichterführung & Signalkörper;Welche Lichter führen manövrierunfähige Fahrzeuge von 12 und mehr Meter Länge in Fahrt mit Fahrt durch das Wasser?;;Zwei rote Rundumlichter senkrecht übereinander und zusätzlich die Seitenlichter und das Hecklicht.;Drei rote Rundumlichter senkrecht übereinander.;Drei rote Rundumlichter senkrecht übereinander und zusätzlich die Seitenlichter und das Hecklicht.;Zwei rote Rundumlichter senkrecht übereinander.;A;Zwei rote Rundumlichter senkrecht übereinander und zusätzlich die Seitenlichter und das Hecklicht.;;;"Spezifische Fragen See;2017-06-01";https://www.bootsfuehrerscheinpruefung.de/sbfsee/pruefungsboegen/03
03;12;126;Verkehrsvorschriften;Zwei in Sicht befindliche Segelfahrzeuge nähern sich im freien Seeraum oder außerhalb des Fahrwassers so, dass die Möglichkeit der Gefahr eines Zusammenstoßes besteht. Welches Fahrzeug muss dem anderen ausweichen, wenn sie den Wind von derselben Seite haben?;;Dasjenige Fahrzeug, das den Wind von Backbord hat.;Das leewärtige Fahrzeug dem luvwärtigen Fahrzeug.;Dasjenige Fahrzeug, das den Wind von Steuerbord hat.;Das luvwärtige Fahrzeug dem leewärtigen Fahrzeug.;D;Das luvwärtige Fahrzeug dem leewärtigen Fahrzeug.;;;"Spezifische Fragen See;2017-06-01";https://www.bootsfuehrerscheinpruefung.de/sbfsee/pruefungsboegen/03
03;13;136;Verkehrsvorschriften;Wie muss sich ein Ausweichpflichtiger gegenüber einem Kurshalter verhalten?;;Das Ausweichmanöver muss frühzeitig, durchgreifend und klar erkennbar durchgeführt werden.;"Die Fahrt ist auf das für die Steuerfähigkeit erforderliche Mindestmaß zu reduzieren; im Zweifelsfall muss ganz aufgestoppt werden.";Das Manöver des letzten Augenblicks ist durchzuführen. Es muss so ausgewichen werden, wie es zur Vermeidung eines Zusammenstoßes am dienlichsten ist.;Der Kurs muss bei Annäherung an den Kurshalter Schritt für Schritt so angepasst werden, dass das Heck des Anderen sicher umfahren wird.;A;Das Ausweichmanöver muss frühzeitig, durchgreifend und klar erkennbar durchgeführt werden.;;;"Spezifische Fragen See;2017-06-01";https://www.bootsfuehrerscheinpruefung.de/sbfsee/pruefungsboegen/03
03;14;142;Verkehrsvorschriften;Was ist bei der Benutzung eines Verkehrstrennungsgebietes zu beachten?;;Auf dem entsprechenden Einbahnweg in Verkehrsrichtung links von der Trennzone fahren, so nah wie möglich an der Trennzone/Trennlinie fahren, in der Regel an den Enden des Einbahnweges ein- oder auslaufen, seitliches Ein- oder Auslaufen in möglichst rechtem Winkel zur allgemeinen Verkehrsrichtung.;Auf dem entsprechenden Einbahnweg in der allgemeinen Verkehrsrichtung fahren, soweit wie möglich von der Trennzone/Trennlinie klar halten, in der Regel an den Enden des Einbahnweges ein- oder auslaufen, seitliches Ein- oder Auslaufen in möglichst kleinem Winkel zur allgemeinen Verkehrsrichtung.;Die Benutzung von Verkehrstrennungsgebieten ist für Segelfahrzeuge sowie für Maschinenfahrzeuge unter 20 m Länge nicht gestattet. Diese Fahrzeuge haben sich soweit wie möglich von Verkehrstrennungsgebieten klar zu halten und müssen durch ihren Kurs klar zu erkennen geben, dass sie ein Verkehrstrennungsgebiet nicht benutzen.;Auf den entsprechenden Einbahnwegen in der allgemeinen Verkehrsrichtung fahrende Fahrzeuge müssen sich soweit wie möglich von der Trennzone/Trennlinie klar halten und haben Vorfahrt gegenüber allen Fahrzeugen, die in ein Verkehrstrennungsgebiet einlaufen oder ein solches queren.;B;Auf dem entsprechenden Einbahnweg in der allgemeinen Verkehrsrichtung fahren, soweit wie möglich von der Trennzone/Trennlinie klar halten, in der Regel an den Enden des Einbahnweges ein- oder auslaufen, seitliches Ein- oder Auslaufen in möglichst kleinem Winkel zur allgemeinen Verkehrsrichtung.;;;"Spezifische Fragen See;2017-06-01";https://www.bootsfuehrerscheinpruefung.de/sbfsee/pruefungsboegen/03
03;15;146;Verkehrsvorschriften;Wie hat sich ein Segelfahrzeug beim Queren eines Verkehrstrennungsgebietes gegenüber einem Maschinenfahrzeug zu verhalten, das auf einem Einbahnweg in der allgemeinen Verkehrsrichtung fährt?;;Es darf die sichere Durchfahrt des Maschinenfahrzeugs nicht behindern.;Es unterliegt der Kurshaltepflicht. Kurs und Geschwindigkeit sind beizubehalten.;Es muss warten. Alle dem Einbahnweg folgenden Fahrzeuge haben Vorfahrt.;Es hat Vorfahrt. Alle dem Einbahnweg folgenden Fahrzeuge müssen warten.;A;Es darf die sichere Durchfahrt des Maschinenfahrzeugs nicht behindern.;;;"Spezifische Fragen See;2017-06-01";https://www.bootsfuehrerscheinpruefung.de/sbfsee/pruefungsboegen/03
03;16;151;Lichterführung & Signalkörper;Was ist das für ein Fahrzeug und was ist zu beachten?;;Fahrzeug mit gefährlichen Gütern, Abstand halten, Rauchen und offenes Feuer verboten.;Fahrzeug in Seenot. Hilfe leisten bzw. weitere Hilfe anfordern.;Fahrzeug des öffentlichen Dienstes. Es darf von den Verkehrsregeln abweichen.;Fahrzeug mit Taucher im Einsatz. Großen Abstand halten.;A;Fahrzeug mit gefährlichen Gütern, Abstand halten, Rauchen und offenes Feuer verboten.;bilder/spezifische_fragen_see_Fahrzeug-Frage-151-gif.png;https://www.bootsfuehrerscheinpruefung.de/images/sbfsee/katalog/spezifische_fragen_see_Fahrzeug-Frage-151-gif.png;"Spezifische Fragen See;2017-06-01";https://www.bootsfuehrerscheinpruefung.de/sbfsee/pruefungsboegen/03
03;17;155;Schifffahrtszeichen;"Wer gibt das Sichtzeichen ""Leuchtkugeln mit weißen Sternen"" und was ist zu beachten?";;Fahrzeug in Seenot, das auf sich aufmerksam macht. Hilfe leisten, ggf. weitere Hilfe anfordern.;Maschinenfahrzeug über 50 m Länge bei der Anforderung eines Lotsen. Man behält Kurs und Geschwindigkeit bei.;Fahrzeug, das mit Netzen, Leinen, Schleppnetzen oder anderen Fanggeräten fischt und auf sich aufmerksam macht. Ausreichenden Abstand halten.;Fahrzeug der Bundeswehr, der Bundespolizei oder Maschinenfahrzeug, das Schießscheiben schleppt bei Übungen. Man hält sich frei.;D;Fahrzeug der Bundeswehr, der Bundespolizei oder Maschinenfahrzeug, das Schießscheiben schleppt bei Übungen. Man hält sich frei.;;;"Spezifische Fragen See;2017-06-01;Schilder und Sichtzeichen";https://www.bootsfuehrerscheinpruefung.de/sbfsee/pruefungsboegen/03
03;18;160;Vorschriften & Gesetze;Wann darf ein Maschinenfahrzeug von weniger als 7 m Länge auf Seeschifffahrtsstraßen nicht fahren, wenn es die nach den Kollisionsverhütungsregeln (KVR) vorgeschriebenen Lichter nicht führen kann?;;Es darf in der Zeit zwischen Sonnenaufgang und Sonnenuntergang nicht fahren.;Es darf in der Zeit zwischen Sonnenuntergang und Sonnenaufgang nicht fahren.;Es darf in der Zeit, in der die Lichterführung vorgeschrieben ist, nicht fahren, es sei denn, dass ein Notstand vorliegt.;Es darf in der Zeit, in der die Lichterführung vorgeschrieben ist, nur dann fahren, wenn ein betriebsbedingtes Signalhorn an Bord ist.;C;Es darf in der Zeit, in der die Lichterführung vorgeschrieben ist, nicht fahren, es sei denn, dass ein Notstand vorliegt.;;;"Spezifische Fragen See;2017-06-01";https://www.bootsfuehrerscheinpruefung.de/sbfsee/pruefungsboegen/03
03;19;174;Vorschriften & Gesetze;Wo findet man Regeln für das Durchfahren des Nord-Ostsee-Kanals (NOK)?;;Ergänzende Vorschriften für den NOK in der Seeschifffahrtsstraßen-Ordnung sowie im Seeaufgabengesetz.;Ergänzende Vorschriften für den NOK in der Seeschifffahrtsstraßen-Ordnung sowie in den Kollisionsverhütungsregeln.;Ergänzende Vorschriften für den NOK in der Seeschifffahrtsstraßen-Ordnung sowie in den Bekanntmachungen der Generaldirektion Wasserstraßen und Schifffahrt (GDWS).;Ergänzende Vorschriften für den NOK in der Seeschifffahrtsstraßen-Ordnung sowie in der Sportbootführerscheinverordnung.;C;Ergänzende Vorschriften für den NOK in der Seeschifffahrtsstraßen-Ordnung sowie in den Bekanntmachungen der Generaldirektion Wasserstraßen und Schifffahrt (GDWS).;;;"Spezifische Fragen See;August-2023";https://www.bootsfuehrerscheinpruefung.de/sbfsee/pruefungsboegen/03
03;20;178;Signale;Welche Bedeutung hat folgendes Schallsignal und was ist zu beachten:;;"Brücke, Sperrwerk, Schleuse wird zur Öffnung vorbereitet; Fahrt fortsetzen.";"Bleib-weg-Signal, Gefahr durch gefährliche Ladung; sofort den Gefahrenbereich verlassen. Offenes Feuer vermeiden (Explosionsgefahr).";"Brücke, Sperrwerk, Schleuse kann vorübergehend nicht geöffnet werden; Fahrt unterbrechen, Freigabe abwarten.";"Ein Ausweichpflichtiger wird vom Vorfahrtberechtigten auf seine Ausweichpflicht hingewiesen; sofort Ausweichmanöver einleiten.";C;"Brücke, Sperrwerk, Schleuse kann vorübergehend nicht geöffnet werden; Fahrt unterbrechen, Freigabe abwarten.";bilder/spezifische_fragen_see_Schallsignal-Frage-178-gif.png;https://www.bootsfuehrerscheinpruefung.de/images/sbfsee/katalog/spezifische_fragen_see_Schallsignal-Frage-178-gif.png;"Spezifische Fragen See;2017-06-01";https://www.bootsfuehrerscheinpruefung.de/sbfsee/pruefungsboegen/03
03;21;182;Schifffahrtszeichen;Welche Bedeutung hat folgendes Schifffahrtszeichen?;;Kennzeichnung von Sperrgebieten.;Kennzeichnung von Schießgebieten.;Kennzeichnung von besonderen Gebieten und Stellen.;Kennzeichnung von Badegebieten.;C;Kennzeichnung von besonderen Gebieten und Stellen.;bilder/spezifische_fragen_see_Schifffahrtszeichen-Frage-182-gif.png;https://www.bootsfuehrerscheinpruefung.de/images/sbfsee/katalog/spezifische_fragen_see_Schifffahrtszeichen-Frage-182-gif.png;"Spezifische Fragen See;2017-06-01";https://www.bootsfuehrerscheinpruefung.de/sbfsee/pruefungsboegen/03
03;22;188;Signale;Welche Bedeutung hat folgendes Schallsignal?;;Ein Ankerlieger bei schlechter Sicht, vorsichtig weiter navigieren.;Sperrung der Seeschifffahrtsstraße, Weiterfahrt verboten.;Fahrzeug des öffentlichen Dienstes, anhalten.;Einfahrt in Schleuse oder Anlage gesperrt, auf Freigabe warten.;B;Sperrung der Seeschifffahrtsstraße, Weiterfahrt verboten.;bilder/spezifische_fragen_see_Schallsignal-Frage-188-gif.png;https://www.bootsfuehrerscheinpruefung.de/images/sbfsee/katalog/spezifische_fragen_see_Schallsignal-Frage-188-gif.png;"Spezifische Fragen See;2017-06-01";https://www.bootsfuehrerscheinpruefung.de/sbfsee/pruefungsboegen/03
03;23;195;Schifffahrtszeichen;Welche Bedeutung hat folgende Tonne?;;Backbordseite des durchgehenden Fahrwassers/Steuerbordseite des abzweigenden oder einmündenden Fahrwassers.;Backbordseite des durchgehenden Fahrwassers.;Steuerbordseite des durchgehenden Fahrwassers.;Steuerbordseite des durchgehenden Fahrwassers/Backbordseite des abzweigenden oder einmündenden Fahrwassers.;D;Steuerbordseite des durchgehenden Fahrwassers/Backbordseite des abzweigenden oder einmündenden Fahrwassers.;bilder/spezifische_fragen_see_Tonne-Frage-195-gif.png;https://www.bootsfuehrerscheinpruefung.de/images/sbfsee/katalog/spezifische_fragen_see_Tonne-Frage-195-gif.png;"Spezifische Fragen See;2017-06-01";https://www.bootsfuehrerscheinpruefung.de/sbfsee/pruefungsboegen/03
03;24;204;Schifffahrtszeichen;Welche Bedeutung hat das Feuer einer Leuchttonne mit folgender Kennung?;;Kennzeichnung einer allgemeinen Gefahrenstelle, die westlich zu passieren ist.;Kennzeichnung einer allgemeinen Gefahrenstelle, die nördlich zu passieren ist.;Kennzeichnung einer allgemeinen Gefahrenstelle, die östlich zu passieren ist.;Kennzeichnung einer allgemeinen Gefahrenstelle, die südlich zu passieren ist.;B;Kennzeichnung einer allgemeinen Gefahrenstelle, die nördlich zu passieren ist.;bilder/spezifische_fragen_see_Feuer-Frage-204-gif.png;https://www.bootsfuehrerscheinpruefung.de/images/sbfsee/katalog/spezifische_fragen_see_Feuer-Frage-204-gif.png;"Spezifische Fragen See;2017-06-01";https://www.bootsfuehrerscheinpruefung.de/sbfsee/pruefungsboegen/03
03;25;210;Schifffahrtszeichen;Was versteht man unter einem Leitfeuer?;;Ober- und Unterfeuer, die in Deckung zu bringen sind.;Sektorenfeuer, das ein Fahrwasser bezeichnet.;Sektorenfeuer, das auf eine Kursänderung im Fahrwasser hinweist.;Ober- und Unterfeuer mit unterschiedlichen Farbsektoren.;B;Sektorenfeuer, das ein Fahrwasser bezeichnet.;;;"Spezifische Fragen See;2017-06-01";https://www.bootsfuehrerscheinpruefung.de/sbfsee/pruefungsboegen/03
03;26;221;Schifffahrtszeichen;Was versteht man unter einem Blitzfeuer?;;Lichterscheinung kürzer als Verdunkelung, Blitz weniger als 2 s lang.;Lichterscheinung kürzer als Verdunkelung, Blitz länger als 2 s lang.;Lichterscheinung länger als Verdunkelung, Blitz mindestens 2 s lang.;Lichterscheinung länger als Verdunkelung, Blitz weniger als 2 s lang.;A;Lichterscheinung kürzer als Verdunkelung, Blitz weniger als 2 s lang.;;;"Spezifische Fragen See;2017-06-01";https://www.bootsfuehrerscheinpruefung.de/sbfsee/pruefungsboegen/03
03;27;230;Umwelt- & Naturschutz;Welche Verpflichtung hat man als Bootsführer, um einen Beitrag zur Reinhaltung der Gewässer zu leisten?;;Abwässer in Ufer- und Strandnähe sowie in Häfen einleiten.;Abfälle und Öle nur auf offener See entsorgen.;Nur Bioabfälle und restentleerte Behälter auf See entsorgen.;Sämtliche Abfälle einschließlich Öle und Betriebsstoffe an Bord in geeigneten Behältern sammeln und an Land vorschriftsmäßig entsorgen.;D;Sämtliche Abfälle einschließlich Öle und Betriebsstoffe an Bord in geeigneten Behältern sammeln und an Land vorschriftsmäßig entsorgen.;;;"Spezifische Fragen See;2017-06-01";https://www.bootsfuehrerscheinpruefung.de/sbfsee/pruefungsboegen/03
03;28;234;Vorschriften & Gesetze;Wo findet man Angaben über Küsten-, Häfen- und Naturverhältnisse?;;In der Seekarte INTInternational Hydrographic Organisation für die Gestaltung von Seekarten1.;In den See- und Hafenhandbüchern.;In den Bekanntmachungen und Nachrichten für Seefahrer.;Im Nautischen Revierfunkdienst.;B;In den See- und Hafenhandbüchern.;;;"Spezifische Fragen See;2017-06-01";https://www.bootsfuehrerscheinpruefung.de/sbfsee/pruefungsboegen/03
03;29;272;Sicherheit;Wozu dient primär das Automatische Identifikationssystem (AIS)?;;Dem Empfang von Wetterdaten.;Der Positionsbestimmung.;Dem Senden nautischer Warnnachrichten.;Der Kollisionsverhütung.;D;Der Kollisionsverhütung.;;;"Spezifische Fragen See;2017-06-01";https://www.bootsfuehrerscheinpruefung.de/sbfsee/pruefungsboegen/03
03;30;282;Signale;Was bedeutet das folgende durch Licht oder Schallsignal gegebene Morsesignal?;;Seenotsignal.;Nebelsignal.;Überholsignal.;Bleib-weg-Signal.;A;Seenotsignal.;bilder/spezifische_fragen_see_Notsignal-Frage-279-gif.png;https://www.bootsfuehrerscheinpruefung.de/images/sbfsee/katalog/spezifische_fragen_see_Notsignal-Frage-279-gif.png;"Spezifische Fragen See;2017-06-01";https://www.bootsfuehrerscheinpruefung.de/sbfsee/pruefungsboegen/03
04;1;5;Signale;Wie lang ist die Dauer eines langen Tons (—)?;;Etwa 4 - 6 Sekunden.;Etwa 2 - 6 Sekunden.;Etwa 1 - 2 Sekunden.;Etwa 6 - 8 Sekunden.;A;Etwa 4 - 6 Sekunden.;bilder/basisfragen_Schallsignal-728-gif.png;https://www.bootsfuehrerscheinpruefung.de/images/sbfsee/katalog/basisfragen_Schallsignal-728-gif.png;"Basisfragen;2017-06-01";https://www.bootsfuehrerscheinpruefung.de/sbfsee/pruefungsboegen/04
04;2;21;Schifffahrtszeichen;Welche Bedeutung hat folgendes Tafelzeichen?;;Dauernde Sperrung einer Teilstrecke der Wasserstraße.;Weiterfahrt für Sportfahrzeuge verboten.;Haltegebot vor beweglichen Brücken, Sperrwerken und Schleusen.;Gebot zur Abgabe eines langen Signaltons.;C;Haltegebot vor beweglichen Brücken, Sperrwerken und Schleusen.;bilder/basisfragen_Gebotszeichen-B05-gif.png;https://www.bootsfuehrerscheinpruefung.de/images/sbfsee/katalog/basisfragen_Gebotszeichen-B05-gif.png;"Basisfragen;2017-06-01;Schilder und Sichtzeichen";https://www.bootsfuehrerscheinpruefung.de/sbfsee/pruefungsboegen/04
04;3;32;Umwelt- & Naturschutz;Wie kann mitgeholfen werden, die Lebensmöglichkeiten der Pflanzen- und Tierwelt in Gewässern und Feuchtgebieten zu bewahren und zu fördern?;;"Durch umweltbewusstes Verhalten und Beachtung der ""Zehn Grundregeln für den Wassersport"".";Durch umsichtiges Verhalten und Beachtung der Verkehrsvorschriften.;"Durch umweltbewusstes Verhalten und Beachtung der ""Zehn goldenen Regeln für das Verhalten von Wassersportlern in der Natur"".";Durch vorausschauendes Fahren und Ausweichen entsprechend der Verkehrsvorschriften.;C;"Durch umweltbewusstes Verhalten und Beachtung der ""Zehn goldenen Regeln für das Verhalten von Wassersportlern in der Natur"".";;;"Basisfragen;2017-06-01";https://www.bootsfuehrerscheinpruefung.de/sbfsee/pruefungsboegen/04
04;4;38;Sicherheit;Wo finden Sie Informationen über umweltfreundliche Farben, Lacke und Antifouling-Beschichtungen für Ihr Boot?;;In der Sportbootvermietungsverordnung.;In der Sportbootführerscheinverordnung.;Beim Bundesministerium für Digitales und Verkehr.;Beim Umweltbundesamt.;D;Beim Umweltbundesamt.;;;"Basisfragen;August-2023";https://www.bootsfuehrerscheinpruefung.de/sbfsee/pruefungsboegen/04
04;5;54;Grundlagen;Die Ladekontrolllampe erlischt nach dem Starten nicht. Was könnte die mögliche Ursache sein?;;Zu hohe Motordrehzahl.;Keilriemen gerissen und hoher Stromverbrauch.;Lichtmaschine bzw. Regler der Lichtmaschine defekt.;Anlasser ist nach dem Starten ausgefallen.;C;Lichtmaschine bzw. Regler der Lichtmaschine defekt.;;;"Basisfragen;2017-06-01";https://www.bootsfuehrerscheinpruefung.de/sbfsee/pruefungsboegen/04
04;6;59;Grundlagen;Unter welchen Voraussetzungen darf ein Sportboot mit Elektromotor ohne Fahrerlaubnis geführt werden?;;Es darf immer ohne Fahrerlaubnis geführt werden, unabhängig von der Antriebsleistung.;Es darf nie ohne Fahrerlaubnis geführt werden, unabhängig von der Antriebsleistung.;Die Antriebsleistung beträgt höchstens 7,5 Kilowatt Betriebsart S1 (Dauerbetrieb).;Bis zu einer Antriebsleistung von 11,03 Kilowatt Betriebsart S1 (Dauerbetrieb).;C;Die Antriebsleistung beträgt höchstens 7,5 Kilowatt Betriebsart S1 (Dauerbetrieb).;;;"Basisfragen;August-2023";https://www.bootsfuehrerscheinpruefung.de/sbfsee/pruefungsboegen/04
04;7;68;Sicherheit;Welcher Feuerlöscher ist für Sportboote zweckmäßig und wie oft muss man einen Feuerlöscher überprüfen lassen?;;Feuerlöscher mit Löschschaum, mindestens einmal pro Jahr.;ABC-Pulverlöscher, mindestens einmal pro Jahr.;ABC-Pulver- und Schaumlöscher, mindestens alle 2 Jahre.;CO2-Feuerlöscher, mindestens alle 2 Jahre.;C;ABC-Pulver- und Schaumlöscher, mindestens alle 2 Jahre.;;;"Basisfragen;2017-06-01";https://www.bootsfuehrerscheinpruefung.de/sbfsee/pruefungsboegen/04
04;8;76;Vorschriften & Gesetze;Wer ist für die Befolgung der Verkehrsvorschriften verantwortlich?;;Der Fahrzeugführer und sein Stellvertreter.;Der Fahrzeugführer oder jeder sonst Verantwortliche.;Der Fahrzeugführer oder sein Stellvertreter.;Der Fahrzeugführer und jeder sonst Verantwortliche.;C;Der Fahrzeugführer oder sein Stellvertreter.;;;"Spezifische Fragen See;2017-06-01";https://www.bootsfuehrerscheinpruefung.de/sbfsee/pruefungsboegen/04
04;9;91;Lichterführung & Signalkörper;Welches Fahrzeug führt diese Lichter?;;Ein manövrierunfähiges Fahrzeug in Fahrt.;Maschinenfahrzeug in Fahrt von 50 und mehr Meter Länge.;Ein manövrierbehindertes Fahrzeug mit Fahrt durchs Wasser von 50 und mehr Meter Länge.;Maschinenfahrzeug in Fahrt von weniger als 50 m Länge.;D;Maschinenfahrzeug in Fahrt von weniger als 50 m Länge.;bilder/spezifische_fragen_see_Lichter-Frage-91-gif.png;https://www.bootsfuehrerscheinpruefung.de/images/sbfsee/katalog/spezifische_fragen_see_Lichter-Frage-91-gif.png;"Spezifische Fragen See;2017-06-01";https://www.bootsfuehrerscheinpruefung.de/sbfsee/pruefungsboegen/04
04;10;100;Lichterführung & Signalkörper;Welche Lichter führen manövrierunfähige Fahrzeuge von 12 und mehr Meter Länge in Fahrt, ohne Fahrt durch das Wasser?;;Drei rote Rundumlichter senkrecht übereinander.;Zwei rote Rundumlichter senkrecht übereinander und zusätzlich die Seitenlichter und das Hecklicht.;Drei rote Rundumlichter senkrecht übereinander und zusätzlich die Seitenlichter und das Hecklicht.;Zwei rote Rundumlichter senkrecht übereinander.;D;Zwei rote Rundumlichter senkrecht übereinander.;;;"Spezifische Fragen See;2017-06-01";https://www.bootsfuehrerscheinpruefung.de/sbfsee/pruefungsboegen/04
04;11;105;Lichterführung & Signalkörper;Welches Fahrzeug führt diese Lichter?;;Ein manövrierunfähiges Fahrzeug in Fahrt.;Ein Grundsitzer von weniger als 50 m Länge.;Ein Grundsitzer von 50 m und mehr Meter Länge.;Ein manövrierbehindertes Fahrzeug.;B;Ein Grundsitzer von weniger als 50 m Länge.;bilder/spezifische_fragen_see_Lichter-Frage-105-gif.png;https://www.bootsfuehrerscheinpruefung.de/images/sbfsee/katalog/spezifische_fragen_see_Lichter-Frage-105-gif.png;"Spezifische Fragen See;2017-06-01";https://www.bootsfuehrerscheinpruefung.de/sbfsee/pruefungsboegen/04
04;12;130;Verkehrsvorschriften;Wie hat sich ein Maschinenfahrzeug im freien Seeraum oder außerhalb des Fahrwassers gegenüber einem in Sicht befindlichen manövrierbehinderten Fahrzeug zu verhalten, wenn die Möglichkeit der Gefahr eines Zusammenstoßes besteht?;;Das Maschinenfahrzeug muss seine Fahrt verringern.;Das Maschinenfahrzeug muss seinen Kurs nach Steuerbord ändern.;Das Maschinenfahrzeug muss ausweichen.;Das Maschinenfahrzeug muss Kurs und Geschwindigkeit beibehalten.;C;Das Maschinenfahrzeug muss ausweichen.;;;"Spezifische Fragen See;2017-06-01";https://www.bootsfuehrerscheinpruefung.de/sbfsee/pruefungsboegen/04
04;13;153;Vorschriften & Gesetze;Welche örtlichen Sondervorschriften zusätzlich zur Seeschifffahrtsstraßen-Ordnung (SeeSchStrO) und zur Schifffahrtsordnung Emsmündung (EmsSchO) gibt es und was ist darin geregelt?;;Die Nachrichten für Seefahrer (NfS), herausgegeben vom Bundesamt für Seeschifffahrt und Hydrographie, sowie die Bekanntmachungen für Seefahrer (BfS) der örtlich zuständigen Wasserstraßen- und Schifffahrtsämter, die auf alle Veränderungen hinsichtlich Betonnung, Befeuerung, Wracks und Untiefen sowie auf die Schifffahrt betreffende Maßnahmen und Ereignisse hinweisen.;Das Seesicherheitsuntersuchungsgesetz sowie die Verordnung über die Sicherung der Seefahrt, die jeweils wichtige Vorschriften über das Verhalten nach einem Zusammenstoß auf den jeweiligen Seeschifffahrtsstraßen enthalten.;Die Bekanntmachungen der Generaldirektion Wasserstraßen- und Schifffahrt (GDWS), die besondere örtliche Regelungen enthalten und Hinweise für die einzelnen Seeschifffahrtsstraßen geben.;"Die Bekanntmachung der Generaldirektion Wasserstraßen- und Schifffahrt (GDWS) sowie die nautische Veröffentlichung ""Sicherheit auf dem Wasser"", herausgegeben durch das Bundesministerium für Digitales und Verkehr (BMDV), mit wichtigen Regeln und Tipps für Wassersportler.";C;Die Bekanntmachungen der Generaldirektion Wasserstraßen- und Schifffahrt (GDWS), die besondere örtliche Regelungen enthalten und Hinweise für die einzelnen Seeschifffahrtsstraßen geben.;;;"Spezifische Fragen See;August-2023";https://www.bootsfuehrerscheinpruefung.de/sbfsee/pruefungsboegen/04
04;14;163;Signale;"Wie lautet das ""allgemeine Gefahr- und Warnsignal""?";;Zwei Gruppen von je vier kurzen Tönen.;Zwei Gruppen von je drei langen Tönen.;Zwei Gruppen von je einem langen und vier kurzen Tönen.;Zwei Gruppen von je einem kurzen und vier langen Tönen.;C;Zwei Gruppen von je einem langen und vier kurzen Tönen.;;;"Spezifische Fragen See;2017-06-01";https://www.bootsfuehrerscheinpruefung.de/sbfsee/pruefungsboegen/04
04;15;165;Verkehrsvorschriften;Wie haben sich Fahrzeuge zu verhalten, die in ein Fahrwasser einlaufen, ein Fahrwasser queren, im Fahrwasser drehen oder ihre Anker- und Liegeplätze verlassen?;;Sie haben die Vorfahrt vor den Fahrzeugen im Fahrwasser.;Sie haben ihr Manöver so durchzuführen, dass andere Fahrzeuge nicht behindert werden.;Sie haben einen kurzen Ton als Achtungssignal abzugeben.;Sie haben die Vorfahrt der dem Fahrwasserverlauf folgenden Fahrzeuge zu beachten.;D;Sie haben die Vorfahrt der dem Fahrwasserverlauf folgenden Fahrzeuge zu beachten.;;;"Spezifische Fragen See;2017-06-01";https://www.bootsfuehrerscheinpruefung.de/sbfsee/pruefungsboegen/04
04;16;166;Verkehrsvorschriften;Wie haben Segelfahrzeuge im Fahrwasser, die nicht deutlich der Richtung eines Fahrwassers folgen, untereinander auszuweichen?;;Sie haben untereinander nach den Regeln der Binnenschifffahrtsstraßen-Ordnung auszuweichen, wenn sie dadurch vorfahrtberechtigte Fahrzeuge nicht gefährden oder behindern.;Sie haben untereinander nach den Regeln der Schifffahrtsordnung Emsmündung auszuweichen, wenn sie dadurch vorfahrtberechtigte Fahrzeuge nicht gefährden oder behindern.;Sie haben untereinander nach den Regeln der KVR auszuweichen, wenn sie dadurch vorfahrtberechtigte Fahrzeuge nicht gefährden oder behindern.;Sie haben untereinander nach den Regeln der Seeschifffahrtsstraßen-Ordnung auszuweichen, wenn sie dadurch vorfahrtberechtigte Fahrzeuge nicht gefährden oder behindern.;C;Sie haben untereinander nach den Regeln der KVR auszuweichen, wenn sie dadurch vorfahrtberechtigte Fahrzeuge nicht gefährden oder behindern.;;;"Spezifische Fragen See;2017-06-01";https://www.bootsfuehrerscheinpruefung.de/sbfsee/pruefungsboegen/04
04;17;168;Vorschriften & Gesetze;Wo ist das Überholen verboten?;;An Engstellen, unübersichtlichen Krümmungen, in Schleusenbereichen, innerhalb durch Überholverbotszeichen gekennzeichneter Strecken, in der Nähe nicht frei fahrender Fähren in Fahrt und außerhalb des Fahrwassers.;An Engstellen, unübersichtlichen Krümmungen, in Schleusenbereichen, innerhalb durch Überholverbotszeichen gekennzeichneter Strecken, in der Nähe nicht frei fahrender Fähren in Fahrt, und in Verkehrstrennungsgebieten.;An Engstellen, unübersichtlichen Krümmungen, innerhalb durch Überholverbotszeichen gekennzeichneter Strecken und in Nationalparks und besonders ausgewiesenen Naturschutzgebieten.;An Engstellen, unübersichtlichen Krümmungen, in Schleusenbereichen, innerhalb durch Überholverbotszeichen gekennzeichneter Strecken, in der Nähe nicht frei fahrender Fähren in Fahrt.;D;An Engstellen, unübersichtlichen Krümmungen, in Schleusenbereichen, innerhalb durch Überholverbotszeichen gekennzeichneter Strecken, in der Nähe nicht frei fahrender Fähren in Fahrt.;;;"Spezifische Fragen See;2017-06-01";https://www.bootsfuehrerscheinpruefung.de/sbfsee/pruefungsboegen/04
04;18;177;Schifffahrtszeichen;Welche Bedeutung haben folgende Sichtzeichen?;;Dauernde Sperrung der Seeschifffahrtsstraße.;Außergewöhnliche Schifffahrtsbehinderung.;Schutzbedürftige Anlage.;Dauernde Sperrung einer Teilstrecke der Seeschifffahrtsstraße.;C;Schutzbedürftige Anlage.;"bilder/spezifische_fragen_see_Gebotszeichen-A04b-gif.png;bilder/spezifische_fragen_see_Gebotszeichen-A04c-gif.png";"https://www.bootsfuehrerscheinpruefung.de/images/sbfsee/katalog/spezifische_fragen_see_Gebotszeichen-A04b-gif.png;https://www.bootsfuehrerscheinpruefung.de/images/sbfsee/katalog/spezifische_fragen_see_Gebotszeichen-A04c-gif.png";"Spezifische Fragen See;2017-06-01;Schilder und Sichtzeichen";https://www.bootsfuehrerscheinpruefung.de/sbfsee/pruefungsboegen/04
04;19;178;Signale;Welche Bedeutung hat folgendes Schallsignal und was ist zu beachten:;;"Brücke, Sperrwerk, Schleuse wird zur Öffnung vorbereitet; Fahrt fortsetzen.";"Bleib-weg-Signal, Gefahr durch gefährliche Ladung; sofort den Gefahrenbereich verlassen. Offenes Feuer vermeiden (Explosionsgefahr).";"Brücke, Sperrwerk, Schleuse kann vorübergehend nicht geöffnet werden; Fahrt unterbrechen, Freigabe abwarten.";"Ein Ausweichpflichtiger wird vom Vorfahrtberechtigten auf seine Ausweichpflicht hingewiesen; sofort Ausweichmanöver einleiten.";C;"Brücke, Sperrwerk, Schleuse kann vorübergehend nicht geöffnet werden; Fahrt unterbrechen, Freigabe abwarten.";bilder/spezifische_fragen_see_Schallsignal-Frage-178-gif.png;https://www.bootsfuehrerscheinpruefung.de/images/sbfsee/katalog/spezifische_fragen_see_Schallsignal-Frage-178-gif.png;"Spezifische Fragen See;2017-06-01";https://www.bootsfuehrerscheinpruefung.de/sbfsee/pruefungsboegen/04
04;20;188;Signale;Welche Bedeutung hat folgendes Schallsignal?;;Ein Ankerlieger bei schlechter Sicht, vorsichtig weiter navigieren.;Sperrung der Seeschifffahrtsstraße, Weiterfahrt verboten.;Fahrzeug des öffentlichen Dienstes, anhalten.;Einfahrt in Schleuse oder Anlage gesperrt, auf Freigabe warten.;B;Sperrung der Seeschifffahrtsstraße, Weiterfahrt verboten.;bilder/spezifische_fragen_see_Schallsignal-Frage-188-gif.png;https://www.bootsfuehrerscheinpruefung.de/images/sbfsee/katalog/spezifische_fragen_see_Schallsignal-Frage-188-gif.png;"Spezifische Fragen See;2017-06-01";https://www.bootsfuehrerscheinpruefung.de/sbfsee/pruefungsboegen/04
04;21;198;Schifffahrtszeichen;Welche Kennung und Farbe haben die Feuer der Leuchttonnen an der Steuerbordseite des Fahrwassers?;;Grünes Blitzfeuer, Funkelfeuer oder Festfeuer.;Grünes Blitzfeuer, Funkelfeuer oder schnelles Funkelfeuer.;Grünes Blitzfeuer, Funkelfeuer oder Blinkfeuer.;Grünes Blitzfeuer, Funkelfeuer oder unterbrochenes Feuer in Gruppen.;D;Grünes Blitzfeuer, Funkelfeuer oder unterbrochenes Feuer in Gruppen.;;;"Spezifische Fragen See;2017-06-01";https://www.bootsfuehrerscheinpruefung.de/sbfsee/pruefungsboegen/04
04;22;203;Schifffahrtszeichen;Welche Bedeutung hat folgendes Schifffahrtszeichen?;;Kennzeichnung einer allgemeinen Gefahrenstelle, Westquadrant.;Kennzeichnung einer allgemeinen Gefahrenstelle, Nordquadrant.;Kennzeichnung einer allgemeinen Gefahrenstelle, Ostquadrant.;Kennzeichnung einer allgemeinen Gefahrenstelle, Südquadrant.;A;Kennzeichnung einer allgemeinen Gefahrenstelle, Westquadrant.;bilder/spezifische_fragen_see_Warnzeichen-B15d-gif.png;https://www.bootsfuehrerscheinpruefung.de/images/sbfsee/katalog/spezifische_fragen_see_Warnzeichen-B15d-gif.png;"Spezifische Fragen See;2017-06-01";https://www.bootsfuehrerscheinpruefung.de/sbfsee/pruefungsboegen/04
04;23;214;Schifffahrtszeichen;Wie navigiert man mittels eines Quermarkenfeuers?;;Beim Erreichen des Ankündigungssektors die Kursänderung vornehmen.;Beim Übergang vom Ankündigungssektor in den Kursänderungssektor die Kursänderung vornehmen.;Beim Erreichen des Ankündigungssektors Ober- und Unterfeuer in Deckung halten.;Beim Erreichen des Kursänderungssektors den Kurs beibehalten.;B;Beim Übergang vom Ankündigungssektor in den Kursänderungssektor die Kursänderung vornehmen.;;;"Spezifische Fragen See;2017-06-01";https://www.bootsfuehrerscheinpruefung.de/sbfsee/pruefungsboegen/04
04;24;223;Schifffahrtszeichen;Was versteht man unter einem Gleichtaktfeuer?;;Lichterscheinung zweifach länger als Verdunkelung.;Lichterscheinung und Verdunkelung von gleicher Länge.;Lichterscheinung länger als Verdunkelung.;Lichterscheinung kürzer als Verdunkelung.;B;Lichterscheinung und Verdunkelung von gleicher Länge.;;;"Spezifische Fragen See;2017-06-01";https://www.bootsfuehrerscheinpruefung.de/sbfsee/pruefungsboegen/04
04;25;246;Navigation;Was versteht man unter Windversetzung?;;Die Versetzung des Schiffes über Grund in Richtung und Distanz.;Die Versetzung des Schiffes vom Magnetkompasskurs.;Die Richtung und Stärke des Windes und der Windsee.;Die Versetzung des Schiffes durch das Wasser in Richtung und Distanz.;A;Die Versetzung des Schiffes über Grund in Richtung und Distanz.;;;"Spezifische Fragen See;2017-06-01";https://www.bootsfuehrerscheinpruefung.de/sbfsee/pruefungsboegen/04
04;26;255;Wetter;Wo sind für einen bestimmten Ort die Angaben über Hoch- und Niedrigwasserzeiten und den Tidenhub zu finden?;;Im Gezeitenatlas des Bundesamtes für Seeschifffahrt und Hydrographie.;Im Mondphasenkalender der Bundesanstalt für Gewässerkunde.;In der Flutvorhersage des Bundesamtes für Seeschifffahrt und Hydrographie.;In den Gezeitentafeln oder dem Gezeitenkalender des Bundesamtes für Seeschifffahrt und Hydrographie.;D;In den Gezeitentafeln oder dem Gezeitenkalender des Bundesamtes für Seeschifffahrt und Hydrographie.;;;"Spezifische Fragen See;2017-06-01";https://www.bootsfuehrerscheinpruefung.de/sbfsee/pruefungsboegen/04
04;27;270;Wetter;"Was ist in amtlichen Wetterberichten unter ""schwerem Sturm"", ""orkanartigem Sturm"" und ""Orkan"" zu verstehen?";;Windstärken 10, 11 und 12 der Beaufortskala.;Windstärken 11, 12 und 13 der Beaufortskala.;Windstärken 9, 10 und 11 der Beaufortskala.;Windstärken 8, 9 und 10 der Beaufortskala.;A;Windstärken 10, 11 und 12 der Beaufortskala.;;;"Spezifische Fragen See;2017-06-01";https://www.bootsfuehrerscheinpruefung.de/sbfsee/pruefungsboegen/04
04;28;273;Sicherheit;Welche Informationen können über das Automatische Identifikationssystem (AIS) ausgetauscht werden?;;Schiffsdaten (statisch), reisebezogene Daten.;Schiffsdaten (statisch und dynamisch), reisebezogene Daten.;Schiffsdaten (statisch und dynamisch), Wetterdaten.;Schiffsdaten (dynamisch), Wetterdaten.;B;Schiffsdaten (statisch und dynamisch), reisebezogene Daten.;;;"Spezifische Fragen See;2017-06-01";https://www.bootsfuehrerscheinpruefung.de/sbfsee/pruefungsboegen/04
04;29;278;Sicherheit;Wie verhindert man das Überbordfallen von Personen bei starkem Seegang?;;Sicherheitsleinen bzw. -gurte spannen, Sicherheitsgurt anlegen und an den dafür vorgesehenen Stellen einpicken.;Besatzung in der Plicht versammeln, Rettungswesten anlegen, Sicherheitsleinen bzw. -gurte spannen.;Sicherheitsleinen bzw. -gurte spannen, Besatzung an Deck sammeln. Rettungswesten anlegen.;Sicherheitsleinen bzw. -gurte aufschießen, Sicherheitsgurt anlegen und in die Reling einpicken.;A;Sicherheitsleinen bzw. -gurte spannen, Sicherheitsgurt anlegen und an den dafür vorgesehenen Stellen einpicken.;;;"Spezifische Fragen See;2017-06-01";https://www.bootsfuehrerscheinpruefung.de/sbfsee/pruefungsboegen/04
04;30;284;Signale;Was bedeutet folgendes Flaggensignal?;;Fahrzeug in Seenot.;Fahrzeug verlässt Liegeplatz.;Fahrzeug des öffentlichen Dienstes.;Fahrzeug mit gefährlichen Gütern.;A;Fahrzeug in Seenot.;bilder/spezifische_fragen_see_Flaggensignal-Frage-284-gif.png;https://www.bootsfuehrerscheinpruefung.de/images/sbfsee/katalog/spezifische_fragen_see_Flaggensignal-Frage-284-gif.png;"Spezifische Fragen See;2017-06-01";https://www.bootsfuehrerscheinpruefung.de/sbfsee/pruefungsboegen/04
05;1;4;Signale;Wie lang ist die Dauer eines kurzen Tons (•)?;;Etwa 1 Sekunde.;Etwa 2 Sekunden.;Weniger als 4 Sekunden.;Weniger als 1 Sekunde.;A;Etwa 1 Sekunde.;bilder/basisfragen_Schallsignal-723-gif.png;https://www.bootsfuehrerscheinpruefung.de/images/sbfsee/katalog/basisfragen_Schallsignal-723-gif.png;"Basisfragen;2017-06-01";https://www.bootsfuehrerscheinpruefung.de/sbfsee/pruefungsboegen/05
05;2;23;Schifffahrtszeichen;Welche Bedeutung haben folgende Tafelzeichen?;;Festmache- und Liegeverbot für Sportboote.;Festmache- und Liegeverbot für Sportboote über 12 m Länge.;Festmache- und Liegeverbot.;Festmache- und Liegeverbot für gewerbliche Schiffe.;C;Festmache- und Liegeverbot.;"bilder/basisfragen_Verbotszeichen-A07-gif.png;bilder/basisfragen_Verbotszeichen-A05-gif.png";"https://www.bootsfuehrerscheinpruefung.de/images/sbfsee/katalog/basisfragen_Verbotszeichen-A07-gif.png;https://www.bootsfuehrerscheinpruefung.de/images/sbfsee/katalog/basisfragen_Verbotszeichen-A05-gif.png";"Basisfragen;2017-06-01;Schilder und Sichtzeichen";https://www.bootsfuehrerscheinpruefung.de/sbfsee/pruefungsboegen/05
05;3;31;Umwelt- & Naturschutz;Welches Merkblatt enthält Hinweise für das Verhalten zum Schutz seltener Tiere und Pflanzen sowie zur Reinhaltung der Gewässer?;;Die 10 goldenen Regeln für Wassersportler.;Die 15 goldenen Regeln für Wassersportler.;Die 10 Grundregeln für Wassersportler.;Die 15 Verhaltensregeln für Wassersportler.;A;Die 10 goldenen Regeln für Wassersportler.;;;"Basisfragen;2017-06-01";https://www.bootsfuehrerscheinpruefung.de/sbfsee/pruefungsboegen/05
05;4;44;Grundlagen;Was ist unter einem rechtsdrehenden Propeller zu verstehen?;;Von vorne gesehen in Rückwärtsfahrt Drehung des Propellers gegen den Uhrzeigersinn.;Von achtern gesehen in Vorausfahrt Drehung des Propellers im Uhrzeigersinn.;Von vorne gesehen in Vorausfahrt Drehung des Propellers im Uhrzeigersinn.;Von achtern gesehen in Vorausfahrt Drehung des Propellers gegen den Uhrzeigersinn.;B;Von achtern gesehen in Vorausfahrt Drehung des Propellers im Uhrzeigersinn.;;;"Basisfragen;2017-06-01";https://www.bootsfuehrerscheinpruefung.de/sbfsee/pruefungsboegen/05
05;5;58;Grundlagen;Welche Veröffentlichungen enthalten wichtige Regeln und Tipps für Wassersportler, Empfehlungen zur Ausrüstung von Sportbooten sowie Hinweise zu umweltgerechtem Verhalten auf dem Wasser?;;Nautische Publikation wie „Sicherheit auf dem Wasser“ und Internationales Signalbuch.;Nautische Publikationen wie „Sicherheit auf dem Wasser“ und „Sicher auf See“.;Verordnung über die Sicherung der Seefahrt und nautische Publikationen wie „Sicher auf See“.;Internationales Signalbuch und Verordnung über die Sicherung der Seefahrt.;B;Nautische Publikationen wie „Sicherheit auf dem Wasser“ und „Sicher auf See“.;;;"Basisfragen;August-2023";https://www.bootsfuehrerscheinpruefung.de/sbfsee/pruefungsboegen/05
05;6;65;Sicherheit;Was ist vor Inbetriebnahme einer Flüssiggasanlage zu prüfen?;;Die Abnahme der Anlage darf nicht länger als drei Jahre zurückliegen. Haupthahn und andere Absperrventile sind zu öffnen.;Die Anlage muss abgenommen sein, die Inbetriebnahme darf nur durch eine besonders geprüfte Person erfolgen.;Die Anlage muss abgenommen sein, Leitungen und Anschlüsse müssen dicht sein. Haupthahn und andere Absperrventile sind zu öffnen.;Die Anlage muss abgenommen sein und jährlich überprüft werden. Die Inbetriebnahme darf nur durch eine besonders geprüfte Person erfolgen.;C;Die Anlage muss abgenommen sein, Leitungen und Anschlüsse müssen dicht sein. Haupthahn und andere Absperrventile sind zu öffnen.;;;"Basisfragen;2017-06-01";https://www.bootsfuehrerscheinpruefung.de/sbfsee/pruefungsboegen/05
05;7;72;Vorschriften & Gesetze;In welcher Situation dürfen Notsignale gegeben werden?;;Wenn Gefahr für Leib oder Leben von Personen oder erhebliche Sachwerte besteht und daher Hilfe benötigt wird.;Wenn Gefahr für Leib oder Leben von Personen besteht und daher Hilfe benötigt wird.;Wenn Gefahr für Leib oder Leben von Personen besteht oder das Schiff nicht mehr sicher manövriert werden kann.;Wenn Gefahr für Leib oder Leben von Personen, erhebliche Sachwerte oder die maritime Umwelt besteht.;B;Wenn Gefahr für Leib oder Leben von Personen besteht und daher Hilfe benötigt wird.;;;"Basisfragen;2017-06-01";https://www.bootsfuehrerscheinpruefung.de/sbfsee/pruefungsboegen/05
05;8;75;Vorschriften & Gesetze;Welche Sportboote sind von der Fahrerlaubnispflicht auf den Seeschifffahrtsstraßen ausgenommen?;;Sportboote ohne Antriebsmaschine oder solche mit einer größten, nicht überschreitbaren Nutzleistung von 11,03 Kilowatt (15 PS) bei Verwendung eines Verbrennungsmotors bzw. 7,5 Kilowatt bei Verwendung eines Elektromotors Betriebsart S1 (Dauerbetrieb) oder weniger.;Sportboote mit Antriebsmaschine mit einer größeren Nutzleistung als 11,03 Kilowatt (15 PS) bei Verwendung eines Verbrennungsmotors bzw. 7,5 Kilowatt bei Verwendung eines Elektromotors Betriebsart S1 (Dauerbetrieb).;Sportboote unter Segel mit einer Rumpflänge unter 20 m und solche deren Antriebsmaschine nicht benutzt wird.;Sportboote, die entweder vor Anker liegen oder an Land festgemacht sind oder auf Grund sitzen.;A;Sportboote ohne Antriebsmaschine oder solche mit einer größten, nicht überschreitbaren Nutzleistung von 11,03 Kilowatt (15 PS) bei Verwendung eines Verbrennungsmotors bzw. 7,5 Kilowatt bei Verwendung eines Elektromotors Betriebsart S1 (Dauerbetrieb) oder weniger.;;;"Spezifische Fragen See;August-2023";https://www.bootsfuehrerscheinpruefung.de/sbfsee/pruefungsboegen/05
05;9;92;Lichterführung & Signalkörper;Welches Fahrzeug muss diese Lichter führen?;;Maschinenfahrzeug in Fahrt von 50 und mehr Meter Länge.;Ein manövrierbehindertes Fahrzeug mit Fahrt durchs Wasser von 50 und mehr Meter Länge.;Ein manövrierunfähiges Fahrzeug in Fahrt.;Maschinenfahrzeug in Fahrt von weniger als 50 m Länge.;A;Maschinenfahrzeug in Fahrt von 50 und mehr Meter Länge.;bilder/spezifische_fragen_see_Lichter-Frage-92-gif.png;https://www.bootsfuehrerscheinpruefung.de/images/sbfsee/katalog/spezifische_fragen_see_Lichter-Frage-92-gif.png;"Spezifische Fragen See;2017-06-01";https://www.bootsfuehrerscheinpruefung.de/sbfsee/pruefungsboegen/05
05;10;101;Lichterführung & Signalkörper;Welche Lichter führen manövrierunfähige Fahrzeuge von 12 und mehr Meter Länge in Fahrt mit Fahrt durch das Wasser?;;Zwei rote Rundumlichter senkrecht übereinander und zusätzlich die Seitenlichter und das Hecklicht.;Drei rote Rundumlichter senkrecht übereinander.;Drei rote Rundumlichter senkrecht übereinander und zusätzlich die Seitenlichter und das Hecklicht.;Zwei rote Rundumlichter senkrecht übereinander.;A;Zwei rote Rundumlichter senkrecht übereinander und zusätzlich die Seitenlichter und das Hecklicht.;;;"Spezifische Fragen See;2017-06-01";https://www.bootsfuehrerscheinpruefung.de/sbfsee/pruefungsboegen/05
05;11;113;Lichterführung & Signalkörper;Welche Fahrzeuge führen nur Seitenlichter rot und grün und ein weißes Hecklicht?;;Segelfahrzeuge, Ruderboote und Maschinenfahrzeuge in Fahrt von weniger als 50 m Länge.;Segelfahrzeuge, Grundsitzer und geschleppte Fahrzeuge.;Segelfahrzeuge, Ruderboote und geschleppte Fahrzeuge.;Segelfahrzeuge, fischende Fahrzeuge und geschleppte Fahrzeuge.;C;Segelfahrzeuge, Ruderboote und geschleppte Fahrzeuge.;;;"Spezifische Fragen See;2017-06-01";https://www.bootsfuehrerscheinpruefung.de/sbfsee/pruefungsboegen/05
05;12;121;Signale;Welches Schallsignal muss ein Fahrzeug in Fahrt von weniger als 12 m Länge bei verminderter Sicht geben, wenn es die sonst vorgeschriebenen Schallsignale nicht geben kann?;;Mindestens alle zwei Minuten ein kräftiges Schallsignal, das mit den vorgeschriebenen nicht verwechselt werden kann.;Mindestens alle zwei Minuten drei aufeinander folgende Töne mit der Pfeife, und zwar lang, kurz, kurz.;Mit der Pfeife kurz, lang, kurz.;Mindestens alle zwei Minuten drei aufeinander folgende Töne mit der Pfeife, und zwar lang, lang, kurz.;A;Mindestens alle zwei Minuten ein kräftiges Schallsignal, das mit den vorgeschriebenen nicht verwechselt werden kann.;"bilder/spezifische_fragen_see_Schallsignal-Frage-118-gif.png;bilder/spezifische_fragen_see_Schallsignal-Frage-164-gif.png;bilder/spezifische_fragen_see_Schallsignal-d-Frage-120-gif.png";"https://www.bootsfuehrerscheinpruefung.de/images/sbfsee/katalog/spezifische_fragen_see_Schallsignal-Frage-118-gif.png;https://www.bootsfuehrerscheinpruefung.de/images/sbfsee/katalog/spezifische_fragen_see_Schallsignal-Frage-164-gif.png;https://www.bootsfuehrerscheinpruefung.de/images/sbfsee/katalog/spezifische_fragen_see_Schallsignal-d-Frage-120-gif.png";"Spezifische Fragen See;2017-06-01";https://www.bootsfuehrerscheinpruefung.de/sbfsee/pruefungsboegen/05
05;13;128;Verkehrsvorschriften;Wie hat sich ein Maschinenfahrzeug im freien Seeraum oder außerhalb des Fahrwassers gegenüber einem in Sicht befindlichen Segelfahrzeug zu verhalten, wenn die Möglichkeit der Gefahr eines Zusammenstoßes besteht?;;Das Maschinenfahrzeug muss seine Fahrt verringern.;Das Maschinenfahrzeug muss vorsichtig manövrieren bis die Gefahr vorüber ist.;Das Maschinenfahrzeug muss ausweichen.;Das Maschinenfahrzeug muss Kurs und Geschwindigkeit beibehalten.;C;Das Maschinenfahrzeug muss ausweichen.;;;"Spezifische Fragen See;2017-06-01";https://www.bootsfuehrerscheinpruefung.de/sbfsee/pruefungsboegen/05
05;14;136;Verkehrsvorschriften;Wie muss sich ein Ausweichpflichtiger gegenüber einem Kurshalter verhalten?;;Das Ausweichmanöver muss frühzeitig, durchgreifend und klar erkennbar durchgeführt werden.;"Die Fahrt ist auf das für die Steuerfähigkeit erforderliche Mindestmaß zu reduzieren; im Zweifelsfall muss ganz aufgestoppt werden.";Das Manöver des letzten Augenblicks ist durchzuführen. Es muss so ausgewichen werden, wie es zur Vermeidung eines Zusammenstoßes am dienlichsten ist.;Der Kurs muss bei Annäherung an den Kurshalter Schritt für Schritt so angepasst werden, dass das Heck des Anderen sicher umfahren wird.;A;Das Ausweichmanöver muss frühzeitig, durchgreifend und klar erkennbar durchgeführt werden.;;;"Spezifische Fragen See;2017-06-01";https://www.bootsfuehrerscheinpruefung.de/sbfsee/pruefungsboegen/05
05;15;141;Signale;Welche Bedeutung hat folgendes Schallsignal:;;"Schutzbedürftige Anlage; Geschwindigkeit reduzieren, Sog und Wellenschlag vermeiden.";Maschinenfahrzeug, das seine Maschinen gestoppt hat und keine Fahrt durchs Wasser macht.;Die Maschine des Fahrzeugs läuft rückwärts.;Ein Ankerlieger macht ein sich näherndes Fahrzeug auf eine gefährliche Annäherung aufmerksam.;D;Ein Ankerlieger macht ein sich näherndes Fahrzeug auf eine gefährliche Annäherung aufmerksam.;bilder/spezifische_fragen_see_Schallsignal-d-Frage-120-gif.png;https://www.bootsfuehrerscheinpruefung.de/images/sbfsee/katalog/spezifische_fragen_see_Schallsignal-d-Frage-120-gif.png;"Spezifische Fragen See;2017-06-01";https://www.bootsfuehrerscheinpruefung.de/sbfsee/pruefungsboegen/05
05;16;146;Verkehrsvorschriften;Wie hat sich ein Segelfahrzeug beim Queren eines Verkehrstrennungsgebietes gegenüber einem Maschinenfahrzeug zu verhalten, das auf einem Einbahnweg in der allgemeinen Verkehrsrichtung fährt?;;Es darf die sichere Durchfahrt des Maschinenfahrzeugs nicht behindern.;Es unterliegt der Kurshaltepflicht. Kurs und Geschwindigkeit sind beizubehalten.;Es muss warten. Alle dem Einbahnweg folgenden Fahrzeuge haben Vorfahrt.;Es hat Vorfahrt. Alle dem Einbahnweg folgenden Fahrzeuge müssen warten.;A;Es darf die sichere Durchfahrt des Maschinenfahrzeugs nicht behindern.;;;"Spezifische Fragen See;2017-06-01";https://www.bootsfuehrerscheinpruefung.de/sbfsee/pruefungsboegen/05
05;17;148;Lichterführung & Signalkörper;Was ist das für ein Fahrzeug und was ist zu beachten?;;Ein manövrierbehindertes Fahrzeug, das baggert oder Unterwasserarbeiten ausführt und dabei die Schifffahrt behindert. Es ist an der Seite zu passieren, die in meiner Fahrtrichtung rechts liegt.;Ein manövrierbehindertes Fahrzeug, das die Schifffahrt behindert. Es ist an der Seite zu passieren, an der zwei schwarze Bälle senkrecht übereinander angeordnet sind.;Ein manövrierbehindertes Fahrzeug, das baggert oder Unterwasserarbeiten ausführt und dabei die Schifffahrt behindert. Es ist an der Seite zu passieren, an der zwei schwarze Rhomben senkrecht übereinander angeordnet sind.;Ein manövrierbehindertes Fahrzeug, das baggert oder Unterwasserarbeiten ausführt und dabei die Schifffahrt behindert. Es darf an keiner Seite passiert werden.;C;Ein manövrierbehindertes Fahrzeug, das baggert oder Unterwasserarbeiten ausführt und dabei die Schifffahrt behindert. Es ist an der Seite zu passieren, an der zwei schwarze Rhomben senkrecht übereinander angeordnet sind.;bilder/spezifische_fragen_see_Fahrzeug-Frage-148-gif.png;https://www.bootsfuehrerscheinpruefung.de/images/sbfsee/katalog/spezifische_fragen_see_Fahrzeug-Frage-148-gif.png;"Spezifische Fragen See;2017-06-01";https://www.bootsfuehrerscheinpruefung.de/sbfsee/pruefungsboegen/05
05;18;154;Lichterführung & Signalkörper;Was ist das für ein Fahrzeug und was ist zu beachten?;;Lotsenfahrzeug mit Sonderrechten im Einsatz. Es darf vom Rechtsfahrgebot abweichen.;Tiefgangbehindertes Fahrzeug. Es darf nicht behindert werden.;Fahrzeug der Bundesmarine im Einsatz. Es hat Munition oder andere Gefahrgüter an Bord.;Fahrzeug des öffentlichen Dienstes im Einsatz. Es darf von den Verkehrsvorschriften abweichen.;D;Fahrzeug des öffentlichen Dienstes im Einsatz. Es darf von den Verkehrsvorschriften abweichen.;bilder/spezifische_fragen_see_Fahrzeug-Frage-154-gif.png;https://www.bootsfuehrerscheinpruefung.de/images/sbfsee/katalog/spezifische_fragen_see_Fahrzeug-Frage-154-gif.png;"Spezifische Fragen See;2017-06-01";https://www.bootsfuehrerscheinpruefung.de/sbfsee/pruefungsboegen/05
05;19;164;Signale;"Wann ist das ""allgemeine Gefahr- und Warnsignal"" zu geben?";;Wenn ein Fahrzeug ein anderes Fahrzeug im Fahrwasser an Steuerbord überholen will.;Wenn ein Fahrzeug einem anderen Fahrzeug nicht ausweichen kann.;Wenn ein Fahrzeug ein anderes Fahrzeug zur Hilfeleistung auffordert.;Wenn ein Fahrzeug ein anderes Fahrzeug gefährdet oder durch dieses selbst gefährdet wird.;D;Wenn ein Fahrzeug ein anderes Fahrzeug gefährdet oder durch dieses selbst gefährdet wird.;;;"Spezifische Fragen See;2017-06-01";https://www.bootsfuehrerscheinpruefung.de/sbfsee/pruefungsboegen/05
05;20;170;Vorschriften & Gesetze;Wie haben sich Führer von Zugbooten der Wasserskiläufer bzw. Wassermotorradfahrer und Segelsurfer bei der Annäherung an andere Fahrzeuge zu verhalten?;;Sie haben Vorfahrt und müssen vor dem Bug des anderen Fahrzeugs kreuzen.;Sie haben bei Annäherung an andere Fahrzeuge aufzustoppen und Sog und Wellenschlag zu vermeiden.;Sie müssen Kurs und Geschwindigkeit beibehalten.;Sie haben auszuweichen.;D;Sie haben auszuweichen.;;;"Spezifische Fragen See;2017-06-01";https://www.bootsfuehrerscheinpruefung.de/sbfsee/pruefungsboegen/05
05;21;171;Vorschriften & Gesetze;Wo ist das Ankern verboten?;;"Im Fahrwasser, an Engstellen und in unübersichtlichen Krümmungen; im Umkreis von 300 m von schwimmenden Geräten, Kabeltonnen und sonstigen Stellen für militärische und zivile Zwecke; vor Hafeneinfahrten, Schleusen, Anlegestellen und Sielen sowie in den Zufahrten des Nord-Ostsee-Kanals und in Vogelschutz- und Naturschutzgebieten sowie generell innerhalb von Nationalparks.";"Im Fahrwasser, an Engstellen und in unübersichtlichen Krümmungen; im Umkreis von 300 m von schwimmenden Geräten, Wracks und sonstigen Schifffahrtshindernissen, Kabeltonnen und sonstigen Stellen für militärische und zivile Zwecke; vor Hafeneinfahrten, Schleusen, Anlegestellen und Sielen sowie in den Zufahrten des Nord-Ostsee-Kanals; innerhalb von Fähr- und Brückenstrecken; 300 m vor und hinter Ankerverbotszeichen.";"Im Fahrwasser, auf Seeschifffahrtsstraßen, an Engstellen und in unübersichtlichen Krümmungen; im Umkreis von 300 m von schwimmenden Geräten, Wracks und sonstigen Schifffahrtshindernissen, Kabeltonnen und sonstigen Stellen für militärische und zivile Zwecke; vor Hafeneinfahrten, Schleusen, Anlegestellen und Sielen sowie in den Zufahrten des Nord-Ostsee-Kanals; innerhalb von Fähr- und Brückenstrecken; 300 m vor und hinter Ankerverbotszeichen.";Im Fahrwasser, wenn es durch die Generaldirektion Wasserstraßen- und Schifffahrt (GDWS) bekanntgemacht worden ist. Außerhalb des Fahrwassers auf Abschnitten, die durch die GDWS bekanntgemacht oder durch entsprechende Sichtzeichen bezeichnet sind.;B;"Im Fahrwasser, an Engstellen und in unübersichtlichen Krümmungen; im Umkreis von 300 m von schwimmenden Geräten, Wracks und sonstigen Schifffahrtshindernissen, Kabeltonnen und sonstigen Stellen für militärische und zivile Zwecke; vor Hafeneinfahrten, Schleusen, Anlegestellen und Sielen sowie in den Zufahrten des Nord-Ostsee-Kanals; innerhalb von Fähr- und Brückenstrecken; 300 m vor und hinter Ankerverbotszeichen.";;;"Spezifische Fragen See;August-2023";https://www.bootsfuehrerscheinpruefung.de/sbfsee/pruefungsboegen/05
05;22;179;Schifffahrtszeichen;Welche Bedeutung hat folgendes Sichtzeichen?;;Geschwindigkeit von 8 sm/h Fahrt durch das Wasser, die innerhalb eines Mindestabstandes von 500 m von der jeweiligen Uferlinie wegen Badebetriebs nicht überschritten werden darf.;"Kennzeichnung besonderer Gebiete und Stellen, z. B. Warngebiete; die Bedeutung kann der Seekarte entnommen und aus der Beschriftung des Schifffahrtszeichens erkannt werden.";Geschwindigkeit von 8 km/h Fahrt durch das Wasser, die innerhalb eines Bereiches von 500 m von der jeweiligen Uferlinie wegen Badebetriebs nicht überschritten werden darf.;Buhnenbauwerk, Gefahr durch Sog und Wellenschlag. Insbesondere auf Badebetrieb und Schwimmer achten.;C;Geschwindigkeit von 8 km/h Fahrt durch das Wasser, die innerhalb eines Bereiches von 500 m von der jeweiligen Uferlinie wegen Badebetriebs nicht überschritten werden darf.;bilder/spezifische_fragen_see_Gebotszeichen-A05-gif.png;https://www.bootsfuehrerscheinpruefung.de/images/sbfsee/katalog/spezifische_fragen_see_Gebotszeichen-A05-gif.png;"Spezifische Fragen See;2017-06-01;Schilder und Sichtzeichen";https://www.bootsfuehrerscheinpruefung.de/sbfsee/pruefungsboegen/05
05;23;183;Schifffahrtszeichen;Woran ist ein militärisches Warngebiet zu erkennen, das wegen Schießübungen für die Schifffahrt gesperrt ist?;;An bestimmten Tag- und Nachtsignalen, die nach der Schifffahrtsordnung der Generaldirektion Wasserstraßen- und Schifffahrt (GDWS) für militärische Sperr- und Warngebiete an entsprechenden Signalstellen am Ufer und auf Sicherungsfahrzeugen gezeigt werden.;An bestimmten Tag- und Nachtsignalen, die nach der zuständigen Polizeiverordnung des Wasserwirtschaftsamtes für Übungs-, Sperr- und Warngebiete an entsprechenden Signalstellen am Ufer und auf Sicherungsfahrzeugen gezeigt werden.;An bestimmten Tag- und Nachtsignalen, die nach der Rheinpolizeiverordnung der Generaldirektion Wasserstraßen- und Schifffahrt (GDWS) für militärische Sperr- und Warngebiete an entsprechenden Signalstellen am Ufer und auf Sicherungsfahrzeugen gezeigt werden.;An bestimmten Tag- und Nachtsignalen, die nach der Sperr- und Warngebietsverordnung der Generaldirektion Wasserstraßen- und Schifffahrt (GDWS) für militärische Sperr- und Warngebiete an entsprechenden Signalstellen und auf Sicherungsfahrzeugen gezeigt werden.;D;An bestimmten Tag- und Nachtsignalen, die nach der Sperr- und Warngebietsverordnung der Generaldirektion Wasserstraßen- und Schifffahrt (GDWS) für militärische Sperr- und Warngebiete an entsprechenden Signalstellen und auf Sicherungsfahrzeugen gezeigt werden.;;;"Spezifische Fragen See;August-2023";https://www.bootsfuehrerscheinpruefung.de/sbfsee/pruefungsboegen/05
05;24;196;Schifffahrtszeichen;Welche Bedeutung hat folgende Tonne?;;Steuerbordseite des durchgehenden Fahrwassers, Backbordseite des abzweigenden oder einmündenden Fahrwassers.;Backbordseite des durchgehenden Fahrwassers, Steuerbordseite des abzweigenden oder einmündenden Fahrwassers.;Steuerbordseite des durchgehenden Fahrwassers.;Backbordseite des durchgehenden Fahrwassers.;B;Backbordseite des durchgehenden Fahrwassers, Steuerbordseite des abzweigenden oder einmündenden Fahrwassers.;bilder/spezifische_fragen_see_Tonne-Frage-196-gif.png;https://www.bootsfuehrerscheinpruefung.de/images/sbfsee/katalog/spezifische_fragen_see_Tonne-Frage-196-gif.png;"Spezifische Fragen See;2017-06-01";https://www.bootsfuehrerscheinpruefung.de/sbfsee/pruefungsboegen/05
05;25;204;Schifffahrtszeichen;Welche Bedeutung hat das Feuer einer Leuchttonne mit folgender Kennung?;;Kennzeichnung einer allgemeinen Gefahrenstelle, die westlich zu passieren ist.;Kennzeichnung einer allgemeinen Gefahrenstelle, die nördlich zu passieren ist.;Kennzeichnung einer allgemeinen Gefahrenstelle, die östlich zu passieren ist.;Kennzeichnung einer allgemeinen Gefahrenstelle, die südlich zu passieren ist.;B;Kennzeichnung einer allgemeinen Gefahrenstelle, die nördlich zu passieren ist.;bilder/spezifische_fragen_see_Feuer-Frage-204-gif.png;https://www.bootsfuehrerscheinpruefung.de/images/sbfsee/katalog/spezifische_fragen_see_Feuer-Frage-204-gif.png;"Spezifische Fragen See;2017-06-01";https://www.bootsfuehrerscheinpruefung.de/sbfsee/pruefungsboegen/05
05;26;211;Schifffahrtszeichen;Wie navigiert man mittels eines Leitfeuers?;;In Fahrtrichtung in der Mitte des weißen Leitsektors halten.;In Fahrtrichtung an der rechten Seite des weißen Leitsektors halten.;In Fahrtrichtung Ober- und Unterfeuer in Deckung halten.;In Fahrtrichtung an der linken Seite des weißen Leitsektors halten.;B;In Fahrtrichtung an der rechten Seite des weißen Leitsektors halten.;;;"Spezifische Fragen See;2017-06-01";https://www.bootsfuehrerscheinpruefung.de/sbfsee/pruefungsboegen/05
05;27;216;Umwelt- & Naturschutz;Wo findet man die Grenzen der Naturschutzgebiete auf See?;;Im Bundesnaturschutzgesetz.;In den Kollisionsverhütungsregeln.;In Seekarten und Sportschifffahrtskarten des Bundesamtes für Seeschifffahrt und Hydrographie.;In der Seeschifffahrtsstraßen-Ordnung.;C;In Seekarten und Sportschifffahrtskarten des Bundesamtes für Seeschifffahrt und Hydrographie.;;;"Spezifische Fragen See;2017-06-01";https://www.bootsfuehrerscheinpruefung.de/sbfsee/pruefungsboegen/05
05;28;225;Umwelt- & Naturschutz;Wie hat man sich beim Befahren von Naturschutzgebieten und Nationalparks zu verhalten?;;Befahrensregelungen beachten und sich bei der Nationalparkverwaltung anmelden.;Befahrensregelungen beachten.;Befahrensregelungen sowie Festlegungen der Ordnungsämter beachten.;Befahrensregelungen beachten sowie Wasserschutzpolizei und Wasserstraßen- und Schifffahrtsamt informieren.;B;Befahrensregelungen beachten.;;;"Spezifische Fragen See;August-2023";https://www.bootsfuehrerscheinpruefung.de/sbfsee/pruefungsboegen/05
05;29;237;Navigation;Wo findet man Bedeutungen und Erläuterungen zu Zeichen, Abkürzungen und Begriffen in deutschen Seekarten?;;In den Leuchtfeuerverzeichnissen.;In der INT1/Karte 1.;In allen Seekarten unten links.;In den Seehandbüchern.;B;In der INT1/Karte 1.;;;"Spezifische Fragen See;2017-06-01";https://www.bootsfuehrerscheinpruefung.de/sbfsee/pruefungsboegen/05
05;30;266;Wetter;Was zeigt die folgende Abbildung?;;Abbildung eines Tiefdruckgebietes auf der Nordhalbkugel mit Kaltfront vor der Warmfront, Angabe des Luftdrucks in hPa, Warmfront südlich, Kaltfront nördlich des Zentrums.;Abbildung eines Tiefdruckgebietes auf der Südhalbkugel mit Warmfront vor der Kaltfront, Angabe des Luftdrucks in hPa, Darstellung des Kalt- und Warmluftstroms.;Abbildung eines Tiefdruckgebietes auf der Südhalbkugel mit Kalt- und Warmfront, Isobaren mit Angabe des Luftdrucks in hPa, kalte und warme Luftströmung.;Abbildung eines Tiefdruckgebietes auf der Nordhalbkugel mit Warm- und Kaltfront, Isobaren mit Angabe des Luftdrucks in hPa, warme und kalte Luftströmung.;D;Abbildung eines Tiefdruckgebietes auf der Nordhalbkugel mit Warm- und Kaltfront, Isobaren mit Angabe des Luftdrucks in hPa, warme und kalte Luftströmung.;bilder/spezifische_fragen_see_Abbildung-Frage-266-gif.png;https://www.bootsfuehrerscheinpruefung.de/images/sbfsee/katalog/spezifische_fragen_see_Abbildung-Frage-266-gif.png;"Spezifische Fragen See;2017-06-01";https://www.bootsfuehrerscheinpruefung.de/sbfsee/pruefungsboegen/05
06;1;3;Grundlagen;Wann ist ein Fahrzeug in Fahrt?;;Wenn es weder vor Anker liegt noch an Land festgemacht ist noch Fahrt über Grund macht.;Wenn es weder auf Grund sitzt noch vor Anker liegt noch manövrierbehindert oder manövrierunfähig ist.;Wenn es weder an Land festgemacht ist noch vor Anker liegt noch Fahrt durchs Wasser macht.;Wenn es weder vor Anker liegt noch an Land festgemacht ist noch auf Grund sitzt.;D;Wenn es weder vor Anker liegt noch an Land festgemacht ist noch auf Grund sitzt.;;;"Basisfragen;2017-06-01";https://www.bootsfuehrerscheinpruefung.de/sbfsee/pruefungsboegen/06
06;2;8;Grundlagen;Welche Seite wird als Luvseite bezeichnet?;;Die dem Wind abgewandte Seite.;Die Seite in Fahrtrichtung links.;Die dem Wind zugekehrte Seite.;Die Seite in Fahrtrichtung rechts.;C;Die dem Wind zugekehrte Seite.;;;"Basisfragen;2017-06-01";https://www.bootsfuehrerscheinpruefung.de/sbfsee/pruefungsboegen/06
06;3;24;Schifffahrtszeichen;Welche Bedeutung hat folgendes Tafelzeichen?;;Abgabe eines kurzen und eines langen Tons.;Abgabe eines kurzen Tons.;Abgabe von zwei langen Tönen.;Abgabe eines langen Tons.;D;Abgabe eines langen Tons.;bilder/basisfragen_Schild-10-gif.png;https://www.bootsfuehrerscheinpruefung.de/images/sbfsee/katalog/basisfragen_Schild-10-gif.png;"Basisfragen;2017-06-01;Schilder und Sichtzeichen";https://www.bootsfuehrerscheinpruefung.de/sbfsee/pruefungsboegen/06
06;4;41;Grundlagen;Wie verhält sich im Allgemeinen das Schiff im Rückwärtsgang bei einem rechtsdrehenden Propeller?;;Der Kurs des Schiffes ändert sich nicht.;Das Heck dreht nach Steuerbord.;Der Bug dreht nach Backbord.;Das Heck dreht nach Backbord.;D;Das Heck dreht nach Backbord.;;;"Basisfragen;2017-06-01";https://www.bootsfuehrerscheinpruefung.de/sbfsee/pruefungsboegen/06
06;5;49;Grundlagen;Was muss beim Tanken beachtet werden?;;Motor abstellen, keine elektrischen Schalter betätigen, Vorbereitung gegen das Überlaufen von Kraftstoff treffen, kein offenes Feuer.;Fenster schließen, keine elektrischen Schalter betätigen, Vorbereitung gegen das Überlaufen von Kraftstoff treffen, kein offenes Feuer.;Motor abstellen, Feuerlöscher bereithalten, Vorbereitung gegen das Überlaufen von Kraftstoff treffen, kein offenes Feuer.;Motor in Leerlaufstellung, keine elektrischen Schalter betätigen, Vorbereitung gegen das Überlaufen von Kraftstoff treffen, kein offenes Feuer.;A;Motor abstellen, keine elektrischen Schalter betätigen, Vorbereitung gegen das Überlaufen von Kraftstoff treffen, kein offenes Feuer.;;;"Basisfragen;2017-06-01";https://www.bootsfuehrerscheinpruefung.de/sbfsee/pruefungsboegen/06
06;6;62;Sicherheit;Wo sollen die Gasbehälter einer Flüssiggasanlage gelagert werden?;;Möglichst unten im Schiff, geschützt vor Sonneneinstrahlung, sonst in einem besonders abgeschlossenen Raum für Gasbehälter, der in Bodenhöhe eine Öffnung nach außenbords hat.;Möglichst an Deck, geschützt vor Sonneneinstrahlung, sonst in einem besonders abgeschlossenen Raum für Gasbehälter, der in Bodenhöhe eine Öffnung nach außenbords hat.;Möglichst an Deck, geschützt vor Sonneneinstrahlung, sonst in einem besonders abgeschlossenen Raum für Gasbehälter, der oben belüftet ist.;Möglichst auf dem Vorschiff, geschützt vor Sonneneinstrahlung, sonst in einem besonders abgeschlossenen Raum für Gasbehälter, der in Bodenhöhe eine Öffnung nach außenbords hat.;B;Möglichst an Deck, geschützt vor Sonneneinstrahlung, sonst in einem besonders abgeschlossenen Raum für Gasbehälter, der in Bodenhöhe eine Öffnung nach außenbords hat.;;;"Basisfragen;2017-06-01";https://www.bootsfuehrerscheinpruefung.de/sbfsee/pruefungsboegen/06
06;7;70;Vorschriften & Gesetze;Wie hat man sich nach einem Zusammenstoß zu verhalten?;;"Hilfe leisten und so lange am Unfallort bleiben, bis ein weiterer Beistand nicht mehr erforderlich ist; die Wasserschutzpolizei benachrichtigen.";"Hilfe leisten und so lange am Unfallort bleiben, bis ein weiterer Beistand nicht mehr erforderlich ist; Notsignal geben.";"Hilfe leisten und so lange am Unfallort bleiben, bis ein weiterer Beistand nicht mehr erforderlich ist; alle erforderlichen Daten austauschen.";"Hilfe leisten und so lange am Unfallort bleiben, bis ein weiterer Beistand nicht mehr erforderlich ist; Verschlusszustand herstellen.";C;"Hilfe leisten und so lange am Unfallort bleiben, bis ein weiterer Beistand nicht mehr erforderlich ist; alle erforderlichen Daten austauschen.";;;"Basisfragen;2017-06-01";https://www.bootsfuehrerscheinpruefung.de/sbfsee/pruefungsboegen/06
06;8;74;Vorschriften & Gesetze;Was gilt, wenn eine Bestimmung der Seeschifffahrtsstraßen-Ordnung (SeeSchStrO) mit den Kollisionsverhütungsregeln (KVR) im Widerspruch steht?;;Die Vorschrift der Kollisionsverhütungsregeln (KVR).;Die Vorschrift der Schifffahrtsordnung Emsmündung.;Die Grundregeln für das Verhalten im Verkehr.;Die Vorschrift der Seeschifffahrtsstraßen-Ordnung.;D;Die Vorschrift der Seeschifffahrtsstraßen-Ordnung.;;;"Spezifische Fragen See;2017-06-01";https://www.bootsfuehrerscheinpruefung.de/sbfsee/pruefungsboegen/06
06;9;93;Lichterführung & Signalkörper;Welches Fahrzeug führt diese Lichter?;;Manövrierbehinderter Schleppverband in Fahrt von 200 m Länge oder weniger, ohne Fahrt durchs Wasser.;Manövrierbehinderter Schleppverband in Fahrt von mehr als 200 m Länge.;Ein manövrierbehindertes Fahrzeug mit Fahrt durchs Wasser von 50 und mehr Meter Länge.;Manövrierbehinderter Schleppverband in Fahrt von 200 m Länge oder weniger.;D;Manövrierbehinderter Schleppverband in Fahrt von 200 m Länge oder weniger.;bilder/spezifische_fragen_see_Lichter-Frage-93-gif.png;https://www.bootsfuehrerscheinpruefung.de/images/sbfsee/katalog/spezifische_fragen_see_Lichter-Frage-93-gif.png;"Spezifische Fragen See;2017-06-01";https://www.bootsfuehrerscheinpruefung.de/sbfsee/pruefungsboegen/06
06;10;99;Lichterführung & Signalkörper;Welches Fahrzeug führt diese Signalkörper?;;Ein Grundsitzer von 50 und mehr Meter Länge.;Ein fischendes Fahrzeug in Fahrt.;Ein manövrierunfähiges Fahrzeug.;Ein manövrierbehindertes Fahrzeug in Fahrt.;C;Ein manövrierunfähiges Fahrzeug.;bilder/spezifische_fragen_see_Signalkoerper-Frage-99-gif.png;https://www.bootsfuehrerscheinpruefung.de/images/sbfsee/katalog/spezifische_fragen_see_Signalkoerper-Frage-99-gif.png;"Spezifische Fragen See;2017-06-01";https://www.bootsfuehrerscheinpruefung.de/sbfsee/pruefungsboegen/06
06;11;111;Lichterführung & Signalkörper;Welches Fahrzeug führt diese Lichter?;;Ein Lotsenfahrzeug im Einsatz.;Ein fischender Trawler (Fischereifahrzeug) mit Fahrt durchs Wasser von 50 und mehr Meter Länge.;Ein fischendes Fahrzeug in Fahrt oder vor Anker, das nicht trawlt, z. B. Treibnetzfischer.;Ein manövrierbehindertes Fahrzeug in Fahrt.;C;Ein fischendes Fahrzeug in Fahrt oder vor Anker, das nicht trawlt, z. B. Treibnetzfischer.;bilder/spezifische_fragen_see_Lichter-Frage-111-gif.png;https://www.bootsfuehrerscheinpruefung.de/images/sbfsee/katalog/spezifische_fragen_see_Lichter-Frage-111-gif.png;"Spezifische Fragen See;2017-06-01";https://www.bootsfuehrerscheinpruefung.de/sbfsee/pruefungsboegen/06
06;12;114;Lichterführung & Signalkörper;Was für ein Licht muss ein Ankerlieger von weniger als 50 m Länge führen?;;Ein weißes Rundumlicht an gut sichtbarer Stelle.;Zwei weiße Rundumlichter an gut sichtbarer Stelle.;Zwei rote Rundumlichter an gut sichtbarer Stelle.;Ein rotes Rundumlicht an gut sichtbarer Stelle.;A;Ein weißes Rundumlicht an gut sichtbarer Stelle.;;;"Spezifische Fragen See;2017-06-01";https://www.bootsfuehrerscheinpruefung.de/sbfsee/pruefungsboegen/06
06;13;115;Lichterführung & Signalkörper;Welches Fahrzeug muss diese Lichter führen?;;Ein manövrierbehindertes Fahrzeug, das baggert oder Unterwasserarbeiten ausführt und dabei die Schifffahrt behindert.;Ein vor Anker liegendes Fahrzeug von 100 und mehr Meter Länge.;Ein fischender Trawler (Fischereifahrzeug) mit Fahrt durchs Wasser von 50 und mehr Meter Länge.;Ein Grundsitzer von 200 und mehr Meter Länge.;B;Ein vor Anker liegendes Fahrzeug von 100 und mehr Meter Länge.;bilder/spezifische_fragen_see_Lichter-Frage-115-gif.png;https://www.bootsfuehrerscheinpruefung.de/images/sbfsee/katalog/spezifische_fragen_see_Lichter-Frage-115-gif.png;"Spezifische Fragen See;2017-06-01";https://www.bootsfuehrerscheinpruefung.de/sbfsee/pruefungsboegen/06
06;14;127;Verkehrsvorschriften;Wie müssen sich zwei in Sicht befindliche Maschinenfahrzeuge verhalten, die sich einander auf entgegengesetzten oder fast entgegengesetzten Kursen nähern, um die Möglichkeit der Gefahr eines Zusammenstoßes zu vermeiden?;;Es muss das leewärtige Fahrzeug dem luvwärtigen Fahrzeug ausweichen.;Es muss das luvwärtige Fahrzeug dem leewärtigen Fahrzeug ausweichen.;Jedes Fahrzeug muss seinen Kurs nach Backbord ändern.;Jedes Fahrzeug muss seinen Kurs nach Steuerbord ändern.;D;Jedes Fahrzeug muss seinen Kurs nach Steuerbord ändern.;;;"Spezifische Fragen See;2017-06-01";https://www.bootsfuehrerscheinpruefung.de/sbfsee/pruefungsboegen/06
06;15;135;Verkehrsvorschriften;Wie verhält sich der Kurshaltepflichtige vor Einleitung des Manövers des letzten Augenblicks gegenüber einem ausweichpflichtigen Fahrzeug?;;Kurs nach Steuerbord ändern. Geschwindigkeit verringern und dem Ausweichpflichtigen besondere Aufmerksamkeit widmen.;Kurs und Geschwindigkeit zunächst beibehalten und dem Ausweichpflichtigen besondere Aufmerksamkeit widmen.;Kurs oder Geschwindigkeit anpassen und dem Ausweichpflichtigen besondere Aufmerksamkeit widmen.;Kurs nach Steuerbord ändern, Geschwindigkeit zunächst beibehalten und dem Ausweichpflichtigen besondere Aufmerksamkeit widmen.;B;Kurs und Geschwindigkeit zunächst beibehalten und dem Ausweichpflichtigen besondere Aufmerksamkeit widmen.;;;"Spezifische Fragen See;2017-06-01";https://www.bootsfuehrerscheinpruefung.de/sbfsee/pruefungsboegen/06
06;16;140;Signale;Welche Bedeutung hat folgendes Schallsignal: (mindestens)?;;Bleib-Weg-Signal, Explosionsgefahr durch gefährliche Güter. Sofort den Gefahrenbereich verlassen. Feuer und Zündfunken vermeiden.;Ein ausweichpflichtiges Fahrzeug wird auf seine Ausweichpflicht aufmerksam gemacht.;Allgemeines Gefahren- und Warnsignal.;Seeschifffahrtsstraße gesperrt. Weiterfahrt verboten, sofort aufstoppen.;B;Ein ausweichpflichtiges Fahrzeug wird auf seine Ausweichpflicht aufmerksam gemacht.;bilder/spezifische_fragen_see_Schallsignal-Frage-140-gif.png;https://www.bootsfuehrerscheinpruefung.de/images/sbfsee/katalog/spezifische_fragen_see_Schallsignal-Frage-140-gif.png;"Spezifische Fragen See;2017-06-01";https://www.bootsfuehrerscheinpruefung.de/sbfsee/pruefungsboegen/06
06;17;155;Schifffahrtszeichen;"Wer gibt das Sichtzeichen ""Leuchtkugeln mit weißen Sternen"" und was ist zu beachten?";;Fahrzeug in Seenot, das auf sich aufmerksam macht. Hilfe leisten, ggf. weitere Hilfe anfordern.;Maschinenfahrzeug über 50 m Länge bei der Anforderung eines Lotsen. Man behält Kurs und Geschwindigkeit bei.;Fahrzeug, das mit Netzen, Leinen, Schleppnetzen oder anderen Fanggeräten fischt und auf sich aufmerksam macht. Ausreichenden Abstand halten.;Fahrzeug der Bundeswehr, der Bundespolizei oder Maschinenfahrzeug, das Schießscheiben schleppt bei Übungen. Man hält sich frei.;D;Fahrzeug der Bundeswehr, der Bundespolizei oder Maschinenfahrzeug, das Schießscheiben schleppt bei Übungen. Man hält sich frei.;;;"Spezifische Fragen See;2017-06-01;Schilder und Sichtzeichen";https://www.bootsfuehrerscheinpruefung.de/sbfsee/pruefungsboegen/06
06;18;157;Schifffahrtszeichen;Welches ist - außer in Wattgebieten - die Steuerbordseite eines Fahrwassers?;;Es ist die Seite, auf der die Tonnen mit fortlaufenden geraden Zahlen gekennzeichnet sind.;Es ist die Seite, die ein von See kommendes Schiff an seiner Backbordseite hat.;Es ist die Seite, die von See kommend mit roten Tonnen bezeichnet ist.;Es ist die Seite, die ein von See kommendes Schiff an seiner Steuerbordseite hat.;D;Es ist die Seite, die ein von See kommendes Schiff an seiner Steuerbordseite hat.;;;"Spezifische Fragen See;2017-06-01";https://www.bootsfuehrerscheinpruefung.de/sbfsee/pruefungsboegen/06
06;19;169;Vorschriften & Gesetze;Wo darf Wasserski gelaufen, Wassermotorrad gefahren oder mit einem Segelsurfbrett gefahren werden?;;Im Fahrwasser, wenn es nicht von der Generaldirektion Wasserstraßen- und Schifffahrt (GDWS) durch Bekanntmachung verboten ist. Außerhalb des Fahrwassers auf Abschnitten, die durch die GDWS bekanntgemacht oder durch blaue Tafeln mit dem weißen Symbol eines Wasserskiläufers, eines Wassermotorrades oder eines Segelsurfers bezeichnet sind.;Auf der hohen See und auf den mit dieser zusammenhängenden, von Seeschiffen befahrbaren Gewässern, sofern dabei ein Abstand von mindestens 100 m zum Ufer eingehalten wird.;Außerhalb des Fahrwassers, wenn es nicht von der Generaldirektion Wasserstraßen- und Schifffahrt (GDWS) durch Bekanntmachung verboten ist. Im Fahrwasser auf Abschnitten, die durch die GDWS bekanntgemacht oder durch blaue Tafeln mit dem weißen Symbol eines Wasserskiläufers, eines Wassermotorrades oder eines Segelsurfers bezeichnet sind.;Außerhalb der Seeschifffahrtsstraße, wenn es nicht von der Generaldirektion Wasserstraßen- und Schifffahrt (GDWS) durch Bekanntmachung verboten ist. Innerhalb der Seeschifffahrtsstraße auf Abschnitten, die durch die GDWS bekanntgemacht oder durch blaue Tafeln mit dem weißen Symbol eines Wasserskiläufers, eines Wassermotorrades oder eines Segelsurfers bezeichnet sind.;C;Außerhalb des Fahrwassers, wenn es nicht von der Generaldirektion Wasserstraßen- und Schifffahrt (GDWS) durch Bekanntmachung verboten ist. Im Fahrwasser auf Abschnitten, die durch die GDWS bekanntgemacht oder durch blaue Tafeln mit dem weißen Symbol eines Wasserskiläufers, eines Wassermotorrades oder eines Segelsurfers bezeichnet sind.;;;"Spezifische Fragen See;August-2023";https://www.bootsfuehrerscheinpruefung.de/sbfsee/pruefungsboegen/06
06;20;178;Signale;Welche Bedeutung hat folgendes Schallsignal und was ist zu beachten:;;"Brücke, Sperrwerk, Schleuse wird zur Öffnung vorbereitet; Fahrt fortsetzen.";"Bleib-weg-Signal, Gefahr durch gefährliche Ladung; sofort den Gefahrenbereich verlassen. Offenes Feuer vermeiden (Explosionsgefahr).";"Brücke, Sperrwerk, Schleuse kann vorübergehend nicht geöffnet werden; Fahrt unterbrechen, Freigabe abwarten.";"Ein Ausweichpflichtiger wird vom Vorfahrtberechtigten auf seine Ausweichpflicht hingewiesen; sofort Ausweichmanöver einleiten.";C;"Brücke, Sperrwerk, Schleuse kann vorübergehend nicht geöffnet werden; Fahrt unterbrechen, Freigabe abwarten.";bilder/spezifische_fragen_see_Schallsignal-Frage-178-gif.png;https://www.bootsfuehrerscheinpruefung.de/images/sbfsee/katalog/spezifische_fragen_see_Schallsignal-Frage-178-gif.png;"Spezifische Fragen See;2017-06-01";https://www.bootsfuehrerscheinpruefung.de/sbfsee/pruefungsboegen/06
06;21;191;Schifffahrtszeichen;Welche Bedeutung hat folgendes Schifffahrtszeichen?;;Die Backbordseite des Fahrwassers.;Die Kennzeichnung von Hindernissen.;Die Steuerbordseite des Fahrwassers.;Die Mitte eines Schifffahrtsweges.;C;Die Steuerbordseite des Fahrwassers.;bilder/spezifische_fragen_see_Schifffahrtszeichen-Frage-191-gif.png;https://www.bootsfuehrerscheinpruefung.de/images/sbfsee/katalog/spezifische_fragen_see_Schifffahrtszeichen-Frage-191-gif.png;"Spezifische Fragen See;2017-06-01";https://www.bootsfuehrerscheinpruefung.de/sbfsee/pruefungsboegen/06
06;22;208;Schifffahrtszeichen;Was kennzeichnet eines der folgenden Schifffahrtszeichen und welches Verhalten wird gefordert?;;Den nördlichen Quadranten einer allgemeinen Gefahrenstelle, die nördlich passiert werden muss.;Den westlichen Quadranten einer allgemeinen Gefahrenstelle, die westlich passiert werden muss.;Den südlichen Quadranten einer allgemeinen Gefahrenstelle, die südlich passiert werden muss.;Eine Einzelgefahrenstelle, die an allen Seiten passiert werden kann.;D;Eine Einzelgefahrenstelle, die an allen Seiten passiert werden kann.;bilder/spezifische_fragen_see_Warnzeichen-B15e-gif.png;https://www.bootsfuehrerscheinpruefung.de/images/sbfsee/katalog/spezifische_fragen_see_Warnzeichen-B15e-gif.png;"Spezifische Fragen See;2017-06-01";https://www.bootsfuehrerscheinpruefung.de/sbfsee/pruefungsboegen/06
06;23;215;Schifffahrtszeichen;Was versteht man unter einem unterbrochenen Feuer?;;Die Lichterscheinung ist stets länger als die Verdunkelung.;Die Lichterscheinung ist stets gleich lang wie die Verdunkelung.;Die Lichterscheinung ist stets kürzer als die Verdunkelung.;Die Lichterscheinung ist stets kürzer als 2 Sekunden.;A;Die Lichterscheinung ist stets länger als die Verdunkelung.;;;"Spezifische Fragen See;2017-06-01";https://www.bootsfuehrerscheinpruefung.de/sbfsee/pruefungsboegen/06
06;24;226;Umwelt- & Naturschutz;Welche Sondervorschriften enthalten die örtlichen Befahrensregelungen in den Naturschutzgebieten und Nationalparks?;;Befahrensverbote, Schifffahrtssperrungen, Geschwindigkeitsbeschränkungen, besondere Regelungen für das Befahren von Windparks.;Befahrensverbote, Befahrensbeschränkungen, Mindestgeschwindigkeiten, besondere Regelungen für das Befahren von Verkehrstrennungsgebieten.;Befahrensverbote, meteorologische Beschränkungen, besondere Regelungen für das Befahren der Tiefwasserzonen.;Befahrensverbote, Befahrensbeschränkungen, Geschwindigkeitsbeschränkungen, besondere Regelungen für das Wasserskilaufen, das Fahren mit Wassermotorrädern und das Segelsurfen.;D;Befahrensverbote, Befahrensbeschränkungen, Geschwindigkeitsbeschränkungen, besondere Regelungen für das Wasserskilaufen, das Fahren mit Wassermotorrädern und das Segelsurfen.;;;"Spezifische Fragen See;August-2023";https://www.bootsfuehrerscheinpruefung.de/sbfsee/pruefungsboegen/06
06;25;236;Navigation;In welchen Maßeinheiten werden in deutschen Seekarten die Tiefen angegeben?;;In Fuß und Inch.;In Meter und Dezimeter.;In Dezimeter und Zentimeter.;In Meter und Zentimeter.;B;In Meter und Dezimeter.;;;"Spezifische Fragen See;2017-06-01";https://www.bootsfuehrerscheinpruefung.de/sbfsee/pruefungsboegen/06
06;26;243;Navigation;Was versteht man in der terrestrischen Navigation unter einer Peilung?;;Das Feststellen des Koppelortes durch Winkelmessung.;Das Feststellen der Entfernung zu einem bekannten feststehenden Objekt.;Das Feststellen der Abweichung des Steuerkompasses vom Peilkompass.;Das Feststellen der Richtung eines bekannten feststehenden Objektes durch Winkelmessung.;D;Das Feststellen der Richtung eines bekannten feststehenden Objektes durch Winkelmessung.;;;"Spezifische Fragen See;2017-06-01";https://www.bootsfuehrerscheinpruefung.de/sbfsee/pruefungsboegen/06
06;27;248;Navigation;Was ist bei der Aufstellung eines Magnetkompasses an Bord zu beachten?;;Der Kompass muss parallel zur Kiellinie verlaufen. Der Kompass muss gut ablesbare Zahlen aufweisen und darf nicht in der Nähe von Eisenteilen aufgestellt werden.;Der Kompass muss parallel zur Kiellinie verlaufen. Der Kompass muss gut ablesbar sein und darf nicht in der Nähe von Eisenteilen aufgestellt werden.;Der Steuerstrich muss parallel zur Kiellinie verlaufen. Der Kompass muss gut ablesbare Zahlen aufweisen und darf nicht in der Nähe von Eisenteilen aufgestellt werden.;Der Steuerstrich muss parallel zur Kiellinie verlaufen. Der Kompass muss gut ablesbar sein und darf nicht in der Nähe von Eisenteilen aufgestellt werden.;D;Der Steuerstrich muss parallel zur Kiellinie verlaufen. Der Kompass muss gut ablesbar sein und darf nicht in der Nähe von Eisenteilen aufgestellt werden.;;;"Spezifische Fragen See;2017-06-01";https://www.bootsfuehrerscheinpruefung.de/sbfsee/pruefungsboegen/06
06;28;260;Wetter;Was bedeutet folgendes Zeichen?;;"Wind in Richtung Nordwest; Stärke: Bft. 3; wolkenlos.";"Strom in Richtung Nordwest; Stärke: 3 Knoten; Tidegebiet.";"Strom aus Richtung Nordwest; Stärke: 3 Knoten; Tidegebiet.";"Wind aus Richtung Nordwest; Stärke: Bft. 3; wolkenlos.";D;"Wind aus Richtung Nordwest; Stärke: Bft. 3; wolkenlos.";bilder/spezifische_fragen_see_Zeichen-Frage-260-gif.png;https://www.bootsfuehrerscheinpruefung.de/images/sbfsee/katalog/spezifische_fragen_see_Zeichen-Frage-260-gif.png;"Spezifische Fragen See;2017-06-01";https://www.bootsfuehrerscheinpruefung.de/sbfsee/pruefungsboegen/06
06;29;277;Sicherheit;Was ist zu tun, wenn das Fahrzeug gekentert ist?;;"Möglichst am Fahrzeug bleiben und die Besatzung zusammenhalten; Wertgegenstände und Seetagebuch bergen.";Möglichst am Fahrzeug bleiben und Seenotsignale geben. Die Besatzung zusammenhalten und unnötigen Kräfteverschleiß vermeiden.;"Möglichst am Fahrzeug bleiben und die Besatzung zusammenhalten; unnötigen Kräfteverschleiß vermeiden und Aufmerksamkeit zur Hilfeleistung erregen.";"Möglichst am Fahrzeug bleiben und Unfallstelle kennzeichnen; unnötigen Kräfteverschleiß vermeiden und Aufmerksamkeit zur Hilfeleistung erregen.";C;"Möglichst am Fahrzeug bleiben und die Besatzung zusammenhalten; unnötigen Kräfteverschleiß vermeiden und Aufmerksamkeit zur Hilfeleistung erregen.";;;"Spezifische Fragen See;2017-06-01";https://www.bootsfuehrerscheinpruefung.de/sbfsee/pruefungsboegen/06
06;30;281;Signale;Was bedeutet anhaltendes Ertönen eines Nebelsignalgerätes von einem Fahrzeug?;;Fahrzeug in Seenot.;Achtungssignal.;Bleib-weg-Signal.;Fahrzeug mit gefährlichen Gütern.;A;Fahrzeug in Seenot.;;;"Spezifische Fragen See;2017-06-01";https://www.bootsfuehrerscheinpruefung.de/sbfsee/pruefungsboegen/06
07;1;2;Vorschriften & Gesetze;In welchen Fällen darf weder ein Sportboot geführt noch dessen Kurs oder Geschwindigkeit selbstständig bestimmt werden?;;Wenn man infolge körperlicher oder geistiger Mängel oder infolge des Genusses alkoholischer Getränke oder anderer berauschender Mittel in der sicheren Führung behindert ist oder wenn eine Blutalkoholkonzentration von 0,3 ‰ oder mehr im Körper vorhanden ist.;Wenn man infolge körperlicher oder geistiger Mängel oder infolge des Genusses alkoholischer Getränke oder anderer berauschender Mittel in der sicheren Führung behindert ist oder wenn eine Blutalkoholkonzentration von 0,5 ‰ oder mehr im Körper vorhanden ist.;Wenn man infolge körperlicher oder geistiger Mängel oder infolge des Genusses alkoholischer Getränke oder anderer berauschender Mittel in der sicheren Führung behindert ist oder wenn eine Blutalkoholkonzentration von 1,0 ‰ oder mehr im Körper vorhanden ist.;Wenn man infolge körperlicher oder geistiger Mängel oder infolge des Genusses alkoholischer Getränke oder anderer berauschender Mittel in der sicheren Führung behindert ist oder wenn eine Blutalkoholkonzentration von 0,8 ‰ oder mehr im Körper vorhanden ist.;B;Wenn man infolge körperlicher oder geistiger Mängel oder infolge des Genusses alkoholischer Getränke oder anderer berauschender Mittel in der sicheren Führung behindert ist oder wenn eine Blutalkoholkonzentration von 0,5 ‰ oder mehr im Körper vorhanden ist.;;;"Basisfragen;2017-06-01";https://www.bootsfuehrerscheinpruefung.de/sbfsee/pruefungsboegen/07
07;2;7;Lichterführung & Signalkörper;Welches Signal führt ein Fahrzeug unter Segel, das als Maschinenfahrzeug gilt, zusätzlich am Tage?;;Einen schwarzen Kegel, Spitze oben.;Zwei schwarze Bälle senkrecht übereinander.;Einen schwarzen Kegel, Spitze unten.;Einen schwarzen Rhombus.;C;Einen schwarzen Kegel, Spitze unten.;;;"Basisfragen;2017-06-01";https://www.bootsfuehrerscheinpruefung.de/sbfsee/pruefungsboegen/07
07;3;25;Schifffahrtszeichen;Welche Bedeutung haben folgende Tafelzeichen?;;Genehmigungspflichtige Übungsstrecke für das Fahren mit Wasserski oder Wassermotorrädern.;Fahren mit Wasserski oder Wassermotorrädern erlaubt. Wasserskiläufer und Wassermotorräder haben Vorfahrt.;Wasserflächen, auf denen mit Wasserski oder Wassermotorrädern gefahren werden darf.;Genehmigungsfreie Übungsstrecke für das Fahren mit Wasserski oder Wassermotorrädern.;C;Wasserflächen, auf denen mit Wasserski oder Wassermotorrädern gefahren werden darf.;"bilder/basisfragen_Hinweiszeichen-E17-gif.png;bilder/basisfragen_Hinweiszeichen-E22-gif.png";"https://www.bootsfuehrerscheinpruefung.de/images/sbfsee/katalog/basisfragen_Hinweiszeichen-E17-gif.png;https://www.bootsfuehrerscheinpruefung.de/images/sbfsee/katalog/basisfragen_Hinweiszeichen-E22-gif.png";"Basisfragen;2017-06-01;Schilder und Sichtzeichen";https://www.bootsfuehrerscheinpruefung.de/sbfsee/pruefungsboegen/07
07;4;42;Grundlagen;Was bewirkt der Quickstopp?;;Automatisches Anlassen des Motors.;Kurze Unterbrechung des Motorlaufs.;Automatische Schubumkehr.;Unterbrechung von Zündkontakt bzw. Kraftstoffzufuhr.;D;Unterbrechung von Zündkontakt bzw. Kraftstoffzufuhr.;;;"Basisfragen;2017-06-01";https://www.bootsfuehrerscheinpruefung.de/sbfsee/pruefungsboegen/07
07;5;45;Grundlagen;Was ist unter einem linksdrehenden Propeller zu verstehen?;;Von achtern gesehen in Vorausfahrt Drehung des Propellers gegen den Uhrzeigersinn.;Von achtern gesehen in Vorausfahrt Drehung des Propellers im Uhrzeigersinn.;Von vorne gesehen in Vorausfahrt Drehung des Propellers gegen den Uhrzeigersinn.;Von vorne gesehen in Rückwärtsfahrt Drehung des Propellers im Uhrzeigersinn.;A;Von achtern gesehen in Vorausfahrt Drehung des Propellers gegen den Uhrzeigersinn.;;;"Basisfragen;2017-06-01";https://www.bootsfuehrerscheinpruefung.de/sbfsee/pruefungsboegen/07
07;6;59;Grundlagen;Unter welchen Voraussetzungen darf ein Sportboot mit Elektromotor ohne Fahrerlaubnis geführt werden?;;Es darf immer ohne Fahrerlaubnis geführt werden, unabhängig von der Antriebsleistung.;Es darf nie ohne Fahrerlaubnis geführt werden, unabhängig von der Antriebsleistung.;Die Antriebsleistung beträgt höchstens 7,5 Kilowatt Betriebsart S1 (Dauerbetrieb).;Bis zu einer Antriebsleistung von 11,03 Kilowatt Betriebsart S1 (Dauerbetrieb).;C;Die Antriebsleistung beträgt höchstens 7,5 Kilowatt Betriebsart S1 (Dauerbetrieb).;;;"Basisfragen;August-2023";https://www.bootsfuehrerscheinpruefung.de/sbfsee/pruefungsboegen/07
07;7;69;Sicherheit;Welche Maßnahmen muss man ergreifen, um einen Brand mit dem Feuerlöscher wirksam zu bekämpfen?;;Rauchabzug sicherstellen und Feuerlöscher rechtzeitig einsetzen, dabei den Löschstrahl möglichst in die lodernden Flammen halten.;Luftzufuhr verhindern und den Feuerlöscher mit sparsamen Löschstrahlstößen einsetzen, dabei das Feuer möglichst von oben bekämpfen.;Handhabungshinweise durchlesen und den Feuerlöscher sofort einsetzen, dabei das Feuer möglichst von unten bekämpfen.;Luftzufuhr verhindern, Feuerlöscher erst am Brandherd einsetzen und das Feuer möglichst von unten bekämpfen.;D;Luftzufuhr verhindern, Feuerlöscher erst am Brandherd einsetzen und das Feuer möglichst von unten bekämpfen.;;;"Basisfragen;2017-06-01";https://www.bootsfuehrerscheinpruefung.de/sbfsee/pruefungsboegen/07
07;8;73;Vorschriften & Gesetze;Wo gelten die Kollisionsverhütungsregeln (KVR)?;;Auf der Hohen See und den von Seeschiffen befahrbaren Randmeeren, mit Ausnahme der Verkehrstrennungsgebiete.;Auf der Hohen See und den deutschen Seeschifffahrtsstraßen, die von Seeschiffen befahren werden.;Auf der Hohen See und auf den mit dieser zusammenhängenden, von Seeschiffen befahrbaren Gewässern.;Auf den Seeschifffahrtsstraßen und den küstennahen deutschen Seegewässern, die von Seeschiffen befahren werden.;C;Auf der Hohen See und auf den mit dieser zusammenhängenden, von Seeschiffen befahrbaren Gewässern.;;;"Spezifische Fragen See;2017-06-01";https://www.bootsfuehrerscheinpruefung.de/sbfsee/pruefungsboegen/07
07;9;80;Vorschriften & Gesetze;"Wann ist das ""Manöver des letzten Augenblicks"" durchzuführen?";;Es muss durchgeführt werden, wenn ein Zusammenstoß durch Manöver des Kurshalters allein nicht mehr vermieden werden kann.;Es muss kurz vor der Kollision durchgeführt werden, wenn sonst ein Zusammenstoß durch Manöver des Kurshalters allein nicht mehr vermieden werden kann.;Es muss durchgeführt werden, wenn ein Zusammenstoß durch Manöver des Ausweichpflichtigen allein nicht mehr vermieden werden kann.;Es muss im letzten Augenblick von jedem durchgeführt werden, wenn ein Zusammenstoß sonst nicht mehr vermieden werden kann.;C;Es muss durchgeführt werden, wenn ein Zusammenstoß durch Manöver des Ausweichpflichtigen allein nicht mehr vermieden werden kann.;;;"Spezifische Fragen See;2017-06-01";https://www.bootsfuehrerscheinpruefung.de/sbfsee/pruefungsboegen/07
07;10;111;Lichterführung & Signalkörper;Welches Fahrzeug führt diese Lichter?;;Ein Lotsenfahrzeug im Einsatz.;Ein fischender Trawler (Fischereifahrzeug) mit Fahrt durchs Wasser von 50 und mehr Meter Länge.;Ein fischendes Fahrzeug in Fahrt oder vor Anker, das nicht trawlt, z. B. Treibnetzfischer.;Ein manövrierbehindertes Fahrzeug in Fahrt.;C;Ein fischendes Fahrzeug in Fahrt oder vor Anker, das nicht trawlt, z. B. Treibnetzfischer.;bilder/spezifische_fragen_see_Lichter-Frage-111-gif.png;https://www.bootsfuehrerscheinpruefung.de/images/sbfsee/katalog/spezifische_fragen_see_Lichter-Frage-111-gif.png;"Spezifische Fragen See;2017-06-01";https://www.bootsfuehrerscheinpruefung.de/sbfsee/pruefungsboegen/07
07;11;115;Lichterführung & Signalkörper;Welches Fahrzeug muss diese Lichter führen?;;Ein manövrierbehindertes Fahrzeug, das baggert oder Unterwasserarbeiten ausführt und dabei die Schifffahrt behindert.;Ein vor Anker liegendes Fahrzeug von 100 und mehr Meter Länge.;Ein fischender Trawler (Fischereifahrzeug) mit Fahrt durchs Wasser von 50 und mehr Meter Länge.;Ein Grundsitzer von 200 und mehr Meter Länge.;B;Ein vor Anker liegendes Fahrzeug von 100 und mehr Meter Länge.;bilder/spezifische_fragen_see_Lichter-Frage-115-gif.png;https://www.bootsfuehrerscheinpruefung.de/images/sbfsee/katalog/spezifische_fragen_see_Lichter-Frage-115-gif.png;"Spezifische Fragen See;2017-06-01";https://www.bootsfuehrerscheinpruefung.de/sbfsee/pruefungsboegen/07
07;12;117;Signale;Sie hören bei verminderter Sicht mindestens alle zwei Minuten zwei aufeinander folgende lange Töne mit der Pfeife. Welches Fahrzeug gibt dieses Signal?;;Ein geschlepptes Fahrzeug oder das letzte bemannte Fahrzeug eines Schleppverbandes in Fahrt.;Ein Fahrzeug mit gefährlicher Ladung vor Anker von weniger als 100 m Länge.;Ein Maschinenfahrzeug in Fahrt, das seine Maschine gestoppt hat und keine Fahrt durchs Wasser macht.;Ein vor Anker liegendes Fahrzeug von 100 und mehr Meter Länge.;C;Ein Maschinenfahrzeug in Fahrt, das seine Maschine gestoppt hat und keine Fahrt durchs Wasser macht.;bilder/spezifische_fragen_see_Schallsignal-122-gif.png;https://www.bootsfuehrerscheinpruefung.de/images/sbfsee/katalog/spezifische_fragen_see_Schallsignal-122-gif.png;"Spezifische Fragen See;2017-06-01";https://www.bootsfuehrerscheinpruefung.de/sbfsee/pruefungsboegen/07
07;13;125;Sicherheit;Woran kann man feststellen, ob die Möglichkeit der Gefahr eines Zusammenstoßes besteht?;;Wenn sich der Abstand zum anderen Fahrzeug verringert und sich die Kompasspeilung ändert.;Wenn sich der Abstand zum anderen Fahrzeug verringert und sich der Kurs ändert.;Wenn sich der Abstand zum anderen Fahrzeug verringert und sich die Peilung nicht oder nicht merklich ändert.;Wenn sich der Abstand zum anderen Fahrzeug verringert und sich der Kurs nicht oder nicht merklich ändert.;C;Wenn sich der Abstand zum anderen Fahrzeug verringert und sich die Peilung nicht oder nicht merklich ändert.;;;"Spezifische Fragen See;2017-06-01";https://www.bootsfuehrerscheinpruefung.de/sbfsee/pruefungsboegen/07
07;14;131;Verkehrsvorschriften;Wie hat sich ein Maschinenfahrzeug im freien Seeraum oder außerhalb des Fahrwassers gegenüber einem in Sicht befindlichen fischenden Fahrzeug zu verhalten, wenn die Möglichkeit der Gefahr eines Zusammenstoßes besteht?;;Das Maschinenfahrzeug muss vorsichtig manövrieren, bis die Gefahr vorüber ist.;Das Maschinenfahrzeug muss Kurs und Geschwindigkeit beibehalten.;Das Maschinenfahrzeug muss ausweichen.;Das Maschinenfahrzeug muss seinen Kurs nach Steuerbord ändern.;C;Das Maschinenfahrzeug muss ausweichen.;;;"Spezifische Fragen See;2017-06-01";https://www.bootsfuehrerscheinpruefung.de/sbfsee/pruefungsboegen/07
07;15;134;Lichterführung & Signalkörper;Wie muss man sich gegenüber diesem Fahrzeug verhalten?;;Die sichere Durchfahrt des Fahrzeugs darf nicht behindert werden.;Das Fahrzeug muss an Steuerbord passiert werden.;Sog und Wellenschlag vermeiden.;Kurs und Geschwindigkeit beibehalten.;A;Die sichere Durchfahrt des Fahrzeugs darf nicht behindert werden.;bilder/spezifische_fragen_see_Fahrzeug-Frage-134-gif.png;https://www.bootsfuehrerscheinpruefung.de/images/sbfsee/katalog/spezifische_fragen_see_Fahrzeug-Frage-134-gif.png;"Spezifische Fragen See;2017-06-01";https://www.bootsfuehrerscheinpruefung.de/sbfsee/pruefungsboegen/07
07;16;145;Verkehrsvorschriften;Wie hat sich ein Maschinenfahrzeug bei Kollisionsgefahr in einem Einbahnweg eines Verkehrstrennungsgebietes gegenüber einem Maschinenfahrzeug zu verhalten, das den Einbahnweg von Steuerbord kommend quert?;;Es muss dem anderen Fahrzeug ausweichen.;Es muss das Manöver des letzten Augenblicks durchführen.;Es darf die sichere Durchfahrt des Maschinenfahrzeugs nicht behindern.;Dem querenden Fahrzeug hat es besondere Aufmerksamkeit zu widmen.;A;Es muss dem anderen Fahrzeug ausweichen.;;;"Spezifische Fragen See;2017-06-01";https://www.bootsfuehrerscheinpruefung.de/sbfsee/pruefungsboegen/07
07;17;157;Schifffahrtszeichen;Welches ist - außer in Wattgebieten - die Steuerbordseite eines Fahrwassers?;;Es ist die Seite, auf der die Tonnen mit fortlaufenden geraden Zahlen gekennzeichnet sind.;Es ist die Seite, die ein von See kommendes Schiff an seiner Backbordseite hat.;Es ist die Seite, die von See kommend mit roten Tonnen bezeichnet ist.;Es ist die Seite, die ein von See kommendes Schiff an seiner Steuerbordseite hat.;D;Es ist die Seite, die ein von See kommendes Schiff an seiner Steuerbordseite hat.;;;"Spezifische Fragen See;2017-06-01";https://www.bootsfuehrerscheinpruefung.de/sbfsee/pruefungsboegen/07
07;18;162;Signale;Welche Bedeutung hat folgendes Schallsignal:;;Brücke/Schleuse kann vorübergehend nicht geöffnet werden.;"Allgemeines ""Gefahr- und Warnsignal"".";Sperrung der Seeschifffahrtsstraße.;Sofort anhalten (Fahrzeug des öffentlichen Dienstes).;B;"Allgemeines ""Gefahr- und Warnsignal"".";bilder/spezifische_fragen_see_Schallsignal-Frage-162-gif.png;https://www.bootsfuehrerscheinpruefung.de/images/sbfsee/katalog/spezifische_fragen_see_Schallsignal-Frage-162-gif.png;"Spezifische Fragen See;2017-06-01";https://www.bootsfuehrerscheinpruefung.de/sbfsee/pruefungsboegen/07
07;19;172;Vorschriften & Gesetze;Was ist zu unternehmen, um die Schifffahrt zu warnen, wenn das eigene Fahrzeug gesunken ist und ein Schifffahrtshindernis darstellt?;;Man gibt ein Seenotsignal ab.;Man informiert das Bundesamt für Seeschifffahrt und Hydrographie und gibt nach Möglichkeit die Position an.;Man informiert die Deutsche Gesellschaft zur Rettung Schiffbrüchiger, damit das Hindernis gekennzeichnet werden kann.;Man informiert die Schifffahrtspolizeibehörde und gibt nach Möglichkeit die Position an.;D;Man informiert die Schifffahrtspolizeibehörde und gibt nach Möglichkeit die Position an.;;;"Spezifische Fragen See;2017-06-01";https://www.bootsfuehrerscheinpruefung.de/sbfsee/pruefungsboegen/07
07;20;175;Signale;Was bedeuten im Nord-Ostsee-Kanal an einem Weichensignalmast drei unterbrochene rote Lichter übereinander und was ist zu beachten?;;"Schutzbedürftige Anlage; Geschwindigkeit reduzieren, Sog und Wellenschlag vermeiden.";"Dauernde Sperrung der Seeschifffahrtsstraße; Weiterfahrt verboten.";"Dauernde Sperrung einer Teilstrecke der Seeschifffahrtsstraße; Weiterfahrt in der Teilstrecke verboten.";"Ausfahren für alle Fahrzeuge verboten; Aufhebung des Signals abwarten.";D;"Ausfahren für alle Fahrzeuge verboten; Aufhebung des Signals abwarten.";;;"Spezifische Fragen See;2017-06-01";https://www.bootsfuehrerscheinpruefung.de/sbfsee/pruefungsboegen/07
07;21;184;Schifffahrtszeichen;Welche Bedeutung haben folgende Schifffahrtszeichen?;;Sperrgebiet wegen Aquakulturen und Muschelzuchtanlagen.;Sperrgebiet.;Sperrgebiet und Badezone.;Schießgebiet.;B;Sperrgebiet.;"bilder/spezifische_fragen_see_Gebotszeichen-A17ba-gif.png;bilder/spezifische_fragen_see_Gebotszeichen-A17bb-gif.png;bilder/spezifische_fragen_see_Gebotszeichen-A17bc-gif.png";"https://www.bootsfuehrerscheinpruefung.de/images/sbfsee/katalog/spezifische_fragen_see_Gebotszeichen-A17ba-gif.png;https://www.bootsfuehrerscheinpruefung.de/images/sbfsee/katalog/spezifische_fragen_see_Gebotszeichen-A17bb-gif.png;https://www.bootsfuehrerscheinpruefung.de/images/sbfsee/katalog/spezifische_fragen_see_Gebotszeichen-A17bc-gif.png";"Spezifische Fragen See;2017-06-01";https://www.bootsfuehrerscheinpruefung.de/sbfsee/pruefungsboegen/07
07;22;191;Schifffahrtszeichen;Welche Bedeutung hat folgendes Schifffahrtszeichen?;;Die Backbordseite des Fahrwassers.;Die Kennzeichnung von Hindernissen.;Die Steuerbordseite des Fahrwassers.;Die Mitte eines Schifffahrtsweges.;C;Die Steuerbordseite des Fahrwassers.;bilder/spezifische_fragen_see_Schifffahrtszeichen-Frage-191-gif.png;https://www.bootsfuehrerscheinpruefung.de/images/sbfsee/katalog/spezifische_fragen_see_Schifffahrtszeichen-Frage-191-gif.png;"Spezifische Fragen See;2017-06-01";https://www.bootsfuehrerscheinpruefung.de/sbfsee/pruefungsboegen/07
07;23;202;Schifffahrtszeichen;Welche Bedeutung hat folgendes Schifffahrtszeichen?;;Kennzeichnung einer allgemeinen Gefahrenstelle, Ostquadrant.;Kennzeichnung einer allgemeinen Gefahrenstelle, Nordquadrant.;Kennzeichnung einer allgemeinen Gefahrenstelle, Westquadrant.;Kennzeichnung einer allgemeinen Gefahrenstelle, Südquadrant.;D;Kennzeichnung einer allgemeinen Gefahrenstelle, Südquadrant.;bilder/spezifische_fragen_see_Warnzeichen-B15c-gif.png;https://www.bootsfuehrerscheinpruefung.de/images/sbfsee/katalog/spezifische_fragen_see_Warnzeichen-B15c-gif.png;"Spezifische Fragen See;2017-06-01";https://www.bootsfuehrerscheinpruefung.de/sbfsee/pruefungsboegen/07
07;24;213;Schifffahrtszeichen;Was versteht man unter einem Quermarkenfeuer?;;Sektorenfeuer, das auf eine Kursänderung im Fahrwasser hinweist.;Sektorenfeuer, das ein Fahrwasser bezeichnet.;Ober- und Unterfeuer mit unterschiedlichen Farbsektoren.;Ober- und Unterfeuer, die in Deckung zu bringen sind.;A;Sektorenfeuer, das auf eine Kursänderung im Fahrwasser hinweist.;;;"Spezifische Fragen See;2017-06-01";https://www.bootsfuehrerscheinpruefung.de/sbfsee/pruefungsboegen/07
07;25;216;Umwelt- & Naturschutz;Wo findet man die Grenzen der Naturschutzgebiete auf See?;;Im Bundesnaturschutzgesetz.;In den Kollisionsverhütungsregeln.;In Seekarten und Sportschifffahrtskarten des Bundesamtes für Seeschifffahrt und Hydrographie.;In der Seeschifffahrtsstraßen-Ordnung.;C;In Seekarten und Sportschifffahrtskarten des Bundesamtes für Seeschifffahrt und Hydrographie.;;;"Spezifische Fragen See;2017-06-01";https://www.bootsfuehrerscheinpruefung.de/sbfsee/pruefungsboegen/07
07;26;229;Umwelt- & Naturschutz;Wie hoch, soweit die Nordsee-Befahrens-Verordnung (NordSBefV) nicht ausdrücklich etwas anderes bestimmt, ist die maximale Geschwindigkeit, die ein Maschinenfahrzeug in Nationalparken im Bereich der Nordsee fahren darf?;;10 Knoten Fahrt über Grund.;12 Knoten über Grund.;12 Knoten Fahrt durchs Wasser.;10 Knoten Fahrt durchs Wasser.;B;12 Knoten über Grund.;;;"Spezifische Fragen See;August-2023";https://www.bootsfuehrerscheinpruefung.de/sbfsee/pruefungsboegen/07
07;27;235;Navigation;Wovon sollte man sich vor Gebrauch einer Seekarte überzeugen?;;Dass die Nummerierung mit dem Katalog übereinstimmt.;Dass die obere Kante in Nordrichtung weist.;Dass die Karte auf den neuesten Stand berichtigt ist.;Dass die Seekarte auf mittleres Tidehochwasser bezogen ist.;C;Dass die Karte auf den neuesten Stand berichtigt ist.;;;"Spezifische Fragen See;2017-06-01";https://www.bootsfuehrerscheinpruefung.de/sbfsee/pruefungsboegen/07
07;28;249;Wetter;Was versteht man unter Ebbe?;;Der niedrigste Wasserstand einer Tide.;Den Zeitraum vom Hochwasser zum folgenden Niedrigwasser.;Die Differenz zwischen Hoch- und Niedrigwasser.;Das Fallen des Wassers vom Hochwasser zum folgenden Niedrigwasser.;D;Das Fallen des Wassers vom Hochwasser zum folgenden Niedrigwasser.;;;"Spezifische Fragen See;2017-06-01";https://www.bootsfuehrerscheinpruefung.de/sbfsee/pruefungsboegen/07
07;29;261;Wetter;Welche Angaben liefert die Beaufort-Skala?;;Den Tidenhub an der Küste bei Vollmond und bei Neumond.;Windstärken von 0 bis 12 und die Auswirkungen auf die See.;Die Wellenhöhe und die Windgeschwindigkeit bei Sturmstärke.;Windstärken von 0 bis 12 und die Auswirkungen auf die Küste.;B;Windstärken von 0 bis 12 und die Auswirkungen auf die See.;;;"Spezifische Fragen See;2017-06-01";https://www.bootsfuehrerscheinpruefung.de/sbfsee/pruefungsboegen/07
07;30;274;Sicherheit;Welche Sicherheitsmaßnahmen sind an Bord aufgrund der seemännischen Sorgfaltspflicht neben den in den Kollisionsverhütungsregeln vorgeschriebenen Verhaltensmaßregeln bei verminderter Sicht zu treffen?;;Insbesondere alle Navigationsanlagen sorgfältig gebrauchen, die Sichtbarkeit des eigenen Fahrzeugs erhöhen (z. B. Radarreflektor, AIS) und die Verkehrszentrale ständig über Kurs und Geschwindigkeit informieren.;Insbesondere alle Navigationsanlagen sorgfältig gebrauchen, die Sichtbarkeit des eigenen Fahrzeugs erhöhen (z. B. Radarreflektor, AIS) und in einem Revier mit Landradarberatung die Radarberatung über UKW-Sprechfunk mithören.;Insbesondere alle technischen Anlagen, z. B. Radar, Echolot, AIS, Selbststeueranlage, einschalten und die Verkehrszentrale ständig über Kurs und Geschwindigkeit informieren.;Insbesondere alle technischen Anlagen, z. B. Radar, AIS, Echolot, Selbststeueranlage einschalten und in einem Revier mit Landradarberatung die Radarberatung über UKW-Sprechfunk anfordern.;B;Insbesondere alle Navigationsanlagen sorgfältig gebrauchen, die Sichtbarkeit des eigenen Fahrzeugs erhöhen (z. B. Radarreflektor, AIS) und in einem Revier mit Landradarberatung die Radarberatung über UKW-Sprechfunk mithören.;;;"Spezifische Fragen See;August-2023";https://www.bootsfuehrerscheinpruefung.de/sbfsee/pruefungsboegen/07
08;1;1;Vorschriften & Gesetze;Was ist zu tun, wenn vor Antritt der Fahrt nicht feststeht, wer Schiffsführer ist?;;Der verantwortliche Schiffsführer muss bestimmt werden.;Ein Inhaber eines Sportbootführerscheins muss die Verantwortung übernehmen.;Der verantwortliche Schiffsführer muss gewählt werden.;Ein Inhaber eines Sportbootführerscheins muss die Fahrzeugführung übernehmen.;A;Der verantwortliche Schiffsführer muss bestimmt werden.;;;"Basisfragen;2017-06-01";https://www.bootsfuehrerscheinpruefung.de/sbfsee/pruefungsboegen/08
08;2;26;Schifffahrtszeichen;Welche Bedeutung hat folgendes Tafelzeichen?;;Queren des Fahrwassers ist gestattet.;Streckenabschnitt für eine nicht frei fahrende Fähre.;Wechseln der Fahrwasserseite ist gestattet.;Ende einer Gebots- oder Verbotsstrecke.;D;Ende einer Gebots- oder Verbotsstrecke.;bilder/basisfragen_Hinweiszeichen-E11-gif.png;https://www.bootsfuehrerscheinpruefung.de/images/sbfsee/katalog/basisfragen_Hinweiszeichen-E11-gif.png;"Basisfragen;2017-06-01;Schilder und Sichtzeichen";https://www.bootsfuehrerscheinpruefung.de/sbfsee/pruefungsboegen/08
08;3;35;Sicherheit;Warum soll man möglichst gegen Strom und Wind anlegen?;;Weil sich das Fahrzeug dabei sicherer manövrieren lässt.;Weil dies die Steuerwirkung der Schraube erhöht.;Weil dadurch Einflüsse von Wellen und Wassertiefe ausgeglichen werden.;Weil dadurch Sog und Wellenschlag vermieden wird.;A;Weil sich das Fahrzeug dabei sicherer manövrieren lässt.;;;"Basisfragen;2017-06-01";https://www.bootsfuehrerscheinpruefung.de/sbfsee/pruefungsboegen/08
08;4;42;Grundlagen;Was bewirkt der Quickstopp?;;Automatisches Anlassen des Motors.;Kurze Unterbrechung des Motorlaufs.;Automatische Schubumkehr.;Unterbrechung von Zündkontakt bzw. Kraftstoffzufuhr.;D;Unterbrechung von Zündkontakt bzw. Kraftstoffzufuhr.;;;"Basisfragen;2017-06-01";https://www.bootsfuehrerscheinpruefung.de/sbfsee/pruefungsboegen/08
08;5;55;Grundlagen;Die Ölkontrollleuchte leuchtet nach dem Starten weiter. Was könnte die mögliche Ursache sein?;;Druckschalter bzw. Öldruckpumpe defekt.;Zu viel Motoröl im Motor.;Zu hohe Motordrehzahl.;FI-Schalter defekt.;A;Druckschalter bzw. Öldruckpumpe defekt.;;;"Basisfragen;2017-06-01";https://www.bootsfuehrerscheinpruefung.de/sbfsee/pruefungsboegen/08
08;6;64;Sicherheit;Was ist zu tun, wenn Flüssiggas in das Innere des Bootes gelangt?;;Gasleitung entleeren und die Gasfreiheit mit dem Feuerzeug prüfen sowie über Funk oder Mobiltelefon Hilfe anfordern.;Gaszuführung absperren und für Lüftung sorgen. Außerdem keine elektrischen Schalter betätigen und per Telefon Hilfe holen.;Gaszuführung absperren und für Lüftung sorgen. Außerdem keine elektrischen Schalter betätigen und keinen Funk und keine Mobiltelefone benutzen.;Gasleitung entleeren und für Lüftung sorgen. Außerdem keine elektrischen Schalter betätigen und keine Telefone benutzen.;C;Gaszuführung absperren und für Lüftung sorgen. Außerdem keine elektrischen Schalter betätigen und keinen Funk und keine Mobiltelefone benutzen.;;;"Basisfragen;2017-06-01";https://www.bootsfuehrerscheinpruefung.de/sbfsee/pruefungsboegen/08
08;7;70;Vorschriften & Gesetze;Wie hat man sich nach einem Zusammenstoß zu verhalten?;;"Hilfe leisten und so lange am Unfallort bleiben, bis ein weiterer Beistand nicht mehr erforderlich ist; die Wasserschutzpolizei benachrichtigen.";"Hilfe leisten und so lange am Unfallort bleiben, bis ein weiterer Beistand nicht mehr erforderlich ist; Notsignal geben.";"Hilfe leisten und so lange am Unfallort bleiben, bis ein weiterer Beistand nicht mehr erforderlich ist; alle erforderlichen Daten austauschen.";"Hilfe leisten und so lange am Unfallort bleiben, bis ein weiterer Beistand nicht mehr erforderlich ist; Verschlusszustand herstellen.";C;"Hilfe leisten und so lange am Unfallort bleiben, bis ein weiterer Beistand nicht mehr erforderlich ist; alle erforderlichen Daten austauschen.";;;"Basisfragen;2017-06-01";https://www.bootsfuehrerscheinpruefung.de/sbfsee/pruefungsboegen/08
08;8;80;Vorschriften & Gesetze;"Wann ist das ""Manöver des letzten Augenblicks"" durchzuführen?";;Es muss durchgeführt werden, wenn ein Zusammenstoß durch Manöver des Kurshalters allein nicht mehr vermieden werden kann.;Es muss kurz vor der Kollision durchgeführt werden, wenn sonst ein Zusammenstoß durch Manöver des Kurshalters allein nicht mehr vermieden werden kann.;Es muss durchgeführt werden, wenn ein Zusammenstoß durch Manöver des Ausweichpflichtigen allein nicht mehr vermieden werden kann.;Es muss im letzten Augenblick von jedem durchgeführt werden, wenn ein Zusammenstoß sonst nicht mehr vermieden werden kann.;C;Es muss durchgeführt werden, wenn ein Zusammenstoß durch Manöver des Ausweichpflichtigen allein nicht mehr vermieden werden kann.;;;"Spezifische Fragen See;2017-06-01";https://www.bootsfuehrerscheinpruefung.de/sbfsee/pruefungsboegen/08
08;9;82;Vorschriften & Gesetze;Wann ist ein Fahrzeug manövrierunfähig?;;Wenn es wegen seines Tiefgangs im Verhältnis zu der vorhandenen Tiefe und Breite des befahrbaren Gewässers erheblich behindert ist, von seinem zu verfolgenden Kurs abzuweichen.;Wenn es wegen der Art seines Einsatzes behindert ist und deshalb nicht so wie vorgeschrieben manövrieren und daher einem anderen Fahrzeug nicht ausweichen kann.;Wenn es mit Netzen, Leinen, Schleppnetzen oder anderen Fanggeräten fischt, welche die Manövrierfähigkeit einschränken.;Wenn es wegen außergewöhnlicher Umstände, z. B. Ausfall der Ruder- oder Maschinenanlage, nicht so wie vorgeschrieben manövrieren und daher einem anderen Fahrzeug nicht ausweichen kann.;D;Wenn es wegen außergewöhnlicher Umstände, z. B. Ausfall der Ruder- oder Maschinenanlage, nicht so wie vorgeschrieben manövrieren und daher einem anderen Fahrzeug nicht ausweichen kann.;;;"Spezifische Fragen See;2017-06-01";https://www.bootsfuehrerscheinpruefung.de/sbfsee/pruefungsboegen/08
08;10;95;Lichterführung & Signalkörper;Welche Lichter führen geschleppte Fahrzeuge?;;Seitenlichter rot und grün und ein weißes Rundumlicht.;Seitenlichter rot und grün und zwei rote Rundumlichter senkrecht übereinander.;Seitenlichter rot und grün und ein rotes Rundumlicht senkrecht über einem weißen Rundumlicht.;Seitenlichter rot und grün und ein weißes Hecklicht.;D;Seitenlichter rot und grün und ein weißes Hecklicht.;;;"Spezifische Fragen See;2017-06-01";https://www.bootsfuehrerscheinpruefung.de/sbfsee/pruefungsboegen/08
08;11;107;Lichterführung & Signalkörper;Welches Fahrzeug führt diese Lichter?;;Ein manövrierunfähiges Fahrzeug in Fahrt.;Ein Grundsitzer von 50 und mehr Meter Länge.;Ein Grundsitzer von weniger als 50 m Länge.;Ein manövrierbehindertes Fahrzeug.;B;Ein Grundsitzer von 50 und mehr Meter Länge.;bilder/spezifische_fragen_see_Lichter-Frage-107-gif.png;https://www.bootsfuehrerscheinpruefung.de/images/sbfsee/katalog/spezifische_fragen_see_Lichter-Frage-107-gif.png;"Spezifische Fragen See;2017-06-01";https://www.bootsfuehrerscheinpruefung.de/sbfsee/pruefungsboegen/08
08;12;116;Signale;Sie hören bei verminderter Sicht mindestens alle zwei Minuten einen langen Ton mit der Pfeife. Welches Fahrzeug gibt dieses Signal?;;Ein Fahrzeug mit gefährlicher Ladung vor Anker von weniger als 100 m Länge.;Ein Maschinenfahrzeug, das Fahrt durchs Wasser macht.;Ein vor Anker liegendes Fahrzeug von 100 und mehr Meter Länge.;Ein geschlepptes Fahrzeug oder das letzte bemannte Fahrzeug eines Schleppverbandes in Fahrt.;B;Ein Maschinenfahrzeug, das Fahrt durchs Wasser macht.;bilder/spezifische_fragen_see_Schallsignal-11-gif.png;https://www.bootsfuehrerscheinpruefung.de/images/sbfsee/katalog/spezifische_fragen_see_Schallsignal-11-gif.png;"Spezifische Fragen See;2017-06-01";https://www.bootsfuehrerscheinpruefung.de/sbfsee/pruefungsboegen/08
08;13;129;Verkehrsvorschriften;Wie hat sich ein Maschinenfahrzeug im freien Seeraum oder außerhalb des Fahrwassers gegenüber einem in Sicht befindlichen manövrierunfähigen Fahrzeug zu verhalten, wenn die Möglichkeit der Gefahr eines Zusammenstoßes besteht?;;Das Maschinenfahrzeug muss ausweichen.;Das Maschinenfahrzeug muss seine Fahrt verringern.;Das Maschinenfahrzeug muss seinen Kurs nach Steuerbord ändern.;Das Maschinenfahrzeug muss Kurs und Geschwindigkeit beibehalten.;A;Das Maschinenfahrzeug muss ausweichen.;;;"Spezifische Fragen See;2017-06-01";https://www.bootsfuehrerscheinpruefung.de/sbfsee/pruefungsboegen/08
08;14;138;Signale;Wie hat man sich zu verhalten, wenn man bei verminderter Sicht anscheinend vorlicher als querab das Schallsignal eines anderen Fahrzeugs hört?;;Es sind mindestens fünf kurze Töne mit der Pfeife abzugeben und das Manöver des letzten Augenblicks durchzuführen. Dabei ist so zu manövrieren, wie es zur Vermeidung eines Zusammenstoßes am dienlichsten ist.;Es ist ebenfalls ein Schallsignal abzugeben. Kurs und Geschwindigkeit sind so lange beizubehalten, bis das andere Fahrzeug in Sicht kommt. Dann ist die Ausweichsituation nach KVR zu prüfen und man muss sich entsprechend verhalten.;Es ist ebenfalls ein Schallsignal abzugeben und frühzeitig, durchgreifend und klar erkennbar auszuweichen.;Es ist ebenfalls ein Schallsignal abzugeben und die Fahrt soweit zu verlangsamen, dass die Steuerfähigkeit noch erhalten bleibt. Erforderlichenfalls ist ganz aufzustoppen. In jedem Fall ist vorsichtig zu manövrieren, bis die Gefahr eines Zusammenstoßes vorüber ist.;D;Es ist ebenfalls ein Schallsignal abzugeben und die Fahrt soweit zu verlangsamen, dass die Steuerfähigkeit noch erhalten bleibt. Erforderlichenfalls ist ganz aufzustoppen. In jedem Fall ist vorsichtig zu manövrieren, bis die Gefahr eines Zusammenstoßes vorüber ist.;;;"Spezifische Fragen See;2017-06-01";https://www.bootsfuehrerscheinpruefung.de/sbfsee/pruefungsboegen/08
08;15;142;Verkehrsvorschriften;Was ist bei der Benutzung eines Verkehrstrennungsgebietes zu beachten?;;Auf dem entsprechenden Einbahnweg in Verkehrsrichtung links von der Trennzone fahren, so nah wie möglich an der Trennzone/Trennlinie fahren, in der Regel an den Enden des Einbahnweges ein- oder auslaufen, seitliches Ein- oder Auslaufen in möglichst rechtem Winkel zur allgemeinen Verkehrsrichtung.;Auf dem entsprechenden Einbahnweg in der allgemeinen Verkehrsrichtung fahren, soweit wie möglich von der Trennzone/Trennlinie klar halten, in der Regel an den Enden des Einbahnweges ein- oder auslaufen, seitliches Ein- oder Auslaufen in möglichst kleinem Winkel zur allgemeinen Verkehrsrichtung.;Die Benutzung von Verkehrstrennungsgebieten ist für Segelfahrzeuge sowie für Maschinenfahrzeuge unter 20 m Länge nicht gestattet. Diese Fahrzeuge haben sich soweit wie möglich von Verkehrstrennungsgebieten klar zu halten und müssen durch ihren Kurs klar zu erkennen geben, dass sie ein Verkehrstrennungsgebiet nicht benutzen.;Auf den entsprechenden Einbahnwegen in der allgemeinen Verkehrsrichtung fahrende Fahrzeuge müssen sich soweit wie möglich von der Trennzone/Trennlinie klar halten und haben Vorfahrt gegenüber allen Fahrzeugen, die in ein Verkehrstrennungsgebiet einlaufen oder ein solches queren.;B;Auf dem entsprechenden Einbahnweg in der allgemeinen Verkehrsrichtung fahren, soweit wie möglich von der Trennzone/Trennlinie klar halten, in der Regel an den Enden des Einbahnweges ein- oder auslaufen, seitliches Ein- oder Auslaufen in möglichst kleinem Winkel zur allgemeinen Verkehrsrichtung.;;;"Spezifische Fragen See;2017-06-01";https://www.bootsfuehrerscheinpruefung.de/sbfsee/pruefungsboegen/08
08;16;147;Verkehrsvorschriften;Wie haben sich Fahrzeuge von weniger als 20 m Länge oder Segelfahrzeuge in Verkehrstrennungsgebieten zu verhalten?;;Sie gelten als Kleinfahrzeuge und dürfen Verkehrstrennungsgebiete nur am Tage und bei guter Sicht befahren.;Sie gelten als Kleinfahrzeuge und dürfen Verkehrstrennungsgebiete nicht befahren.;Sie dürfen die sichere Durchfahrt eines dem Einbahnweg folgenden Maschinenfahrzeugs nicht behindern.;Sie dürfen die Trennzone befahren, damit der durchgehende Verkehr nicht behindert wird.;C;Sie dürfen die sichere Durchfahrt eines dem Einbahnweg folgenden Maschinenfahrzeugs nicht behindern.;;;"Spezifische Fragen See;2017-06-01";https://www.bootsfuehrerscheinpruefung.de/sbfsee/pruefungsboegen/08
08;17;154;Lichterführung & Signalkörper;Was ist das für ein Fahrzeug und was ist zu beachten?;;Lotsenfahrzeug mit Sonderrechten im Einsatz. Es darf vom Rechtsfahrgebot abweichen.;Tiefgangbehindertes Fahrzeug. Es darf nicht behindert werden.;Fahrzeug der Bundesmarine im Einsatz. Es hat Munition oder andere Gefahrgüter an Bord.;Fahrzeug des öffentlichen Dienstes im Einsatz. Es darf von den Verkehrsvorschriften abweichen.;D;Fahrzeug des öffentlichen Dienstes im Einsatz. Es darf von den Verkehrsvorschriften abweichen.;bilder/spezifische_fragen_see_Fahrzeug-Frage-154-gif.png;https://www.bootsfuehrerscheinpruefung.de/images/sbfsee/katalog/spezifische_fragen_see_Fahrzeug-Frage-154-gif.png;"Spezifische Fragen See;2017-06-01";https://www.bootsfuehrerscheinpruefung.de/sbfsee/pruefungsboegen/08
08;18;167;Verkehrsvorschriften;Welche Ausweichregeln gelten außerhalb des Fahrwassers?;;Die Regeln der Binnenschifffahrtsstraßen-Ordnung.;Die Regeln der KVR.;Die Regeln der Seeschifffahrtsstraßen-Ordnung.;Die Regeln der Schifffahrtsordnung Emsmündung.;B;Die Regeln der KVR.;;;"Spezifische Fragen See;2017-06-01";https://www.bootsfuehrerscheinpruefung.de/sbfsee/pruefungsboegen/08
08;19;173;Schifffahrtszeichen;Bei welchem Signal dürfen Sportfahrzeuge in die Schleusen des Nord-Ostsee-Kanals einfahren?;;Wenn ein weißes Funkellicht gezeigt wird.;Wenn zwei grüne Lichter nebeneinander gezeigt werden.;Wenn ein grünes Gleichtaktlicht gezeigt wird.;Wenn ein weißes unterbrochenes Licht gezeigt wird.;D;Wenn ein weißes unterbrochenes Licht gezeigt wird.;;;"Spezifische Fragen See;2017-06-01;Schilder und Sichtzeichen";https://www.bootsfuehrerscheinpruefung.de/sbfsee/pruefungsboegen/08
08;20;180;Schifffahrtszeichen;Welche Bedeutung hat folgendes Schifffahrtszeichen?;;Einzelgefahrenstelle, erkennbar an ihrer Farbgebung, die an allen Seiten mit einer maximalen Geschwindigkeit von 4,3 Knoten passiert werden kann.;Höchstgeschwindigkeit von 4,3 Knoten Fahrt durch das Wasser, die innerhalb von 500 m von der jeweiligen Uferlinie wegen Badebetriebs nicht überschritten werden darf.;Gesperrt für alle Maschinenfahrzeuge und Wassermotorräder wegen Badebetriebs.;Kennzeichnung besonderer Gebiete und Stellen, z. B. Warngebiet.;C;Gesperrt für alle Maschinenfahrzeuge und Wassermotorräder wegen Badebetriebs.;bilder/spezifische_fragen_see_Gebotszeichen-A17aa-gif.png;https://www.bootsfuehrerscheinpruefung.de/images/sbfsee/katalog/spezifische_fragen_see_Gebotszeichen-A17aa-gif.png;"Spezifische Fragen See;2017-06-01";https://www.bootsfuehrerscheinpruefung.de/sbfsee/pruefungsboegen/08
08;21;190;Schifffahrtszeichen;Welche Bedeutung hat folgende Tonne?;;Kennzeichnung der Backbordseite eines Fahrwassers.;Kennzeichnung einer Reede.;Kennzeichnung von Einzelgefahrenstellen.;Kennzeichnung der Mitte von Schifffahrtswegen.;D;Kennzeichnung der Mitte von Schifffahrtswegen.;bilder/spezifische_fragen_see_Tonne-Frage-190-gif.png;https://www.bootsfuehrerscheinpruefung.de/images/sbfsee/katalog/spezifische_fragen_see_Tonne-Frage-190-gif.png;"Spezifische Fragen See;2017-06-01";https://www.bootsfuehrerscheinpruefung.de/sbfsee/pruefungsboegen/08
08;22;192;Schifffahrtszeichen;Welche Bedeutung hat folgendes Schifffahrtszeichen?;;Die Mitte eines Wattfahrwassers.;Die Steuerbordseite des Fahrwassers.;Die Backbordseite des Fahrwassers.;Die Kennzeichnung eines Hindernisses im Wattfahrwasser.;C;Die Backbordseite des Fahrwassers.;bilder/spezifische_fragen_see_Schifffahrtszeichen-Frage-192-gif.png;https://www.bootsfuehrerscheinpruefung.de/images/sbfsee/katalog/spezifische_fragen_see_Schifffahrtszeichen-Frage-192-gif.png;"Spezifische Fragen See;2017-06-01";https://www.bootsfuehrerscheinpruefung.de/sbfsee/pruefungsboegen/08
08;23;201;Schifffahrtszeichen;Welche Bedeutung hat folgendes Schifffahrtszeichen?;;Kennzeichnung einer allgemeinen Gefahrenstelle, Nordquadrant.;Kennzeichnung einer allgemeinen Gefahrenstelle, Westquadrant.;Kennzeichnung einer allgemeinen Gefahrenstelle, Südquadrant.;Kennzeichnung einer allgemeinen Gefahrenstelle, Ostquadrant.;D;Kennzeichnung einer allgemeinen Gefahrenstelle, Ostquadrant.;bilder/spezifische_fragen_see_Warnzeichen-B15b-gif.png;https://www.bootsfuehrerscheinpruefung.de/images/sbfsee/katalog/spezifische_fragen_see_Warnzeichen-B15b-gif.png;"Spezifische Fragen See;2017-06-01";https://www.bootsfuehrerscheinpruefung.de/sbfsee/pruefungsboegen/08
08;24;210;Schifffahrtszeichen;Was versteht man unter einem Leitfeuer?;;Ober- und Unterfeuer, die in Deckung zu bringen sind.;Sektorenfeuer, das ein Fahrwasser bezeichnet.;Sektorenfeuer, das auf eine Kursänderung im Fahrwasser hinweist.;Ober- und Unterfeuer mit unterschiedlichen Farbsektoren.;B;Sektorenfeuer, das ein Fahrwasser bezeichnet.;;;"Spezifische Fragen See;2017-06-01";https://www.bootsfuehrerscheinpruefung.de/sbfsee/pruefungsboegen/08
08;25;222;Schifffahrtszeichen;Was versteht man unter einem Funkelfeuer?;;130 bis 150 aufeinanderfolgende Lichterscheinungen pro Minute.;30 bis 40 aufeinanderfolgende Lichterscheinungen pro Minute.;50 bis 60 aufeinanderfolgende Lichterscheinungen pro Minute.;100 bis 120 aufeinanderfolgende Lichterscheinungen pro Minute.;C;50 bis 60 aufeinanderfolgende Lichterscheinungen pro Minute.;;;"Spezifische Fragen See;2017-06-01";https://www.bootsfuehrerscheinpruefung.de/sbfsee/pruefungsboegen/08
08;26;231;Vorschriften & Gesetze;Welche amtlichen nautischen Veröffentlichungen geben Aufschluss über das Fahrtgebiet?;;Seekarten, Leuchtfeuerverzeichnis, Seehandbücher, Gezeitentafeln oder -kalender, Funkdienst für die Klein- und Sportschifffahrt, Nachrichten für Seefahrer (NfS), Bekanntmachungen für Seefahrer (BfS).;Seekarten, Verordnung über die Sicherung der Seefahrt, Seehandbücher, Gezeitentafeln oder -kalender, Funkdienst für die Klein- und Sportschifffahrt, Nachrichten für Seefahrer (NfS).;Seeschifffahrtsstraßen-Ordnung, Leuchtfeuerverzeichnis, Seehandbücher, Verordnung über die Sicherung der Seefahrt, Gezeitentafeln oder -kalender, Bekanntmachungen der Generaldirektion Wasserstraßen und Schifffahrt (GDWS).;Schifffahrtspolizeiliche Anordnungen, Gezeitentafeln oder Funkdienst für die Klein- und Sportschifffahrt, Nachrichten für Seefahrer (NfS), Bekanntmachungen für Seefahrer (BfS).;A;Seekarten, Leuchtfeuerverzeichnis, Seehandbücher, Gezeitentafeln oder -kalender, Funkdienst für die Klein- und Sportschifffahrt, Nachrichten für Seefahrer (NfS), Bekanntmachungen für Seefahrer (BfS).;;;"Spezifische Fragen See;August-2023";https://www.bootsfuehrerscheinpruefung.de/sbfsee/pruefungsboegen/08
08;27;241;Navigation;"Was versteht man unter dem Geschwindigkeitsbegriff ""Knoten""?";;Das sind die an einem Tag zurückgelegten Seemeilen.;Das sind die von Mittag bis Mittag zurückgelegten Seemeilen.;Das sind die in einer Stunde zurückgelegten Kilometer.;Das sind die in einer Stunde zurückgelegten Seemeilen.;D;Das sind die in einer Stunde zurückgelegten Seemeilen.;;;"Spezifische Fragen See;2017-06-01";https://www.bootsfuehrerscheinpruefung.de/sbfsee/pruefungsboegen/08
08;28;247;Navigation;Was versteht man unter einem Koppelort?;;"Schiffsort, der durch Eintragung der rechtweisenden Peilungen zweier feststehender und bekannter Objekte als Standlinien in die Seekarte ermittelt wird; ihr Schnittpunkt ist der Standort.";Schiffsort, der unter Berücksichtigung der gesteuerten Kurse und zurückgelegten Distanzen und aller vorhersehbaren Einflüsse rechnerisch und zeichnerisch ermittelt wird.;Schiffsort, der ermittelt wird durch Peilung zweier feststehender und bekannter Objekte, die in einem möglichst rechten Winkel (90 Grad) zueinander stehen.;Schiffsort, der unter Berücksichtigung der gesteuerten Kurse und zurückgelegten Distanzen infolge mehrerer Peilungen ermittelt wird.;B;Schiffsort, der unter Berücksichtigung der gesteuerten Kurse und zurückgelegten Distanzen und aller vorhersehbaren Einflüsse rechnerisch und zeichnerisch ermittelt wird.;;;"Spezifische Fragen See;2017-06-01";https://www.bootsfuehrerscheinpruefung.de/sbfsee/pruefungsboegen/08
08;29;254;Wetter;"Was versteht man unter ""Tidenhub""?";;Der Zeitraum zwischen einem Niedrigwasser und dem nächstfolgenden Hochwasser.;Der Zeitraum zwischen einem Niedrigwasser und dem nächstfolgenden Niedrigwasser.;Unterschied zwischen den Höhen zweier aufeinanderfolgender Hochwasser.;Unterschied zwischen den Höhen des Hoch- und des Niedrigwassers.;D;Unterschied zwischen den Höhen des Hoch- und des Niedrigwassers.;;;"Spezifische Fragen See;2017-06-01";https://www.bootsfuehrerscheinpruefung.de/sbfsee/pruefungsboegen/08
08;30;266;Wetter;Was zeigt die folgende Abbildung?;;Abbildung eines Tiefdruckgebietes auf der Nordhalbkugel mit Kaltfront vor der Warmfront, Angabe des Luftdrucks in hPa, Warmfront südlich, Kaltfront nördlich des Zentrums.;Abbildung eines Tiefdruckgebietes auf der Südhalbkugel mit Warmfront vor der Kaltfront, Angabe des Luftdrucks in hPa, Darstellung des Kalt- und Warmluftstroms.;Abbildung eines Tiefdruckgebietes auf der Südhalbkugel mit Kalt- und Warmfront, Isobaren mit Angabe des Luftdrucks in hPa, kalte und warme Luftströmung.;Abbildung eines Tiefdruckgebietes auf der Nordhalbkugel mit Warm- und Kaltfront, Isobaren mit Angabe des Luftdrucks in hPa, warme und kalte Luftströmung.;D;Abbildung eines Tiefdruckgebietes auf der Nordhalbkugel mit Warm- und Kaltfront, Isobaren mit Angabe des Luftdrucks in hPa, warme und kalte Luftströmung.;bilder/spezifische_fragen_see_Abbildung-Frage-266-gif.png;https://www.bootsfuehrerscheinpruefung.de/images/sbfsee/katalog/spezifische_fragen_see_Abbildung-Frage-266-gif.png;"Spezifische Fragen See;2017-06-01";https://www.bootsfuehrerscheinpruefung.de/sbfsee/pruefungsboegen/08
09;1;3;Grundlagen;Wann ist ein Fahrzeug in Fahrt?;;Wenn es weder vor Anker liegt noch an Land festgemacht ist noch Fahrt über Grund macht.;Wenn es weder auf Grund sitzt noch vor Anker liegt noch manövrierbehindert oder manövrierunfähig ist.;Wenn es weder an Land festgemacht ist noch vor Anker liegt noch Fahrt durchs Wasser macht.;Wenn es weder vor Anker liegt noch an Land festgemacht ist noch auf Grund sitzt.;D;Wenn es weder vor Anker liegt noch an Land festgemacht ist noch auf Grund sitzt.;;;"Basisfragen;2017-06-01";https://www.bootsfuehrerscheinpruefung.de/sbfsee/pruefungsboegen/09
09;2;15;Verkehrsvorschriften;Zwei Motorboote nähern sich auf kreuzenden Kursen. Es besteht die Gefahr eines Zusammenstoßes. Wer ist ausweichpflichtig?;;Es muss das leewärtige Fahrzeug dem luvwärtigen Fahrzeug ausweichen.;Es muss das luvwärtige Fahrzeug dem leewärtigen Fahrzeug ausweichen.;Dasjenige Fahrzeug muss ausweichen, welches das Andere an seiner Backbordseite hat.;Dasjenige Fahrzeug muss ausweichen, welches das Andere an seiner Steuerbordseite hat.;D;Dasjenige Fahrzeug muss ausweichen, welches das Andere an seiner Steuerbordseite hat.;;;"Basisfragen;2017-06-01";https://www.bootsfuehrerscheinpruefung.de/sbfsee/pruefungsboegen/09
09;3;27;Schifffahrtszeichen;Welche Bedeutung hat folgendes Tafelzeichen?;;Verbot der Durchfahrt, jedoch für Kleinfahrzeuge ohne Antriebsmaschine befahrbar.;Verbot der Durchfahrt, jedoch für Kleinfahrzeuge ohne laufende Antriebsmaschine befahrbar.;Verbot der Durchfahrt und Sperrung für Kleinfahrzeuge.;Verbot der Durchfahrt und Sperrung der Schifffahrt.;D;Verbot der Durchfahrt und Sperrung der Schifffahrt.;bilder/basisfragen_Verbotszeichen-A01-Tafeln-gif.png;https://www.bootsfuehrerscheinpruefung.de/images/sbfsee/katalog/basisfragen_Verbotszeichen-A01-Tafeln-gif.png;"Basisfragen;2017-06-01;Schilder und Sichtzeichen";https://www.bootsfuehrerscheinpruefung.de/sbfsee/pruefungsboegen/09
09;4;38;Sicherheit;Wo finden Sie Informationen über umweltfreundliche Farben, Lacke und Antifouling-Beschichtungen für Ihr Boot?;;In der Sportbootvermietungsverordnung.;In der Sportbootführerscheinverordnung.;Beim Bundesministerium für Digitales und Verkehr.;Beim Umweltbundesamt.;D;Beim Umweltbundesamt.;;;"Basisfragen;August-2023";https://www.bootsfuehrerscheinpruefung.de/sbfsee/pruefungsboegen/09
09;5;43;Umwelt- & Naturschutz;Was ist zu unternehmen, wenn Treibstoff oder Öl in die Bilge gelangt?;;Mit entsprechendem Mittel neutralisieren.;Mit Lappen aufnehmen und umweltgerecht entsorgen.;Räume lüften und abwarten.;Gleichmäßig verteilen.;B;Mit Lappen aufnehmen und umweltgerecht entsorgen.;;;"Basisfragen;2017-06-01";https://www.bootsfuehrerscheinpruefung.de/sbfsee/pruefungsboegen/09
09;6;48;Grundlagen;Welche Anlegeseite ist mit rechtsdrehendem Propeller empfehlenswert und warum?;;Es gibt keine empfehlenswerte Anlegeseite.;Die Steuerbordseite - der Radeffekt zieht das Fahrzeug an die Pier.;Die Steuerbord- oder Backbordseite je nach Ruderlage.;Die Backbordseite - der Radeffekt zieht das Fahrzeug an die Pier.;D;Die Backbordseite - der Radeffekt zieht das Fahrzeug an die Pier.;;;"Basisfragen;2017-06-01";https://www.bootsfuehrerscheinpruefung.de/sbfsee/pruefungsboegen/09
09;7;50;Grundlagen;Wodurch wird bei einem Fahrzeug mit Außenbordmotor und ohne Ruderanlage die Ruderwirkung erzielt?;;Durch den Schraubenwiderstand und Anstellwinkel des Propellers.;Durch Schraubenstrom und Anstellwinkel des Propellers.;Durch den Schraubenwiderstand und Richtung des Propellers.;Durch Schraubenstrom und Richtung des Propellers.;D;Durch Schraubenstrom und Richtung des Propellers.;;;"Basisfragen;2017-06-01";https://www.bootsfuehrerscheinpruefung.de/sbfsee/pruefungsboegen/09
09;8;78;Vorschriften & Gesetze;Welche Sicherheitsmaßnahmen hat der Fahrzeugführer im Rahmen seiner seemännischen Sorgfaltspflicht vor Fahrtantritt zum Schutze und für die Sicherheit der Personen an Bord zu treffen?;;Der Fahrzeugführer hat die verantwortlichen Besatzungsmitglieder über die Sicherheitsvorkehrungen an Bord zu unterrichten, in die Handhabung der Rettungs- und Feuerlöschmittel einzuweisen und auf geeignete Maßnahmen gegen das Überbordfallen hinzuweisen, zudem darauf, dass ständig angelegte Rettungswesten die Überlebenschancen im Wasser erhöhen.;Der Fahrzeugführer muss die Besatzungsmitglieder und Gäste anweisen, dass sie sich über die Sicherheitsvorkehrungen an Bord informieren, sich die Gebrauchsanweisungen der Rettungs- und Feuerlöschmittel ansehen und auf geeignete Maßnahmen gegen das Überbordfallen achten, zudem darauf, dass ständig angelegte Rettungswesten die Überlebenschancen im Wasser erhöhen.;Der Fahrzeugführer hat die Gäste an Bord über die Sicherheitsvorkehrungen an Bord zu unterrichten, in die Handhabung der Rettungs- und Feuerlöschmittel einzuweisen und auf geeignete Maßnahmen gegen das Überbordfallen hinzuweisen, zudem darauf, dass ständig angelegte Rettungswesten die Überlebenschancen im Wasser erhöhen.;Der Fahrzeugführer hat die Besatzungsmitglieder und Gäste über die Sicherheitsvorkehrungen an Bord zu unterrichten, in die Handhabung der Rettungs- und Feuerlöschmittel einzuweisen und auf geeignete Maßnahmen gegen das Überbordfallen hinzuweisen, zudem darauf, dass ständig angelegte Rettungswesten die Überlebenschancen im Wasser erhöhen.;D;Der Fahrzeugführer hat die Besatzungsmitglieder und Gäste über die Sicherheitsvorkehrungen an Bord zu unterrichten, in die Handhabung der Rettungs- und Feuerlöschmittel einzuweisen und auf geeignete Maßnahmen gegen das Überbordfallen hinzuweisen, zudem darauf, dass ständig angelegte Rettungswesten die Überlebenschancen im Wasser erhöhen.;;;"Spezifische Fragen See;August-2023";https://www.bootsfuehrerscheinpruefung.de/sbfsee/pruefungsboegen/09
09;9;81;Vorschriften & Gesetze;Wann gilt ein Fahrzeug als überholendes Fahrzeug?;;Wenn es sich einem anderen Fahrzeug aus einer Richtung von mehr als 112,5° achterlicher als querab (Bereich der Seitenlichter) nähert.;Wenn es sich einem anderen Fahrzeug aus einer Richtung von mehr als 22,5° achterlicher als querab (Bereich des Hecklichtes) nähert.;Wenn es sich einem anderen Fahrzeug gegenüber in einer Richtung von mehr als 22,5° achterlicher als querab (Bereich des Hecklichtes) befindet.;Wenn es an einem anderen Fahrzeug aus einer achterlichen Richtung von mehr als 22,5° querab kommend (Bereich des Topplichtes) vorbeifährt.;B;Wenn es sich einem anderen Fahrzeug aus einer Richtung von mehr als 22,5° achterlicher als querab (Bereich des Hecklichtes) nähert.;;;"Spezifische Fragen See;2017-06-01";https://www.bootsfuehrerscheinpruefung.de/sbfsee/pruefungsboegen/09
09;10;86;Vorschriften & Gesetze;Welche Positionslaternen und Schallsignalanlagen dürfen auf Sportbooten unter deutscher Flagge verwendet werden?;;Solche, die gemäß der Kollisionsverhütungsregeln (KVR), der Seeschifffahrtsstraßen-Ordnung (SeeSchStrO) und der Schifffahrtsordnung Emsmündung (EmsSchO) vorgeschrieben sind und ein CE-Zeichen haben.;Solche, deren Baumuster vom Bundesamt für Seeschifffahrt und Hydrographie (BSH) zur Verwendung zugelassen sind oder eine als gleichwertig anerkannte Zulassung eines EU-Staates besitzen.;Solche, die die vorgeschriebene Mindesttragweite von drei Seemeilen, die Größe und Farbgebung bzw. Lautstärke erreichen und mit einer Bescheinigung einer Klassifikationsgesellschaft versehen sind.;Solche, die vom Technischen Überwachungsverein (TÜV) geprüft und mit dem Zeichen für geprüfte Sicherheit (GS) versehen sind.;B;Solche, deren Baumuster vom Bundesamt für Seeschifffahrt und Hydrographie (BSH) zur Verwendung zugelassen sind oder eine als gleichwertig anerkannte Zulassung eines EU-Staates besitzen.;;;"Spezifische Fragen See;2017-06-01";https://www.bootsfuehrerscheinpruefung.de/sbfsee/pruefungsboegen/09
09;11;90;Grundlagen;Was bedeutet sichere Geschwindigkeit?;;Die Geschwindigkeit muss der Verkehrslage, den Sicht- und Witterungsverhältnissen und dem Treibstoffverbrauch angepasst sein.;Die Geschwindigkeit muss der Verkehrslage, den Sicht- und Witterungsverhältnissen angepasst sein und der Verkehr darf nicht behindert werden.;Die Geschwindigkeit muss der Verkehrslage, dem Verkehrsaufkommen, den Seegangs- und Windverhältnissen angepasst sein, so dass kein Sog und Wellenschlag entsteht.;Die Geschwindigkeit muss der Verkehrslage, den Sicht- und Witterungsverhältnissen angepasst sein und es muss jederzeit aufgestoppt werden können.;D;Die Geschwindigkeit muss der Verkehrslage, den Sicht- und Witterungsverhältnissen angepasst sein und es muss jederzeit aufgestoppt werden können.;;;"Spezifische Fragen See;2017-06-01";https://www.bootsfuehrerscheinpruefung.de/sbfsee/pruefungsboegen/09
09;12;96;Lichterführung & Signalkörper;Was bedeutet es, wenn jedes Fahrzeug eines Schleppverbandes einen schwarzen Rhombus führt?;;Schleppverband von mehr als 50 m Länge.;Schleppverband von mehr als 100 m Länge.;Schleppverband von weniger als 50 m Länge.;Schleppverband von mehr als 200 m Länge.;D;Schleppverband von mehr als 200 m Länge.;;;"Spezifische Fragen See;2017-06-01";https://www.bootsfuehrerscheinpruefung.de/sbfsee/pruefungsboegen/09
09;13;106;Lichterführung & Signalkörper;Welches Fahrzeug führt diese Signalkörper?;;Ein manövrierunfähiges Fahrzeug.;Ein fischendes Fahrzeug.;Ein Grundsitzer.;Ein manövrierbehindertes Fahrzeug.;C;Ein Grundsitzer.;bilder/spezifische_fragen_see_Signalkoerper-Frage-106-gif.png;https://www.bootsfuehrerscheinpruefung.de/images/sbfsee/katalog/spezifische_fragen_see_Signalkoerper-Frage-106-gif.png;"Spezifische Fragen See;2017-06-01";https://www.bootsfuehrerscheinpruefung.de/sbfsee/pruefungsboegen/09
09;14;117;Signale;Sie hören bei verminderter Sicht mindestens alle zwei Minuten zwei aufeinander folgende lange Töne mit der Pfeife. Welches Fahrzeug gibt dieses Signal?;;Ein geschlepptes Fahrzeug oder das letzte bemannte Fahrzeug eines Schleppverbandes in Fahrt.;Ein Fahrzeug mit gefährlicher Ladung vor Anker von weniger als 100 m Länge.;Ein Maschinenfahrzeug in Fahrt, das seine Maschine gestoppt hat und keine Fahrt durchs Wasser macht.;Ein vor Anker liegendes Fahrzeug von 100 und mehr Meter Länge.;C;Ein Maschinenfahrzeug in Fahrt, das seine Maschine gestoppt hat und keine Fahrt durchs Wasser macht.;bilder/spezifische_fragen_see_Schallsignal-122-gif.png;https://www.bootsfuehrerscheinpruefung.de/images/sbfsee/katalog/spezifische_fragen_see_Schallsignal-122-gif.png;"Spezifische Fragen See;2017-06-01";https://www.bootsfuehrerscheinpruefung.de/sbfsee/pruefungsboegen/09
09;15;119;Signale;Welches Fahrzeug gibt bei verminderter Sicht - im Anschluss an das Signal: lang, kurz, kurz - vier aufeinander folgende Töne mit der Pfeife, und zwar: lang, kurz, kurz, kurz?;;Ein geschlepptes Fahrzeug oder das letzte bemannte Fahrzeug eines Schleppverbandes in Fahrt.;Ein manövrierunfähiges Fahrzeug von weniger als 100 m Länge.;Ein Maschinenfahrzeug in Fahrt, das seine Maschine gestoppt hat und keine Fahrt durchs Wasser macht.;Ein Fahrzeug mit gefährlicher Ladung vor Anker von weniger als 100 m Länge.;A;Ein geschlepptes Fahrzeug oder das letzte bemannte Fahrzeug eines Schleppverbandes in Fahrt.;"bilder/spezifische_fragen_see_Schallsignal-Frage-118-gif.png;bilder/spezifische_fragen_see_Schallsignal-Frage-119-gif.png";"https://www.bootsfuehrerscheinpruefung.de/images/sbfsee/katalog/spezifische_fragen_see_Schallsignal-Frage-118-gif.png;https://www.bootsfuehrerscheinpruefung.de/images/sbfsee/katalog/spezifische_fragen_see_Schallsignal-Frage-119-gif.png";"Spezifische Fragen See;2017-06-01";https://www.bootsfuehrerscheinpruefung.de/sbfsee/pruefungsboegen/09
09;16;128;Verkehrsvorschriften;Wie hat sich ein Maschinenfahrzeug im freien Seeraum oder außerhalb des Fahrwassers gegenüber einem in Sicht befindlichen Segelfahrzeug zu verhalten, wenn die Möglichkeit der Gefahr eines Zusammenstoßes besteht?;;Das Maschinenfahrzeug muss seine Fahrt verringern.;Das Maschinenfahrzeug muss vorsichtig manövrieren bis die Gefahr vorüber ist.;Das Maschinenfahrzeug muss ausweichen.;Das Maschinenfahrzeug muss Kurs und Geschwindigkeit beibehalten.;C;Das Maschinenfahrzeug muss ausweichen.;;;"Spezifische Fragen See;2017-06-01";https://www.bootsfuehrerscheinpruefung.de/sbfsee/pruefungsboegen/09
09;17;144;Vorschriften & Gesetze;In welcher Vorschrift findet man die Regeln zum Befahren von Verkehrstrennungsgebieten?;;"In den ""Bekanntmachungen der Generaldirektion Wasserstraßen und Schifffahrt (GDWS)"".";In der Seeschifffahrtsstraßen-Ordnung.;In den Kollisionsverhütungsregeln.;In den Kollisionsverhütungsregeln und der Seeschifffahrtsstraßen-Ordnung.;C;In den Kollisionsverhütungsregeln.;;;"Spezifische Fragen See;August-2023";https://www.bootsfuehrerscheinpruefung.de/sbfsee/pruefungsboegen/09
09;18;153;Vorschriften & Gesetze;Welche örtlichen Sondervorschriften zusätzlich zur Seeschifffahrtsstraßen-Ordnung (SeeSchStrO) und zur Schifffahrtsordnung Emsmündung (EmsSchO) gibt es und was ist darin geregelt?;;Die Nachrichten für Seefahrer (NfS), herausgegeben vom Bundesamt für Seeschifffahrt und Hydrographie, sowie die Bekanntmachungen für Seefahrer (BfS) der örtlich zuständigen Wasserstraßen- und Schifffahrtsämter, die auf alle Veränderungen hinsichtlich Betonnung, Befeuerung, Wracks und Untiefen sowie auf die Schifffahrt betreffende Maßnahmen und Ereignisse hinweisen.;Das Seesicherheitsuntersuchungsgesetz sowie die Verordnung über die Sicherung der Seefahrt, die jeweils wichtige Vorschriften über das Verhalten nach einem Zusammenstoß auf den jeweiligen Seeschifffahrtsstraßen enthalten.;Die Bekanntmachungen der Generaldirektion Wasserstraßen- und Schifffahrt (GDWS), die besondere örtliche Regelungen enthalten und Hinweise für die einzelnen Seeschifffahrtsstraßen geben.;"Die Bekanntmachung der Generaldirektion Wasserstraßen- und Schifffahrt (GDWS) sowie die nautische Veröffentlichung ""Sicherheit auf dem Wasser"", herausgegeben durch das Bundesministerium für Digitales und Verkehr (BMDV), mit wichtigen Regeln und Tipps für Wassersportler.";C;Die Bekanntmachungen der Generaldirektion Wasserstraßen- und Schifffahrt (GDWS), die besondere örtliche Regelungen enthalten und Hinweise für die einzelnen Seeschifffahrtsstraßen geben.;;;"Spezifische Fragen See;August-2023";https://www.bootsfuehrerscheinpruefung.de/sbfsee/pruefungsboegen/09
09;19;160;Vorschriften & Gesetze;Wann darf ein Maschinenfahrzeug von weniger als 7 m Länge auf Seeschifffahrtsstraßen nicht fahren, wenn es die nach den Kollisionsverhütungsregeln (KVR) vorgeschriebenen Lichter nicht führen kann?;;Es darf in der Zeit zwischen Sonnenaufgang und Sonnenuntergang nicht fahren.;Es darf in der Zeit zwischen Sonnenuntergang und Sonnenaufgang nicht fahren.;Es darf in der Zeit, in der die Lichterführung vorgeschrieben ist, nicht fahren, es sei denn, dass ein Notstand vorliegt.;Es darf in der Zeit, in der die Lichterführung vorgeschrieben ist, nur dann fahren, wenn ein betriebsbedingtes Signalhorn an Bord ist.;C;Es darf in der Zeit, in der die Lichterführung vorgeschrieben ist, nicht fahren, es sei denn, dass ein Notstand vorliegt.;;;"Spezifische Fragen See;2017-06-01";https://www.bootsfuehrerscheinpruefung.de/sbfsee/pruefungsboegen/09
09;20;165;Verkehrsvorschriften;Wie haben sich Fahrzeuge zu verhalten, die in ein Fahrwasser einlaufen, ein Fahrwasser queren, im Fahrwasser drehen oder ihre Anker- und Liegeplätze verlassen?;;Sie haben die Vorfahrt vor den Fahrzeugen im Fahrwasser.;Sie haben ihr Manöver so durchzuführen, dass andere Fahrzeuge nicht behindert werden.;Sie haben einen kurzen Ton als Achtungssignal abzugeben.;Sie haben die Vorfahrt der dem Fahrwasserverlauf folgenden Fahrzeuge zu beachten.;D;Sie haben die Vorfahrt der dem Fahrwasserverlauf folgenden Fahrzeuge zu beachten.;;;"Spezifische Fragen See;2017-06-01";https://www.bootsfuehrerscheinpruefung.de/sbfsee/pruefungsboegen/09
09;21;189;Schifffahrtszeichen;Welche Bedeutung haben folgende Sichtzeichen?;;Außergewöhnliche Schifffahrtsbehinderung.;Schutzbedürftige Anlage.;Zeitweilige Sperrung der Seeschifffahrtsstraße.;Dauernde Sperrung der Seeschifffahrtsstraße.;A;Außergewöhnliche Schifffahrtsbehinderung.;"bilder/spezifische_fragen_see_Warnzeichen-B06-Tag-gif.png;bilder/spezifische_fragen_see_Warnzeichen-B06-Nacht-gif.png";"https://www.bootsfuehrerscheinpruefung.de/images/sbfsee/katalog/spezifische_fragen_see_Warnzeichen-B06-Tag-gif.png;https://www.bootsfuehrerscheinpruefung.de/images/sbfsee/katalog/spezifische_fragen_see_Warnzeichen-B06-Nacht-gif.png";"Spezifische Fragen See;2017-06-01;Schilder und Sichtzeichen";https://www.bootsfuehrerscheinpruefung.de/sbfsee/pruefungsboegen/09
09;22;195;Schifffahrtszeichen;Welche Bedeutung hat folgende Tonne?;;Backbordseite des durchgehenden Fahrwassers/Steuerbordseite des abzweigenden oder einmündenden Fahrwassers.;Backbordseite des durchgehenden Fahrwassers.;Steuerbordseite des durchgehenden Fahrwassers.;Steuerbordseite des durchgehenden Fahrwassers/Backbordseite des abzweigenden oder einmündenden Fahrwassers.;D;Steuerbordseite des durchgehenden Fahrwassers/Backbordseite des abzweigenden oder einmündenden Fahrwassers.;bilder/spezifische_fragen_see_Tonne-Frage-195-gif.png;https://www.bootsfuehrerscheinpruefung.de/images/sbfsee/katalog/spezifische_fragen_see_Tonne-Frage-195-gif.png;"Spezifische Fragen See;2017-06-01";https://www.bootsfuehrerscheinpruefung.de/sbfsee/pruefungsboegen/09
09;23;205;Schifffahrtszeichen;Welche Bedeutung hat das Feuer einer Leuchttonne mit folgender Kennung?;;Kennzeichnung einer allgemeinen Gefahrenstelle, die westlich zu passieren ist.;Kennzeichnung einer allgemeinen Gefahrenstelle, die östlich zu passieren ist.;Kennzeichnung einer allgemeinen Gefahrenstelle, die südlich zu passieren ist.;Kennzeichnung einer allgemeinen Gefahrenstelle, die nördlich zu passieren ist.;B;Kennzeichnung einer allgemeinen Gefahrenstelle, die östlich zu passieren ist.;bilder/spezifische_fragen_see_Feuer-Frage-205-gif.png;https://www.bootsfuehrerscheinpruefung.de/images/sbfsee/katalog/spezifische_fragen_see_Feuer-Frage-205-gif.png;"Spezifische Fragen See;2017-06-01";https://www.bootsfuehrerscheinpruefung.de/sbfsee/pruefungsboegen/09
09;24;219;Umwelt- & Naturschutz;"Welcher Abstand sollte gemäß den ""10 Goldenen Regeln"" für das Verhalten von Wassersportlern mindestens zu Liegeplätzen von Seehunden und zu Vogelansammlungen eingehalten werden?";;100 m bis 300 m.;150 m bis 200 m.;200 m bis 300 m.;300 m bis 500 m.;D;300 m bis 500 m.;;;"Spezifische Fragen See;2017-06-01";https://www.bootsfuehrerscheinpruefung.de/sbfsee/pruefungsboegen/09
09;25;220;Schifffahrtszeichen;Was versteht man unter einem Blinkfeuer?;;Lichterscheinung länger als Verdunkelung, Blink mindestens 2 s lang.;Lichterscheinung kürzer als Verdunkelung, Blink weniger als 2 s lang.;Lichterscheinung länger als Verdunkelung, Blink weniger als 2 s lang.;Lichterscheinung kürzer als Verdunkelung, Blink mindestens 2 s lang.;D;Lichterscheinung kürzer als Verdunkelung, Blink mindestens 2 s lang.;;;"Spezifische Fragen See;2017-06-01";https://www.bootsfuehrerscheinpruefung.de/sbfsee/pruefungsboegen/09
09;26;240;Navigation;Was versteht man unter einer Seemeile und wie lang ist eine Seemeile (in Metern)?;;Die Länge einer Bogenminute auf einem größten Kreis der Erdkugel, 1.852 m.;Die Länge einer Bogenminute auf dem Nullmeridian, 18,52 km.;Sie entspricht der in einer Stunde zurückgelegten Distanz in Meter, 16,52 km.;Die Länge einer Bogenminute auf einem Breitenparallel, 1.652 m.;A;Die Länge einer Bogenminute auf einem größten Kreis der Erdkugel, 1.852 m.;;;"Spezifische Fragen See;2017-06-01";https://www.bootsfuehrerscheinpruefung.de/sbfsee/pruefungsboegen/09
09;27;242;Navigation;Woraus entnimmt man die Magnetkompassablenkung?;;Aus dem Betriebshandbuch des Kompassherstellers.;Aus dem Nautischen Handbuch für Kompassfehlweisung.;Aus der Kompassrose der aktuellen Seekarte.;Aus der für das betreffende Schiff aufgestellten Deviationstabelle.;D;Aus der für das betreffende Schiff aufgestellten Deviationstabelle.;;;"Spezifische Fragen See;2017-06-01";https://www.bootsfuehrerscheinpruefung.de/sbfsee/pruefungsboegen/09
09;28;247;Navigation;Was versteht man unter einem Koppelort?;;"Schiffsort, der durch Eintragung der rechtweisenden Peilungen zweier feststehender und bekannter Objekte als Standlinien in die Seekarte ermittelt wird; ihr Schnittpunkt ist der Standort.";Schiffsort, der unter Berücksichtigung der gesteuerten Kurse und zurückgelegten Distanzen und aller vorhersehbaren Einflüsse rechnerisch und zeichnerisch ermittelt wird.;Schiffsort, der ermittelt wird durch Peilung zweier feststehender und bekannter Objekte, die in einem möglichst rechten Winkel (90 Grad) zueinander stehen.;Schiffsort, der unter Berücksichtigung der gesteuerten Kurse und zurückgelegten Distanzen infolge mehrerer Peilungen ermittelt wird.;B;Schiffsort, der unter Berücksichtigung der gesteuerten Kurse und zurückgelegten Distanzen und aller vorhersehbaren Einflüsse rechnerisch und zeichnerisch ermittelt wird.;;;"Spezifische Fragen See;2017-06-01";https://www.bootsfuehrerscheinpruefung.de/sbfsee/pruefungsboegen/09
09;29;257;Sicherheit;Was ist zu beachten, wenn ein Sportboot geschleppt werden soll?;;Die Schleppleine ist den Seegangsverhältnissen anzupassen. Die Schleppgeschwindigkeit darf nicht größer sein als die Geschwindigkeit, die der Anhang frei fahrend bei Verdrängerfahrt erreichen kann. Ein ruckartiges Steifkommen der Schleppleine ist zu vermeiden.;Die Schleppleine ist den Wetterverhältnissen anzupassen. Die Schleppgeschwindigkeit darf nicht größer sein als die Geschwindigkeit, die das schleppende Fahrzeug frei fahrend bei Gleitfahrt erreichen kann. Ein ruckartiges Steifkommen der Schleppleine ist zu vermeiden.;Die Schleppleine ist den Wetterverhältnissen anzupassen. Die Schleppgeschwindigkeit darf nicht größer sein als die Geschwindigkeit, die der Anhang frei fahrend bei Gleitfahrt erreichen kann. Ein ruckartiges Steifkommen der Schleppleine ist zu vermeiden.;Die Schleppleine ist den Seegangsverhältnissen anzupassen. Die Schleppgeschwindigkeit darf nicht größer sein als die Geschwindigkeit, die das schleppende Fahrzeug frei fahrend bei Verdrängerfahrt erreichen kann. Ein ruckartiges Steifkommen der Schleppleine ist zu vermeiden.;A;Die Schleppleine ist den Seegangsverhältnissen anzupassen. Die Schleppgeschwindigkeit darf nicht größer sein als die Geschwindigkeit, die der Anhang frei fahrend bei Verdrängerfahrt erreichen kann. Ein ruckartiges Steifkommen der Schleppleine ist zu vermeiden.;;;"Spezifische Fragen See;2017-06-01";https://www.bootsfuehrerscheinpruefung.de/sbfsee/pruefungsboegen/09
09;30;269;Wetter;"Was ist in amtlichen Wetterberichten unter ""frischem Wind"" zu verstehen?";;Windstärke 7 der Beaufortskala.;Windstärke 6 der Beaufortskala.;Windstärke 5 der Beaufortskala.;Windstärke 4 der Beaufortskala.;C;Windstärke 5 der Beaufortskala.;;;"Spezifische Fragen See;2017-06-01";https://www.bootsfuehrerscheinpruefung.de/sbfsee/pruefungsboegen/09
10;1;14;Verkehrsvorschriften;Wie weichen zwei Motorboote aus, die sich auf entgegengesetzten Kursen nähern?;;Jedes Fahrzeug muss seinen Kurs nach Backbord ändern.;Jedes Fahrzeug muss seinen Kurs nach Steuerbord ändern.;Es muss das leewärtige Fahrzeug dem luvwärtigen Fahrzeug ausweichen.;Es muss das luvwärtige Fahrzeug dem leewärtigen Fahrzeug ausweichen.;B;Jedes Fahrzeug muss seinen Kurs nach Steuerbord ändern.;;;"Basisfragen;2017-06-01";https://www.bootsfuehrerscheinpruefung.de/sbfsee/pruefungsboegen/10
10;2;27;Schifffahrtszeichen;Welche Bedeutung hat folgendes Tafelzeichen?;;Verbot der Durchfahrt, jedoch für Kleinfahrzeuge ohne Antriebsmaschine befahrbar.;Verbot der Durchfahrt, jedoch für Kleinfahrzeuge ohne laufende Antriebsmaschine befahrbar.;Verbot der Durchfahrt und Sperrung für Kleinfahrzeuge.;Verbot der Durchfahrt und Sperrung der Schifffahrt.;D;Verbot der Durchfahrt und Sperrung der Schifffahrt.;bilder/basisfragen_Verbotszeichen-A01-Tafeln-gif.png;https://www.bootsfuehrerscheinpruefung.de/images/sbfsee/katalog/basisfragen_Verbotszeichen-A01-Tafeln-gif.png;"Basisfragen;2017-06-01;Schilder und Sichtzeichen";https://www.bootsfuehrerscheinpruefung.de/sbfsee/pruefungsboegen/10
10;3;28;Schifffahrtszeichen;Welche Bedeutung haben folgende Schifffahrtszeichen?;;Brücke, Sperrwerk oder Schleuse geschlossen.;Anlage dauerhaft gesperrt.;Außergewöhnliche Schifffahrtsbehinderung.;Stoppsignal für alle Fahrzeuge.;A;Brücke, Sperrwerk oder Schleuse geschlossen.;bilder/basisfragen_Gebotszeichen-A19aa-gif.png;https://www.bootsfuehrerscheinpruefung.de/images/sbfsee/katalog/basisfragen_Gebotszeichen-A19aa-gif.png;"Basisfragen;2017-06-01;Schilder und Sichtzeichen";https://www.bootsfuehrerscheinpruefung.de/sbfsee/pruefungsboegen/10
10;4;39;Sicherheit;Woran kann man erkennen, ob der Anker hält?;;Wenn beim Handauflegen auf die Ankerkette oder -leine kein Rucken zu verspüren ist und sich die Ankerpeilung ändert.;Wenn Ankerkette oder -leine nicht vibrieren und sich der anliegende Magnetkompasskurs nicht verändert.;Wenn beim Handauflegen auf die Ankerkette oder -leine kein Rucken zu verspüren ist und das Fahrzeug nicht schwojt.;Wenn beim Handauflegen auf die Ankerkette oder -leine kein Rucken zu verspüren ist und sich die Ankerpeilung nicht ändert.;D;Wenn beim Handauflegen auf die Ankerkette oder -leine kein Rucken zu verspüren ist und sich die Ankerpeilung nicht ändert.;;;"Basisfragen;2017-06-01";https://www.bootsfuehrerscheinpruefung.de/sbfsee/pruefungsboegen/10
10;5;51;Grundlagen;Weshalb setzt bei einem Fahrzeug mit Einbaumaschine und starrer Welle bei Aufnahme der Rückwärtsfahrt die Ruderwirkung erst relativ spät ein?;;Weil sie erst mit Anströmung des Ruderblattes einsetzt.;Durch den Abstand von Propeller und Ruderblatt.;Weil sich durch den Radeffekt ein Unterdruck am Propeller entwickelt.;Weil sich durch den Radeffekt ein Unterdruck am Ruder entwickelt.;A;Weil sie erst mit Anströmung des Ruderblattes einsetzt.;;;"Basisfragen;2017-06-01";https://www.bootsfuehrerscheinpruefung.de/sbfsee/pruefungsboegen/10
10;6;67;Sicherheit;Wie oft muss man aufblasbare Rettungsmittel warten lassen?;;Jährlich und nach jedem Einsatz oder Übungsgebrauch.;Jährlich, jeweils vor Beginn der Wassersportsaison.;Entsprechend der Herstellerangabe, mindestens alle 2 Jahre.;Entsprechend der Herstellerangabe, mindestens alle 3 Jahre.;C;Entsprechend der Herstellerangabe, mindestens alle 2 Jahre.;;;"Basisfragen;2017-06-01";https://www.bootsfuehrerscheinpruefung.de/sbfsee/pruefungsboegen/10
10;7;71;Wetter;Welche Faktoren sind hauptsächlich für das Wettergeschehen, also für Wind und Niederschläge, ausschlaggebend?;;Luftdruckänderung, Luftfeuchtigkeit und Temperatur.;Luftdruckänderung, Luftfeuchtigkeit und Jahreszeit.;Luftdruckänderung, Sonneneinstrahlung und Höhenlage.;Luftdruckänderung, Tageszeit und Temperatur.;A;Luftdruckänderung, Luftfeuchtigkeit und Temperatur.;;;"Basisfragen;2017-06-01";https://www.bootsfuehrerscheinpruefung.de/sbfsee/pruefungsboegen/10
10;8;82;Vorschriften & Gesetze;Wann ist ein Fahrzeug manövrierunfähig?;;Wenn es wegen seines Tiefgangs im Verhältnis zu der vorhandenen Tiefe und Breite des befahrbaren Gewässers erheblich behindert ist, von seinem zu verfolgenden Kurs abzuweichen.;Wenn es wegen der Art seines Einsatzes behindert ist und deshalb nicht so wie vorgeschrieben manövrieren und daher einem anderen Fahrzeug nicht ausweichen kann.;Wenn es mit Netzen, Leinen, Schleppnetzen oder anderen Fanggeräten fischt, welche die Manövrierfähigkeit einschränken.;Wenn es wegen außergewöhnlicher Umstände, z. B. Ausfall der Ruder- oder Maschinenanlage, nicht so wie vorgeschrieben manövrieren und daher einem anderen Fahrzeug nicht ausweichen kann.;D;Wenn es wegen außergewöhnlicher Umstände, z. B. Ausfall der Ruder- oder Maschinenanlage, nicht so wie vorgeschrieben manövrieren und daher einem anderen Fahrzeug nicht ausweichen kann.;;;"Spezifische Fragen See;2017-06-01";https://www.bootsfuehrerscheinpruefung.de/sbfsee/pruefungsboegen/10
10;9;88;Verkehrsvorschriften;Wie sind Verkehrstrennungsgebiete zu befahren?;;Sie dürfen nur vom Anfang bis zum Ende und jeweils nur in Fahrtrichtung rechts der Trennzone befahren werden.;Sie dürfen jeweils nur in der allgemeinen Verkehrsrichtung rechts der Trennlinie oder Trennzone befahren werden.;Sie dürfen innerhalb der äußeren Trennlinien nur in einer Fahrtrichtung befahren werden.;Sie dürfen jeweils nur in Fahrtrichtung links der Trennlinie oder Trennzone befahren werden.;B;Sie dürfen jeweils nur in der allgemeinen Verkehrsrichtung rechts der Trennlinie oder Trennzone befahren werden.;;;"Spezifische Fragen See;2017-06-01";https://www.bootsfuehrerscheinpruefung.de/sbfsee/pruefungsboegen/10
10;10;97;Lichterführung & Signalkörper;Welches Fahrzeug führt diese Lichter?;;Ein manövrierunfähiges Fahrzeug in Fahrt.;Ein tiefgangbehindertes Fahrzeug in Fahrt.;Ein Grundsitzer von 50 und mehr Meter Länge.;Ein manövrierbehindertes Fahrzeug in Fahrt.;A;Ein manövrierunfähiges Fahrzeug in Fahrt.;bilder/spezifische_fragen_see_Lichter-Frage-97-gif.png;https://www.bootsfuehrerscheinpruefung.de/images/sbfsee/katalog/spezifische_fragen_see_Lichter-Frage-97-gif.png;"Spezifische Fragen See;2017-06-01";https://www.bootsfuehrerscheinpruefung.de/sbfsee/pruefungsboegen/10
10;11;109;Lichterführung & Signalkörper;Welches Fahrzeug führt diese Signalkörper?;;Ein Grundsitzer von weniger als 50 Meter Länge.;Ein manövrierunfähiges Fahrzeug in Fahrt.;Ein tiefgangbehindertes Fahrzeug in Fahrt.;Ein manövrierbehindertes Fahrzeug in Fahrt.;C;Ein tiefgangbehindertes Fahrzeug in Fahrt.;bilder/spezifische_fragen_see_Signalkoerper-Frage-109-gif.png;https://www.bootsfuehrerscheinpruefung.de/images/sbfsee/katalog/spezifische_fragen_see_Signalkoerper-Frage-109-gif.png;"Spezifische Fragen See;2017-06-01";https://www.bootsfuehrerscheinpruefung.de/sbfsee/pruefungsboegen/10
10;12;118;Signale;Welche Fahrzeuge geben bei verminderter Sicht mindestens alle zwei Minuten drei aufeinander folgende Töne mit der Pfeife, und zwar lang, kurz, kurz?;;Ein manövrierunfähiges Fahrzeug in Fahrt, ein manövrierbehindertes Fahrzeug in Fahrt oder vor Anker, ein tiefgangbehindertes Fahrzeug in Fahrt, ein Segelfahrzeug in Fahrt, ein schleppendes oder schiebendes Fahrzeug in Fahrt, ein geschlepptes Fahrzeug oder das letzte bemannte Fahrzeug eines Schleppverbandes in Fahrt, ein fischendes Fahrzeug in Fahrt oder vor Anker.;Ein manövrierunfähiges Fahrzeug in Fahrt, ein manövrierbehindertes Fahrzeug in Fahrt oder vor Anker, ein tiefgangbehindertes Fahrzeug in Fahrt, ein Segelfahrzeug in Fahrt, ein schleppendes oder schiebendes Fahrzeug in Fahrt, ein fischendes Fahrzeug in Fahrt oder vor Anker, ein Maschinenfahrzeug in Fahrt, das seine Maschine gestoppt hat und keine Fahrt durchs Wasser macht.;Ein manövrierunfähiges Fahrzeug in Fahrt, ein manövrierbehindertes Fahrzeug in Fahrt oder vor Anker, ein tiefgangbehindertes Fahrzeug in Fahrt, ein Maschinenfahrzeug in Fahrt, das Fahrt durchs Wasser macht, ein schleppendes oder schiebendes Fahrzeug in Fahrt, ein fischendes Fahrzeug in Fahrt oder vor Anker.;Ein manövrierunfähiges Fahrzeug in Fahrt, ein manövrierbehindertes Fahrzeug in Fahrt oder vor Anker, ein tiefgangbehindertes Fahrzeug in Fahrt, ein Segelfahrzeug in Fahrt, ein schleppendes oder schiebendes Fahrzeug in Fahrt, ein fischendes Fahrzeug in Fahrt oder vor Anker.;D;Ein manövrierunfähiges Fahrzeug in Fahrt, ein manövrierbehindertes Fahrzeug in Fahrt oder vor Anker, ein tiefgangbehindertes Fahrzeug in Fahrt, ein Segelfahrzeug in Fahrt, ein schleppendes oder schiebendes Fahrzeug in Fahrt, ein fischendes Fahrzeug in Fahrt oder vor Anker.;bilder/spezifische_fragen_see_Schallsignal-Frage-118-gif.png;https://www.bootsfuehrerscheinpruefung.de/images/sbfsee/katalog/spezifische_fragen_see_Schallsignal-Frage-118-gif.png;"Spezifische Fragen See;2017-06-01";https://www.bootsfuehrerscheinpruefung.de/sbfsee/pruefungsboegen/10
10;13;123;Signale;Welches Fahrzeug gibt bei verminderter Sicht mindestens jede Minute etwa 5 Sekunden lang rasches Läuten der Glocke und unmittelbar danach ungefähr 5 Sekunden lang rasch den Gong schlagen?;;Ein Fahrzeug vor Anker von 100 und mehr Meter Länge.;Ein geschlepptes Fahrzeug oder das letzte bemannte Fahrzeug eines Schleppverbandes in Fahrt.;Ein Maschinenfahrzeug in Fahrt, das seine Maschine gestoppt hat und keine Fahrt durchs Wasser macht.;Ein Fahrzeug vor Anker von weniger als 100 m Länge.;A;Ein Fahrzeug vor Anker von 100 und mehr Meter Länge.;"bilder/spezifische_fragen_see_Schallsignal-Frage-122-gif.png;bilder/spezifische_fragen_see_Schallsignal-Frage-123-gif.png";"https://www.bootsfuehrerscheinpruefung.de/images/sbfsee/katalog/spezifische_fragen_see_Schallsignal-Frage-122-gif.png;https://www.bootsfuehrerscheinpruefung.de/images/sbfsee/katalog/spezifische_fragen_see_Schallsignal-Frage-123-gif.png";"Spezifische Fragen See;2017-06-01";https://www.bootsfuehrerscheinpruefung.de/sbfsee/pruefungsboegen/10
10;14;130;Verkehrsvorschriften;Wie hat sich ein Maschinenfahrzeug im freien Seeraum oder außerhalb des Fahrwassers gegenüber einem in Sicht befindlichen manövrierbehinderten Fahrzeug zu verhalten, wenn die Möglichkeit der Gefahr eines Zusammenstoßes besteht?;;Das Maschinenfahrzeug muss seine Fahrt verringern.;Das Maschinenfahrzeug muss seinen Kurs nach Steuerbord ändern.;Das Maschinenfahrzeug muss ausweichen.;Das Maschinenfahrzeug muss Kurs und Geschwindigkeit beibehalten.;C;Das Maschinenfahrzeug muss ausweichen.;;;"Spezifische Fragen See;2017-06-01";https://www.bootsfuehrerscheinpruefung.de/sbfsee/pruefungsboegen/10
10;15;132;Verkehrsvorschriften;Wie hat sich ein Segelfahrzeug im freien Seeraum oder außerhalb des Fahrwassers gegenüber einem in Sicht befindlichen fischenden Fahrzeug zu verhalten, wenn die Möglichkeit der Gefahr eines Zusammenstoßes besteht?;;Das Segelfahrzeug muss ausweichen.;Das Segelfahrzeug muss Kurs und Geschwindigkeit zunächst beibehalten.;Das Segelfahrzeug muss seinen Kurs nach Steuerbord ändern.;Das Segelfahrzeug darf die sichere Durchfahrt nicht behindern.;A;Das Segelfahrzeug muss ausweichen.;;;"Spezifische Fragen See;2017-06-01";https://www.bootsfuehrerscheinpruefung.de/sbfsee/pruefungsboegen/10
10;16;149;Lichterführung & Signalkörper;Was ist das für ein Fahrzeug und was ist zu beachten?;;Ein manövrierbehindertes Fahrzeug mit Fahrt durchs Wasser, das baggert oder Unterwasserarbeiten ausführt und dabei die Schifffahrt nicht behindert. Es ist an der Seite zu passieren, die in Fahrtrichtung rechts liegt.;Ein manövrierunfähiges Fahrzeug mit Fahrt durchs Wasser, das baggert oder Unterwasserarbeiten ausführt und dabei die Schifffahrt behindert. Es ist an der Seite zu passieren, die in Fahrtrichtung rechts liegt.;Ein manövrierbehindertes Fahrzeug mit Fahrt durchs Wasser, das baggert oder Unterwasserarbeiten ausführt und dabei die Schifffahrt behindert. Es darf an beiden Seiten passiert werden.;Ein manövrierbehindertes Fahrzeug mit Fahrt durchs Wasser, das baggert oder Unterwasserarbeiten ausführt und dabei die Schifffahrt behindert. Es ist an der Seite zu passieren, die in Fahrtrichtung links liegt.;A;Ein manövrierbehindertes Fahrzeug mit Fahrt durchs Wasser, das baggert oder Unterwasserarbeiten ausführt und dabei die Schifffahrt nicht behindert. Es ist an der Seite zu passieren, die in Fahrtrichtung rechts liegt.;bilder/spezifische_fragen_see_Fahrzeug-Frage-149-gif.png;https://www.bootsfuehrerscheinpruefung.de/images/sbfsee/katalog/spezifische_fragen_see_Fahrzeug-Frage-149-gif.png;"Spezifische Fragen See;2017-06-01";https://www.bootsfuehrerscheinpruefung.de/sbfsee/pruefungsboegen/10
10;17;156;Vorschriften & Gesetze;Was sind Fahrwasser im Sinne der Seeschifffahrtsstraßen-Ordnung (SeeSchStrO) und der Schifffahrtsordnung Emsmündung (EmsSchO)?;;Es sind Wasserflächen, die durchgehend durch Fahrwasserseitenbezeichnung begrenzt oder gekennzeichnet sind und auf denen die Sportbootführerscheinverordnung Gültigkeit hat.;Es sind Wasserflächen, die durchgehend durch Fahrwasserseitenbezeichnung begrenzt oder gekennzeichnet sind und auf denen das Wasserskifahren sowie das Fahren mit Wassermotorrädern erlaubt ist, sofern die durchgehende Schifffahrt nicht behindert wird.;Es sind Wasserflächen, die durchgehend durch Fahrwasserseitenbezeichnung begrenzt oder gekennzeichnet sind, binnenwärts der Flussmündungen auch nicht gekennzeichnete Wasserflächen, die für die durchgehende Schifffahrt bestimmt sind.;"Es sind Wasserflächen, die für Seeschiffe zugelassen sind; binnenwärts der Flussmündungen sind auch Binnenschiffe und Sportboote zugelassen.";C;Es sind Wasserflächen, die durchgehend durch Fahrwasserseitenbezeichnung begrenzt oder gekennzeichnet sind, binnenwärts der Flussmündungen auch nicht gekennzeichnete Wasserflächen, die für die durchgehende Schifffahrt bestimmt sind.;;;"Spezifische Fragen See;2017-06-01";https://www.bootsfuehrerscheinpruefung.de/sbfsee/pruefungsboegen/10
10;18;161;Signale;Welches Schallsignal ist beim Einlaufen in Fahrwasser und Häfen zu geben, wenn die Verkehrslage es erfordert?;;Ein langer und ein kurzer Ton.;Ein kurzer Ton.;Ein kurzer und ein langer Ton.;Ein langer Ton.;D;Ein langer Ton.;;;"Spezifische Fragen See;2017-06-01";https://www.bootsfuehrerscheinpruefung.de/sbfsee/pruefungsboegen/10
10;19;166;Verkehrsvorschriften;Wie haben Segelfahrzeuge im Fahrwasser, die nicht deutlich der Richtung eines Fahrwassers folgen, untereinander auszuweichen?;;Sie haben untereinander nach den Regeln der Binnenschifffahrtsstraßen-Ordnung auszuweichen, wenn sie dadurch vorfahrtberechtigte Fahrzeuge nicht gefährden oder behindern.;Sie haben untereinander nach den Regeln der Schifffahrtsordnung Emsmündung auszuweichen, wenn sie dadurch vorfahrtberechtigte Fahrzeuge nicht gefährden oder behindern.;Sie haben untereinander nach den Regeln der KVR auszuweichen, wenn sie dadurch vorfahrtberechtigte Fahrzeuge nicht gefährden oder behindern.;Sie haben untereinander nach den Regeln der Seeschifffahrtsstraßen-Ordnung auszuweichen, wenn sie dadurch vorfahrtberechtigte Fahrzeuge nicht gefährden oder behindern.;C;Sie haben untereinander nach den Regeln der KVR auszuweichen, wenn sie dadurch vorfahrtberechtigte Fahrzeuge nicht gefährden oder behindern.;;;"Spezifische Fragen See;2017-06-01";https://www.bootsfuehrerscheinpruefung.de/sbfsee/pruefungsboegen/10
10;20;172;Vorschriften & Gesetze;Was ist zu unternehmen, um die Schifffahrt zu warnen, wenn das eigene Fahrzeug gesunken ist und ein Schifffahrtshindernis darstellt?;;Man gibt ein Seenotsignal ab.;Man informiert das Bundesamt für Seeschifffahrt und Hydrographie und gibt nach Möglichkeit die Position an.;Man informiert die Deutsche Gesellschaft zur Rettung Schiffbrüchiger, damit das Hindernis gekennzeichnet werden kann.;Man informiert die Schifffahrtspolizeibehörde und gibt nach Möglichkeit die Position an.;D;Man informiert die Schifffahrtspolizeibehörde und gibt nach Möglichkeit die Position an.;;;"Spezifische Fragen See;2017-06-01";https://www.bootsfuehrerscheinpruefung.de/sbfsee/pruefungsboegen/10
10;21;187;Schifffahrtszeichen;Welche Bedeutung haben folgende Sichtzeichen?;;Schutzbedürftige Anlage. Sog und Wellenschlag vermeiden.;Dauernde Sperrung der Seeschifffahrtsstraße. Weiterfahrt verboten.;Ende einer Gebots- oder Verbotsstrecke. Freie Weiterfahrt.;Außergewöhnliche Schifffahrtsbehinderung. Vorsichtig passieren.;B;Dauernde Sperrung der Seeschifffahrtsstraße. Weiterfahrt verboten.;"bilder/spezifische_fragen_see_Gebotszeichen-A18aa-gif.png;bilder/spezifische_fragen_see_Gebotszeichen-A18ab-gif.png";"https://www.bootsfuehrerscheinpruefung.de/images/sbfsee/katalog/spezifische_fragen_see_Gebotszeichen-A18aa-gif.png;https://www.bootsfuehrerscheinpruefung.de/images/sbfsee/katalog/spezifische_fragen_see_Gebotszeichen-A18ab-gif.png";"Spezifische Fragen See;2017-06-01;Schilder und Sichtzeichen";https://www.bootsfuehrerscheinpruefung.de/sbfsee/pruefungsboegen/10
10;22;190;Schifffahrtszeichen;Welche Bedeutung hat folgende Tonne?;;Kennzeichnung der Backbordseite eines Fahrwassers.;Kennzeichnung einer Reede.;Kennzeichnung von Einzelgefahrenstellen.;Kennzeichnung der Mitte von Schifffahrtswegen.;D;Kennzeichnung der Mitte von Schifffahrtswegen.;bilder/spezifische_fragen_see_Tonne-Frage-190-gif.png;https://www.bootsfuehrerscheinpruefung.de/images/sbfsee/katalog/spezifische_fragen_see_Tonne-Frage-190-gif.png;"Spezifische Fragen See;2017-06-01";https://www.bootsfuehrerscheinpruefung.de/sbfsee/pruefungsboegen/10
10;23;197;Schifffahrtszeichen;"Welche Bedeutung hat folgende Kennung: ""Oc (2) R. Whis.""?";;Blitz (2) rot, Glockentonne.;Leitfeuer rot, zwei Warnsektoren.;Blink (2) rot, Glockentonne.;Unterbrochen (2) rot, Heultonne.;D;Unterbrochen (2) rot, Heultonne.;;;"Spezifische Fragen See;2017-06-01";https://www.bootsfuehrerscheinpruefung.de/sbfsee/pruefungsboegen/10
10;24;206;Schifffahrtszeichen;Welche Bedeutung hat das Feuer einer Leuchttonne mit folgender Kennung?;;Kennzeichnung einer allgemeinen Gefahrenstelle, Nordquadrant.;Kennzeichnung einer allgemeinen Gefahrenstelle, Ostquadrant.;Kennzeichnung einer allgemeinen Gefahrenstelle, Südquadrant.;Kennzeichnung einer allgemeinen Gefahrenstelle, Westquadrant.;C;Kennzeichnung einer allgemeinen Gefahrenstelle, Südquadrant.;bilder/spezifische_fragen_see_Feuer-Frage-206-gif.png;https://www.bootsfuehrerscheinpruefung.de/images/sbfsee/katalog/spezifische_fragen_see_Feuer-Frage-206-gif.png;"Spezifische Fragen See;2017-06-01";https://www.bootsfuehrerscheinpruefung.de/sbfsee/pruefungsboegen/10
10;25;225;Umwelt- & Naturschutz;Wie hat man sich beim Befahren von Naturschutzgebieten und Nationalparks zu verhalten?;;Befahrensregelungen beachten und sich bei der Nationalparkverwaltung anmelden.;Befahrensregelungen beachten.;Befahrensregelungen sowie Festlegungen der Ordnungsämter beachten.;Befahrensregelungen beachten sowie Wasserschutzpolizei und Wasserstraßen- und Schifffahrtsamt informieren.;B;Befahrensregelungen beachten.;;;"Spezifische Fragen See;August-2023";https://www.bootsfuehrerscheinpruefung.de/sbfsee/pruefungsboegen/10
10;26;239;Navigation;Wo entnimmt man in der Seekarte die Seemeilen?;;An der in der Seekarte abgebildeten Kompassrose.;Am rechten oder linken Kartenrand in Höhe des Standortes.;Aus der in der Seekarte abgebildeten Entfernungstabelle.;Am oberen oder unteren Kartenrand in Höhe des Standortes.;B;Am rechten oder linken Kartenrand in Höhe des Standortes.;;;"Spezifische Fragen See;2017-06-01";https://www.bootsfuehrerscheinpruefung.de/sbfsee/pruefungsboegen/10
10;27;244;Navigation;Wie erhält man eine Standlinie?;;Durch Eintragung der Peilung in die Seekarte ohne Berücksichtigung der Fehlweisung.;Durch mehrmaliges Peilen eines anderen Fahrzeugs.;Durch die Peilung eines bekannten feststehenden Objektes und Eintragung der rechtweisenden Peilung in die Seekarte.;Durch Eintragen des rechtweisenden Kurses in die Seekarte.;C;Durch die Peilung eines bekannten feststehenden Objektes und Eintragung der rechtweisenden Peilung in die Seekarte.;;;"Spezifische Fragen See;2017-06-01";https://www.bootsfuehrerscheinpruefung.de/sbfsee/pruefungsboegen/10
10;28;276;Sicherheit;Mit welchen Hilfsmitteln kann eine im Wasser treibende Person schnell und sicher an Bord genommen werden?;;Leinenverbindung, Großbaum, Ankerkette, Talje, Badeleiter, Rettungsschlaufe.;Leinenverbindung, Badeleiter, Treibanker, Rettungsschlaufe, Bergenetz, Talje.;Leinenverbindung, Badeleiter, Rettungsboje, Bergenetz, Großbaum, Talje.;Leinenverbindung, Rettungsschlaufe, Bergenetz, Talje, Badeleiter, Großbaum.;D;Leinenverbindung, Rettungsschlaufe, Bergenetz, Talje, Badeleiter, Großbaum.;;;"Spezifische Fragen See;2017-06-01";https://www.bootsfuehrerscheinpruefung.de/sbfsee/pruefungsboegen/10
10;29;278;Sicherheit;Wie verhindert man das Überbordfallen von Personen bei starkem Seegang?;;Sicherheitsleinen bzw. -gurte spannen, Sicherheitsgurt anlegen und an den dafür vorgesehenen Stellen einpicken.;Besatzung in der Plicht versammeln, Rettungswesten anlegen, Sicherheitsleinen bzw. -gurte spannen.;Sicherheitsleinen bzw. -gurte spannen, Besatzung an Deck sammeln. Rettungswesten anlegen.;Sicherheitsleinen bzw. -gurte aufschießen, Sicherheitsgurt anlegen und in die Reling einpicken.;A;Sicherheitsleinen bzw. -gurte spannen, Sicherheitsgurt anlegen und an den dafür vorgesehenen Stellen einpicken.;;;"Spezifische Fragen See;2017-06-01";https://www.bootsfuehrerscheinpruefung.de/sbfsee/pruefungsboegen/10
10;30;280;Signale;"Was bedeutet das Flaggensignal ""NC"" auf einem Fahrzeug?";;Fahrzeug verlässt Liegeplatz.;Fahrzeug des öffentlichen Dienstes.;Fahrzeug mit gefährlichen Gütern.;Fahrzeug in Seenot.;D;Fahrzeug in Seenot.;;;"Spezifische Fragen See;2017-06-01";https://www.bootsfuehrerscheinpruefung.de/sbfsee/pruefungsboegen/10
11;1;9;Grundlagen;Welche Seite wird als Leeseite bezeichnet?;;Die Seite in Fahrtrichtung rechts.;Die Seite in Fahrtrichtung links.;Die dem Wind abgewandte Seite.;Die dem Wind zugekehrte Seite.;C;Die dem Wind abgewandte Seite.;;;"Basisfragen;2017-06-01";https://www.bootsfuehrerscheinpruefung.de/sbfsee/pruefungsboegen/11
11;2;13;Lichterführung & Signalkörper;Welche Lichter muss ein Fahrzeug unter Segel, das gleichzeitig mit Maschinenkraft fährt, führen?;;Die für ein Segelfahrzeug vorgeschriebenen Lichter.;Seitenlichter rot und grün und ein rotes Rundumlicht.;Zwei rote Rundumlichter senkrecht übereinander.;Die für ein Maschinenfahrzeug vorgeschriebenen Lichter.;D;Die für ein Maschinenfahrzeug vorgeschriebenen Lichter.;;;"Basisfragen;2017-06-01";https://www.bootsfuehrerscheinpruefung.de/sbfsee/pruefungsboegen/11
11;3;30;Schifffahrtszeichen;Was bedeuten diese Lichter vor einer Schleuse?;;Einfahrt frei, Schleusentor öffnet.;Schleuse in Betrieb, auf Einfahrtsignal gemäß Reihenfolge warten.;Schleuse in Betrieb, auf Ausfahrtsignal gemäß Reihenfolge warten.;Einfahrt frei, Gegenverkehr gesperrt.;D;Einfahrt frei, Gegenverkehr gesperrt.;bilder/basisfragen_Gebotszeichen-A23bb-gif.png;https://www.bootsfuehrerscheinpruefung.de/images/sbfsee/katalog/basisfragen_Gebotszeichen-A23bb-gif.png;"Basisfragen;2017-06-01;Schilder und Sichtzeichen";https://www.bootsfuehrerscheinpruefung.de/sbfsee/pruefungsboegen/11
11;4;40;Sicherheit;Welches ist der günstigste Anlaufwinkel beim Anlegen?;;Ein Winkel von 60° bis 70°.;Ein möglichst stumpfer Winkel.;Ein möglichst spitzer Winkel.;Ein Winkel von 90° bis 100°.;C;Ein möglichst spitzer Winkel.;;;"Basisfragen;2017-06-01";https://www.bootsfuehrerscheinpruefung.de/sbfsee/pruefungsboegen/11
11;5;50;Grundlagen;Wodurch wird bei einem Fahrzeug mit Außenbordmotor und ohne Ruderanlage die Ruderwirkung erzielt?;;Durch den Schraubenwiderstand und Anstellwinkel des Propellers.;Durch Schraubenstrom und Anstellwinkel des Propellers.;Durch den Schraubenwiderstand und Richtung des Propellers.;Durch Schraubenstrom und Richtung des Propellers.;D;Durch Schraubenstrom und Richtung des Propellers.;;;"Basisfragen;2017-06-01";https://www.bootsfuehrerscheinpruefung.de/sbfsee/pruefungsboegen/11
11;6;57;Grundlagen;Ein Außenborder mit gefülltem Tank bleibt während der Fahrt stehen. Was könnten die Ursachen sein?;;Schraube an der Welle lose.;Tankdeckel ist offen.;"Belüftungsschraube geschlossen; verstopfte Kraftstoffleitung.";Ansaugdüsen zu groß bzw. zu klein.;C;"Belüftungsschraube geschlossen; verstopfte Kraftstoffleitung.";;;"Basisfragen;2017-06-01";https://www.bootsfuehrerscheinpruefung.de/sbfsee/pruefungsboegen/11
11;7;64;Sicherheit;Was ist zu tun, wenn Flüssiggas in das Innere des Bootes gelangt?;;Gasleitung entleeren und die Gasfreiheit mit dem Feuerzeug prüfen sowie über Funk oder Mobiltelefon Hilfe anfordern.;Gaszuführung absperren und für Lüftung sorgen. Außerdem keine elektrischen Schalter betätigen und per Telefon Hilfe holen.;Gaszuführung absperren und für Lüftung sorgen. Außerdem keine elektrischen Schalter betätigen und keinen Funk und keine Mobiltelefone benutzen.;Gasleitung entleeren und für Lüftung sorgen. Außerdem keine elektrischen Schalter betätigen und keine Telefone benutzen.;C;Gaszuführung absperren und für Lüftung sorgen. Außerdem keine elektrischen Schalter betätigen und keinen Funk und keine Mobiltelefone benutzen.;;;"Basisfragen;2017-06-01";https://www.bootsfuehrerscheinpruefung.de/sbfsee/pruefungsboegen/11
11;8;73;Vorschriften & Gesetze;Wo gelten die Kollisionsverhütungsregeln (KVR)?;;Auf der Hohen See und den von Seeschiffen befahrbaren Randmeeren, mit Ausnahme der Verkehrstrennungsgebiete.;Auf der Hohen See und den deutschen Seeschifffahrtsstraßen, die von Seeschiffen befahren werden.;Auf der Hohen See und auf den mit dieser zusammenhängenden, von Seeschiffen befahrbaren Gewässern.;Auf den Seeschifffahrtsstraßen und den küstennahen deutschen Seegewässern, die von Seeschiffen befahren werden.;C;Auf der Hohen See und auf den mit dieser zusammenhängenden, von Seeschiffen befahrbaren Gewässern.;;;"Spezifische Fragen See;2017-06-01";https://www.bootsfuehrerscheinpruefung.de/sbfsee/pruefungsboegen/11
11;9;83;Vorschriften & Gesetze;Wann ist ein Fahrzeug manövrierbehindert?;;Wenn es wegen der Art seines Einsatzes behindert ist und deshalb nicht so wie vorgeschrieben manövrieren und daher einem anderen Fahrzeug nicht ausweichen kann.;Wenn es mit Netzen, Leinen, Schleppnetzen oder anderen Fanggeräten fischt, welche die Manövrierfähigkeit einschränken.;Wenn es wegen außergewöhnlicher Umstände, z. B. Ausfall der Ruder- oder Maschinenanlage, nicht so wie vorgeschrieben manövrieren und daher einem anderen Fahrzeug nicht ausweichen kann.;Wenn es wegen seines Tiefgangs im Verhältnis zu der vorhandenen Tiefe und Breite des befahrbaren Gewässers erheblich behindert ist, von seinem zu verfolgenden Kurs abzuweichen.;A;Wenn es wegen der Art seines Einsatzes behindert ist und deshalb nicht so wie vorgeschrieben manövrieren und daher einem anderen Fahrzeug nicht ausweichen kann.;;;"Spezifische Fragen See;2017-06-01";https://www.bootsfuehrerscheinpruefung.de/sbfsee/pruefungsboegen/11
11;10;84;Vorschriften & Gesetze;Welche besonderen Maßnahmen sind bei verminderter Sicht zu treffen?;;Es muss mit verminderter Geschwindigkeit gefahren werden, es müssen Schallsignale gegeben werden, es müssen Positionslichter eingeschaltet werden und es muss das AIS (Automatic Identifikation System) eingeschaltet werden.;Es muss mit sicherer, den verminderten Sichtverhältnissen angepasster Geschwindigkeit gefahren werden, es müssen Schallsignale gegeben werden, es müssen Positionslichter eingeschaltet werden und es muss gehörig Ausguck gegangen werden.;Es muss mit sicherer, den verminderten Sichtverhältnissen angepasster Geschwindigkeit gefahren werden, es müssen Schallsignale gegeben werden, es müssen Positionslichter eingeschaltet werden und es muss der Radarreflektor eingesetzt werden.;Es muss mit sicherer, den verminderten Sichtverhältnissen angepasster Geschwindigkeit gefahren werden, es müssen Schallsignale gegeben werden, das Radargerät muss eingeschaltet werden und es muss Ausguck gegangen werden.;B;Es muss mit sicherer, den verminderten Sichtverhältnissen angepasster Geschwindigkeit gefahren werden, es müssen Schallsignale gegeben werden, es müssen Positionslichter eingeschaltet werden und es muss gehörig Ausguck gegangen werden.;;;"Spezifische Fragen See;2017-06-01";https://www.bootsfuehrerscheinpruefung.de/sbfsee/pruefungsboegen/11
11;11;85;Vorschriften & Gesetze;Welche Vorschriften regeln die Ausrüstung, Anordnung und Anbringung der Positionslaternen, Sichtzeichen und Schallsignalanlagen auf Fahrzeugen?;;Die Kollisionsverhütungsregeln (KVR), die Seeschifffahrtsstraßen-Ordnung (SeeSchStrO) und die Schifffahrtsordnung Emsmündung (EmsSchO).;Die Kollisionsverhütungsregeln (KVR), die Seeschifffahrtsstraßen-Ordnung (SeeSchStrO) und die Verordnung zur Sicherung der Seefahrt.;Die Kollisionsverhütungsregeln (KVR), die Seeschifffahrtsstraßen-Ordnung (SeeSchStrO) und die Schiffssicherheitsverordnung.;Die Kollisionsverhütungsregeln (KVR), die Seeschifffahrtsstraßen-Ordnung (SeeSchStrO) und die Sportbootführerscheinverordnung.;A;Die Kollisionsverhütungsregeln (KVR), die Seeschifffahrtsstraßen-Ordnung (SeeSchStrO) und die Schifffahrtsordnung Emsmündung (EmsSchO).;;;"Spezifische Fragen See;2017-06-01";https://www.bootsfuehrerscheinpruefung.de/sbfsee/pruefungsboegen/11
11;12;98;Lichterführung & Signalkörper;Welches Fahrzeug führt diese Lichter?;;Ein manövrierbehindertes Fahrzeug mit Fahrt durch das Wasser von 50 und mehr Meter Länge.;Ein manövrierunfähiges Fahrzeug mit Fahrt durch das Wasser.;Ein manövrierbehindertes Fahrzeug mit Fahrt durch das Wasser.;Ein fischender Trawler (Fischereifahrzeug) mit Fahrt durch das Wasser von 50 und mehr Meter Länge.;B;Ein manövrierunfähiges Fahrzeug mit Fahrt durch das Wasser.;bilder/spezifische_fragen_see_Lichter-Frage-98-gif.png;https://www.bootsfuehrerscheinpruefung.de/images/sbfsee/katalog/spezifische_fragen_see_Lichter-Frage-98-gif.png;"Spezifische Fragen See;2017-06-01";https://www.bootsfuehrerscheinpruefung.de/sbfsee/pruefungsboegen/11
11;13;112;Lichterführung & Signalkörper;Welches Fahrzeug führt diese Signalkörper?;;Ein Grundsitzer von weniger als 50 m Länge.;Ein manövrierbehindertes Fahrzeug.;Ein fischendes Fahrzeug in Fahrt oder vor Anker.;Ein manövrierunfähiges Fahrzeug in Fahrt.;C;Ein fischendes Fahrzeug in Fahrt oder vor Anker.;bilder/spezifische_fragen_see_Signalkoerper-Frage-112-gif.png;https://www.bootsfuehrerscheinpruefung.de/images/sbfsee/katalog/spezifische_fragen_see_Signalkoerper-Frage-112-gif.png;"Spezifische Fragen See;2017-06-01";https://www.bootsfuehrerscheinpruefung.de/sbfsee/pruefungsboegen/11
11;14;119;Signale;Welches Fahrzeug gibt bei verminderter Sicht - im Anschluss an das Signal: lang, kurz, kurz - vier aufeinander folgende Töne mit der Pfeife, und zwar: lang, kurz, kurz, kurz?;;Ein geschlepptes Fahrzeug oder das letzte bemannte Fahrzeug eines Schleppverbandes in Fahrt.;Ein manövrierunfähiges Fahrzeug von weniger als 100 m Länge.;Ein Maschinenfahrzeug in Fahrt, das seine Maschine gestoppt hat und keine Fahrt durchs Wasser macht.;Ein Fahrzeug mit gefährlicher Ladung vor Anker von weniger als 100 m Länge.;A;Ein geschlepptes Fahrzeug oder das letzte bemannte Fahrzeug eines Schleppverbandes in Fahrt.;"bilder/spezifische_fragen_see_Schallsignal-Frage-118-gif.png;bilder/spezifische_fragen_see_Schallsignal-Frage-119-gif.png";"https://www.bootsfuehrerscheinpruefung.de/images/sbfsee/katalog/spezifische_fragen_see_Schallsignal-Frage-118-gif.png;https://www.bootsfuehrerscheinpruefung.de/images/sbfsee/katalog/spezifische_fragen_see_Schallsignal-Frage-119-gif.png";"Spezifische Fragen See;2017-06-01";https://www.bootsfuehrerscheinpruefung.de/sbfsee/pruefungsboegen/11
11;15;120;Signale;Was für ein Schallsignal muss ein Segelfahrzeug in Fahrt von 12 und mehr Meter Länge bei verminderter Sicht geben?;;Mindestens alle zwei Minuten drei aufeinander folgende Töne mit der Pfeife, und zwar lang, lang, kurz;Mit der Pfeife kurz, lang, kurz;Mindestens alle zwei Minuten drei aufeinander folgende Töne mit der Pfeife, und zwar lang, kurz, kurz;Mindestens alle zwei Minuten ein kräftiges Schallsignal, das mit den vorgeschriebenen nicht verwechselt werden kann.;C;Mindestens alle zwei Minuten drei aufeinander folgende Töne mit der Pfeife, und zwar lang, kurz, kurz;"bilder/spezifische_fragen_see_Schallsignal-Frage-118-gif.png;bilder/spezifische_fragen_see_Schallsignal-Frage-164-gif.png;bilder/spezifische_fragen_see_Schallsignal-d-Frage-120-gif.png";"https://www.bootsfuehrerscheinpruefung.de/images/sbfsee/katalog/spezifische_fragen_see_Schallsignal-Frage-118-gif.png;https://www.bootsfuehrerscheinpruefung.de/images/sbfsee/katalog/spezifische_fragen_see_Schallsignal-Frage-164-gif.png;https://www.bootsfuehrerscheinpruefung.de/images/sbfsee/katalog/spezifische_fragen_see_Schallsignal-d-Frage-120-gif.png";"Spezifische Fragen See;2017-06-01";https://www.bootsfuehrerscheinpruefung.de/sbfsee/pruefungsboegen/11
11;16;126;Verkehrsvorschriften;Zwei in Sicht befindliche Segelfahrzeuge nähern sich im freien Seeraum oder außerhalb des Fahrwassers so, dass die Möglichkeit der Gefahr eines Zusammenstoßes besteht. Welches Fahrzeug muss dem anderen ausweichen, wenn sie den Wind von derselben Seite haben?;;Dasjenige Fahrzeug, das den Wind von Backbord hat.;Das leewärtige Fahrzeug dem luvwärtigen Fahrzeug.;Dasjenige Fahrzeug, das den Wind von Steuerbord hat.;Das luvwärtige Fahrzeug dem leewärtigen Fahrzeug.;D;Das luvwärtige Fahrzeug dem leewärtigen Fahrzeug.;;;"Spezifische Fragen See;2017-06-01";https://www.bootsfuehrerscheinpruefung.de/sbfsee/pruefungsboegen/11
11;17;127;Verkehrsvorschriften;Wie müssen sich zwei in Sicht befindliche Maschinenfahrzeuge verhalten, die sich einander auf entgegengesetzten oder fast entgegengesetzten Kursen nähern, um die Möglichkeit der Gefahr eines Zusammenstoßes zu vermeiden?;;Es muss das leewärtige Fahrzeug dem luvwärtigen Fahrzeug ausweichen.;Es muss das luvwärtige Fahrzeug dem leewärtigen Fahrzeug ausweichen.;Jedes Fahrzeug muss seinen Kurs nach Backbord ändern.;Jedes Fahrzeug muss seinen Kurs nach Steuerbord ändern.;D;Jedes Fahrzeug muss seinen Kurs nach Steuerbord ändern.;;;"Spezifische Fragen See;2017-06-01";https://www.bootsfuehrerscheinpruefung.de/sbfsee/pruefungsboegen/11
11;18;131;Verkehrsvorschriften;Wie hat sich ein Maschinenfahrzeug im freien Seeraum oder außerhalb des Fahrwassers gegenüber einem in Sicht befindlichen fischenden Fahrzeug zu verhalten, wenn die Möglichkeit der Gefahr eines Zusammenstoßes besteht?;;Das Maschinenfahrzeug muss vorsichtig manövrieren, bis die Gefahr vorüber ist.;Das Maschinenfahrzeug muss Kurs und Geschwindigkeit beibehalten.;Das Maschinenfahrzeug muss ausweichen.;Das Maschinenfahrzeug muss seinen Kurs nach Steuerbord ändern.;C;Das Maschinenfahrzeug muss ausweichen.;;;"Spezifische Fragen See;2017-06-01";https://www.bootsfuehrerscheinpruefung.de/sbfsee/pruefungsboegen/11
11;19;139;Verkehrsvorschriften;Wie verhält man sich als Kurshalter, wenn man feststellt, dass ein anderes Fahrzeug seiner Ausweichpflicht nicht nachkommt und die Gefahr einer unmittelbaren Kollision bevorsteht?;;Man behält Kurs und Geschwindigkeit zunächst bei und widmet dem Ausweichpflichtigen besondere Aufmerksamkeit.;"Man gibt mindestens fünf kurze Töne mit der Pfeife ab und führt das ""Manöver des letzten Augenblicks"" durch. Dabei ist so zu manövrieren, wie es zur Vermeidung eines Zusammenstoßes am dienlichsten ist.";Man gibt ein Schallsignal (vier kurze Töne) ab und verlangsamt die Fahrt soweit, dass die Steuerfähigkeit noch erhalten bleibt. Erforderlichenfalls ist ganz aufzustoppen. In jedem Fall ist vorsichtig zu manövrieren, bis die Gefahr eines Zusammenstoßes vorüber ist.;Man gibt mindestens fünf kurze Töne mit der Pfeife ab und reduziert die Geschwindigkeit, um Sog und Wellenschlag zu vermeiden.;B;"Man gibt mindestens fünf kurze Töne mit der Pfeife ab und führt das ""Manöver des letzten Augenblicks"" durch. Dabei ist so zu manövrieren, wie es zur Vermeidung eines Zusammenstoßes am dienlichsten ist.";;;"Spezifische Fragen See;2017-06-01";https://www.bootsfuehrerscheinpruefung.de/sbfsee/pruefungsboegen/11
11;20;143;Verkehrsvorschriften;Was ist hinsichtlich des Querens eines Verkehrstrennungsgebietes zu beachten?;;Das Queren ist möglichst zu vermeiden. Falls gequert werden muss, hat dies möglichst mit der Kielrichtung im rechten Winkel zur allgemeinen Verkehrsrichtung zu erfolgen. Die Kielrichtung des querenden Fahrzeugs muss auch dann einen rechten Winkel zur allgemeinen Verkehrsrichtung bilden, wenn das Fahrzeug durch Wind oder Strom versetzt wird.;Das Queren ist möglichst zu vermeiden. Falls gequert werden muss, hat dies mit der Kielrichtung in einem möglichst spitzen Winkel zur allgemeinen Verkehrsrichtung zu erfolgen. Die Kielrichtung des querenden Fahrzeugs muss auch dann einen möglichst spitzen Winkel zur allgemeinen Verkehrsrichtung bilden, wenn das Fahrzeug durch Wind oder Strom versetzt wird.;Das Queren ist möglichst zu vermeiden. Falls gequert werden muss, hat dies möglichst mit einem rechtweisenden Kurs zur allgemeinen Verkehrsrichtung zu erfolgen. Der rechtweisende Kurs des querenden Fahrzeugs muss auch dann einen rechten Winkel zur allgemeinen Verkehrsrichtung bilden, wenn das Fahrzeug durch Wind oder Strom versetzt wird.;Das Queren von Verkehrstrennungsgebieten ist für Segelfahrzeuge sowie für Maschinenfahrzeuge unter 20 m Länge verboten. Diese Fahrzeuge haben sich soweit wie möglich von den Enden der Verkehrstrennungsgebiete klar zu halten und müssen durch ihren Kurs zu erkennen geben, dass sie ein Verkehrstrennungsgebiet nicht queren.;A;Das Queren ist möglichst zu vermeiden. Falls gequert werden muss, hat dies möglichst mit der Kielrichtung im rechten Winkel zur allgemeinen Verkehrsrichtung zu erfolgen. Die Kielrichtung des querenden Fahrzeugs muss auch dann einen rechten Winkel zur allgemeinen Verkehrsrichtung bilden, wenn das Fahrzeug durch Wind oder Strom versetzt wird.;;;"Spezifische Fragen See;2017-06-01";https://www.bootsfuehrerscheinpruefung.de/sbfsee/pruefungsboegen/11
11;21;150;Lichterführung & Signalkörper;Was ist das für ein Fahrzeug und was ist zu beachten?;;Ein manövrierbehindertes Fahrzeug ohne Fahrt durchs Wasser, das baggert oder Unterwasserarbeiten ausführt und dabei die Schifffahrt behindert. Es ist an der Steuerbordseite des Fahrwassers (Rechtsfahrgebot) zu passieren.;Ein manövrierbehindertes Fahrzeug ohne Fahrt durchs Wasser, das baggert oder Unterwasserarbeiten ausführt und dabei die Schifffahrt behindert. Es ist an der Seite zu passieren, die in Fahrtrichtung links liegt.;Ein manövrierbehindertes Fahrzeug ohne Fahrt durchs Wasser, das baggert oder Unterwasserarbeiten ausführt und dabei die Schifffahrt behindert. Es ist an der Seite zu passieren, an der zwei grüne Rundumlichter senkrecht übereinander angeordnet sind.;Ein manövrierbehindertes Fahrzeug ohne Fahrt durchs Wasser, das die Schifffahrt behindert. Es ist an der Seite zu passieren, an der zwei rote Rundumlichter senkrecht übereinander angeordnet sind.;C;Ein manövrierbehindertes Fahrzeug ohne Fahrt durchs Wasser, das baggert oder Unterwasserarbeiten ausführt und dabei die Schifffahrt behindert. Es ist an der Seite zu passieren, an der zwei grüne Rundumlichter senkrecht übereinander angeordnet sind.;bilder/spezifische_fragen_see_Fahrzeug-Frage-150-gif.png;https://www.bootsfuehrerscheinpruefung.de/images/sbfsee/katalog/spezifische_fragen_see_Fahrzeug-Frage-150-gif.png;"Spezifische Fragen See;2017-06-01";https://www.bootsfuehrerscheinpruefung.de/sbfsee/pruefungsboegen/11
11;22;158;Vorschriften & Gesetze;Welche verkehrsrechtliche Verpflichtung hat ein Fahrzeugführer nach § 3 der Seeschifffahrtsstraßen-Ordnung (SeeSchStrO), dessen Fahrzeug mit einer UKW-Funkanlage ausgerüstet ist?;;Er ist verpflichtet, die von der Verkehrszentrale gegebenen Verkehrsinformationen und -unterstützungen abzuhören und zu berücksichtigen.;Er ist verpflichtet, bei der Nutzung einer UKW-Funkanlage im Besitz des entsprechenden Funkzeugnisses zu sein.;Er ist verpflichtet, die Funkanlage während der Fahrt in Betrieb zu halten und alle sein Fahrzeug betreffenden Mitteilungen im Schiffslogbuch festzuhalten.;Er ist verpflichtet, bei verminderter Sicht regelmäßig seinen Schiffsnamen und seine Position der Verkehrszentrale mitzuteilen.;A;Er ist verpflichtet, die von der Verkehrszentrale gegebenen Verkehrsinformationen und -unterstützungen abzuhören und zu berücksichtigen.;;;"Spezifische Fragen See;2017-06-01";https://www.bootsfuehrerscheinpruefung.de/sbfsee/pruefungsboegen/11
11;23;163;Signale;"Wie lautet das ""allgemeine Gefahr- und Warnsignal""?";;Zwei Gruppen von je vier kurzen Tönen.;Zwei Gruppen von je drei langen Tönen.;Zwei Gruppen von je einem langen und vier kurzen Tönen.;Zwei Gruppen von je einem kurzen und vier langen Tönen.;C;Zwei Gruppen von je einem langen und vier kurzen Tönen.;;;"Spezifische Fragen See;2017-06-01";https://www.bootsfuehrerscheinpruefung.de/sbfsee/pruefungsboegen/11
11;24;179;Schifffahrtszeichen;Welche Bedeutung hat folgendes Sichtzeichen?;;Geschwindigkeit von 8 sm/h Fahrt durch das Wasser, die innerhalb eines Mindestabstandes von 500 m von der jeweiligen Uferlinie wegen Badebetriebs nicht überschritten werden darf.;"Kennzeichnung besonderer Gebiete und Stellen, z. B. Warngebiete; die Bedeutung kann der Seekarte entnommen und aus der Beschriftung des Schifffahrtszeichens erkannt werden.";Geschwindigkeit von 8 km/h Fahrt durch das Wasser, die innerhalb eines Bereiches von 500 m von der jeweiligen Uferlinie wegen Badebetriebs nicht überschritten werden darf.;Buhnenbauwerk, Gefahr durch Sog und Wellenschlag. Insbesondere auf Badebetrieb und Schwimmer achten.;C;Geschwindigkeit von 8 km/h Fahrt durch das Wasser, die innerhalb eines Bereiches von 500 m von der jeweiligen Uferlinie wegen Badebetriebs nicht überschritten werden darf.;bilder/spezifische_fragen_see_Gebotszeichen-A05-gif.png;https://www.bootsfuehrerscheinpruefung.de/images/sbfsee/katalog/spezifische_fragen_see_Gebotszeichen-A05-gif.png;"Spezifische Fragen See;2017-06-01;Schilder und Sichtzeichen";https://www.bootsfuehrerscheinpruefung.de/sbfsee/pruefungsboegen/11
11;25;185;Signale;Welche Bedeutung hat folgendes Flaggensignal?;;Seenotsignal.;Anker behindert Schifffahrt.;Anhalten.;Schleppverband, länger als 200 m;C;Anhalten.;bilder/spezifische_fragen_see_Flaggensignal-Frage-185-gif.png;https://www.bootsfuehrerscheinpruefung.de/images/sbfsee/katalog/spezifische_fragen_see_Flaggensignal-Frage-185-gif.png;"Spezifische Fragen See;2017-06-01";https://www.bootsfuehrerscheinpruefung.de/sbfsee/pruefungsboegen/11
11;26;200;Schifffahrtszeichen;Welche Bedeutung hat folgendes Schifffahrtszeichen?;;Kennzeichnung einer allgemeinen Gefahrenstelle, Nordquadrant.;Kennzeichnung einer allgemeinen Gefahrenstelle, Westquadrant.;Kennzeichnung einer allgemeinen Gefahrenstelle, Südquadrant.;Kennzeichnung einer allgemeinen Gefahrenstelle, Ostquadrant.;A;Kennzeichnung einer allgemeinen Gefahrenstelle, Nordquadrant.;bilder/spezifische_fragen_see_Warnzeichen-B15a-gif.png;https://www.bootsfuehrerscheinpruefung.de/images/sbfsee/katalog/spezifische_fragen_see_Warnzeichen-B15a-gif.png;"Spezifische Fragen See;2017-06-01";https://www.bootsfuehrerscheinpruefung.de/sbfsee/pruefungsboegen/11
11;27;207;Schifffahrtszeichen;Welche Bedeutung hat das Feuer einer Leuchttonne mit folgender Kennung?;;Kennzeichnung einer allgemeinen Gefahrenstelle, Ostquadrant. Sie ist östlich zu passieren.;Kennzeichnung einer allgemeinen Gefahrenstelle, Westquadrant. Sie ist westlich zu passieren.;Kennzeichnung einer allgemeinen Gefahrenstelle, Nordquadrant. Sie ist nördlich zu passieren.;Kennzeichnung einer allgemeinen Gefahrenstelle, Südquadrant. Sie ist südlich zu passieren.;B;Kennzeichnung einer allgemeinen Gefahrenstelle, Westquadrant. Sie ist westlich zu passieren.;bilder/spezifische_fragen_see_Feuer-Frage-207-gif.png;https://www.bootsfuehrerscheinpruefung.de/images/sbfsee/katalog/spezifische_fragen_see_Feuer-Frage-207-gif.png;"Spezifische Fragen See;2017-06-01";https://www.bootsfuehrerscheinpruefung.de/sbfsee/pruefungsboegen/11
11;28;238;Navigation;Wo findet man die für die Navigation wichtigen Beschreibungen der Schifffahrtszeichen, Angaben über deren Befeuerung und Angaben über Signalstellen?;;Leuchtfeuerverzeichnis, Seehandbuch, Handbuch für Brücke und Kartenhaus.;Leuchtfeuerverzeichnis, Seehandbuch, Seekarten.;Leuchtfeuerverzeichnis, Seehandbuch, Kollisionsverhütungsregeln.;Leuchtfeuerverzeichnis, Seehandbuch, Gezeitenatlas.;B;Leuchtfeuerverzeichnis, Seehandbuch, Seekarten.;;;"Spezifische Fragen See;2017-06-01";https://www.bootsfuehrerscheinpruefung.de/sbfsee/pruefungsboegen/11
11;29;268;Wetter;Für welche Windstärken wird eine Sturmwarnung herausgegeben?;;Windstärke 7 und mehr der Beaufortskala.;Windstärke 6 und mehr der Beaufortskala.;Windstärke 8 und mehr der Beaufortskala.;Windstärke 9 und mehr der Beaufortskala.;C;Windstärke 8 und mehr der Beaufortskala.;;;"Spezifische Fragen See;2017-06-01";https://www.bootsfuehrerscheinpruefung.de/sbfsee/pruefungsboegen/11
11;30;283;Signale;Was bedeutet eine Leuchtrakete mit einem roten Stern?;;Aufforderung zur Kursänderung.;Schießübung.;Aufforderung zum Aufstoppen.;Seenotfall.;D;Seenotfall.;;;"Spezifische Fragen See;2017-06-01";https://www.bootsfuehrerscheinpruefung.de/sbfsee/pruefungsboegen/11
12;1;2;Vorschriften & Gesetze;In welchen Fällen darf weder ein Sportboot geführt noch dessen Kurs oder Geschwindigkeit selbstständig bestimmt werden?;;Wenn man infolge körperlicher oder geistiger Mängel oder infolge des Genusses alkoholischer Getränke oder anderer berauschender Mittel in der sicheren Führung behindert ist oder wenn eine Blutalkoholkonzentration von 0,3 ‰ oder mehr im Körper vorhanden ist.;Wenn man infolge körperlicher oder geistiger Mängel oder infolge des Genusses alkoholischer Getränke oder anderer berauschender Mittel in der sicheren Führung behindert ist oder wenn eine Blutalkoholkonzentration von 0,5 ‰ oder mehr im Körper vorhanden ist.;Wenn man infolge körperlicher oder geistiger Mängel oder infolge des Genusses alkoholischer Getränke oder anderer berauschender Mittel in der sicheren Führung behindert ist oder wenn eine Blutalkoholkonzentration von 1,0 ‰ oder mehr im Körper vorhanden ist.;Wenn man infolge körperlicher oder geistiger Mängel oder infolge des Genusses alkoholischer Getränke oder anderer berauschender Mittel in der sicheren Führung behindert ist oder wenn eine Blutalkoholkonzentration von 0,8 ‰ oder mehr im Körper vorhanden ist.;B;Wenn man infolge körperlicher oder geistiger Mängel oder infolge des Genusses alkoholischer Getränke oder anderer berauschender Mittel in der sicheren Führung behindert ist oder wenn eine Blutalkoholkonzentration von 0,5 ‰ oder mehr im Körper vorhanden ist.;;;"Basisfragen;2017-06-01";https://www.bootsfuehrerscheinpruefung.de/sbfsee/pruefungsboegen/12
12;2;12;Lichterführung & Signalkörper;Was für eine Laterne kann ein Segelfahrzeug von weniger als 20 m Länge anstelle der Seitenlichter und des Hecklichtes führen?;;Eine Dreifarbenlaterne an oder nahe der Mastspitze.;Eine Dreifarbenlaterne an gut sichtbarer Stelle.;Eine Zweifarbenlaterne an gut sichtbarer Stelle.;Eine Zweifarbenlaterne an oder nahe der Mastspitze.;A;Eine Dreifarbenlaterne an oder nahe der Mastspitze.;;;"Basisfragen;2017-06-01";https://www.bootsfuehrerscheinpruefung.de/sbfsee/pruefungsboegen/12
12;3;29;Schifffahrtszeichen;Welche Bedeutung haben folgende Schifffahrtszeichen?;;Brücke, Sperrwerk oder Schleuse geschlossen.;Stoppsignal für alle Fahrzeuge.;Anlage dauerhaft gesperrt.;Außergewöhnliche Schifffahrtsbehinderung.;C;Anlage dauerhaft gesperrt.;bilder/basisfragen_Gebotszeichen-A19d-gif.png;https://www.bootsfuehrerscheinpruefung.de/images/sbfsee/katalog/basisfragen_Gebotszeichen-A19d-gif.png;"Basisfragen;2017-06-01;Schilder und Sichtzeichen";https://www.bootsfuehrerscheinpruefung.de/sbfsee/pruefungsboegen/12
12;4;36;Sicherheit;Wie verhält man sich beim Begegnen mit anderen Fahrzeugen in einem engen Fahrwasser?;;Das gegen den Strom fahrende Fahrzeug ist ausweichpflichtig.;Das mit dem Strom fahrende Fahrzeug hat aufzustoppen.;Geschwindigkeit herabsetzen und ausreichenden Passierabstand halten.;Geschwindigkeit erhöhen, um das Begegnungsmanöver zügig durchzuführen.;C;Geschwindigkeit herabsetzen und ausreichenden Passierabstand halten.;;;"Basisfragen;2017-06-01";https://www.bootsfuehrerscheinpruefung.de/sbfsee/pruefungsboegen/12
12;5;44;Grundlagen;Was ist unter einem rechtsdrehenden Propeller zu verstehen?;;Von vorne gesehen in Rückwärtsfahrt Drehung des Propellers gegen den Uhrzeigersinn.;Von achtern gesehen in Vorausfahrt Drehung des Propellers im Uhrzeigersinn.;Von vorne gesehen in Vorausfahrt Drehung des Propellers im Uhrzeigersinn.;Von achtern gesehen in Vorausfahrt Drehung des Propellers gegen den Uhrzeigersinn.;B;Von achtern gesehen in Vorausfahrt Drehung des Propellers im Uhrzeigersinn.;;;"Basisfragen;2017-06-01";https://www.bootsfuehrerscheinpruefung.de/sbfsee/pruefungsboegen/12
12;6;52;Grundlagen;Während der Fahrt sollte die Maschinenanlage ständig überwacht werden. Worauf muss besonders geachtet werden?;;Druck der Einspritzpumpe, Impellerpumpe, Ölpumpe.;Motortemperatur, Öldruck, Ladekontrolle.;Schraubendrehzahl, Getriebeöltemperatur, Öldruck.;Kühlwasseraustritt, Drehzahlmesser, Keilriemenspannung.;B;Motortemperatur, Öldruck, Ladekontrolle.;;;"Basisfragen;2017-06-01";https://www.bootsfuehrerscheinpruefung.de/sbfsee/pruefungsboegen/12
12;7;72;Vorschriften & Gesetze;In welcher Situation dürfen Notsignale gegeben werden?;;Wenn Gefahr für Leib oder Leben von Personen oder erhebliche Sachwerte besteht und daher Hilfe benötigt wird.;Wenn Gefahr für Leib oder Leben von Personen besteht und daher Hilfe benötigt wird.;Wenn Gefahr für Leib oder Leben von Personen besteht oder das Schiff nicht mehr sicher manövriert werden kann.;Wenn Gefahr für Leib oder Leben von Personen, erhebliche Sachwerte oder die maritime Umwelt besteht.;B;Wenn Gefahr für Leib oder Leben von Personen besteht und daher Hilfe benötigt wird.;;;"Basisfragen;2017-06-01";https://www.bootsfuehrerscheinpruefung.de/sbfsee/pruefungsboegen/12
12;8;84;Vorschriften & Gesetze;Welche besonderen Maßnahmen sind bei verminderter Sicht zu treffen?;;Es muss mit verminderter Geschwindigkeit gefahren werden, es müssen Schallsignale gegeben werden, es müssen Positionslichter eingeschaltet werden und es muss das AIS (Automatic Identifikation System) eingeschaltet werden.;Es muss mit sicherer, den verminderten Sichtverhältnissen angepasster Geschwindigkeit gefahren werden, es müssen Schallsignale gegeben werden, es müssen Positionslichter eingeschaltet werden und es muss gehörig Ausguck gegangen werden.;Es muss mit sicherer, den verminderten Sichtverhältnissen angepasster Geschwindigkeit gefahren werden, es müssen Schallsignale gegeben werden, es müssen Positionslichter eingeschaltet werden und es muss der Radarreflektor eingesetzt werden.;Es muss mit sicherer, den verminderten Sichtverhältnissen angepasster Geschwindigkeit gefahren werden, es müssen Schallsignale gegeben werden, das Radargerät muss eingeschaltet werden und es muss Ausguck gegangen werden.;B;Es muss mit sicherer, den verminderten Sichtverhältnissen angepasster Geschwindigkeit gefahren werden, es müssen Schallsignale gegeben werden, es müssen Positionslichter eingeschaltet werden und es muss gehörig Ausguck gegangen werden.;;;"Spezifische Fragen See;2017-06-01";https://www.bootsfuehrerscheinpruefung.de/sbfsee/pruefungsboegen/12
12;9;87;Vorschriften & Gesetze;"Was sind ""Verkehrstrennungsgebiete""?";;Es sind bekannt gemachte Schifffahrtswege, die durch Trennlinien oder Trennzonen in Einbahnwege geteilt sind.;Es sind bekannt gemachte Seeschifffahrtsstraßen, die durch Trennlinien oder Trennzonen in Einbahnwege geteilt sind.;Es sind bekannt gemachte Bundeswasserstraßen, die durch Trennlinien oder Trennzonen in Einbahnwege geteilt sind.;Es sind bekannt gemachte Fahrwasser, die durch Trennlinien oder Trennzonen in Einbahnwege geteilt sind.;A;Es sind bekannt gemachte Schifffahrtswege, die durch Trennlinien oder Trennzonen in Einbahnwege geteilt sind.;;;"Spezifische Fragen See;2017-06-01";https://www.bootsfuehrerscheinpruefung.de/sbfsee/pruefungsboegen/12
12;10;99;Lichterführung & Signalkörper;Welches Fahrzeug führt diese Signalkörper?;;Ein Grundsitzer von 50 und mehr Meter Länge.;Ein fischendes Fahrzeug in Fahrt.;Ein manövrierunfähiges Fahrzeug.;Ein manövrierbehindertes Fahrzeug in Fahrt.;C;Ein manövrierunfähiges Fahrzeug.;bilder/spezifische_fragen_see_Signalkoerper-Frage-99-gif.png;https://www.bootsfuehrerscheinpruefung.de/images/sbfsee/katalog/spezifische_fragen_see_Signalkoerper-Frage-99-gif.png;"Spezifische Fragen See;2017-06-01";https://www.bootsfuehrerscheinpruefung.de/sbfsee/pruefungsboegen/12
12;11;108;Lichterführung & Signalkörper;Welches Fahrzeug muss diese Lichter führen?;;Ein tiefgangbehindertes Fahrzeug von 50 und mehr Meter Länge in Fahrt.;Ein manövrierbehindertes Fahrzeug.;Ein manövrierunfähiges Fahrzeug.;Ein Grundsitzer von weniger als 50 m Länge.;A;Ein tiefgangbehindertes Fahrzeug von 50 und mehr Meter Länge in Fahrt.;bilder/spezifische_fragen_see_Lichter-Frage-108-gif.png;https://www.bootsfuehrerscheinpruefung.de/images/sbfsee/katalog/spezifische_fragen_see_Lichter-Frage-108-gif.png;"Spezifische Fragen See;2017-06-01";https://www.bootsfuehrerscheinpruefung.de/sbfsee/pruefungsboegen/12
12;12;120;Signale;Was für ein Schallsignal muss ein Segelfahrzeug in Fahrt von 12 und mehr Meter Länge bei verminderter Sicht geben?;;Mindestens alle zwei Minuten drei aufeinander folgende Töne mit der Pfeife, und zwar lang, lang, kurz;Mit der Pfeife kurz, lang, kurz;Mindestens alle zwei Minuten drei aufeinander folgende Töne mit der Pfeife, und zwar lang, kurz, kurz;Mindestens alle zwei Minuten ein kräftiges Schallsignal, das mit den vorgeschriebenen nicht verwechselt werden kann.;C;Mindestens alle zwei Minuten drei aufeinander folgende Töne mit der Pfeife, und zwar lang, kurz, kurz;"bilder/spezifische_fragen_see_Schallsignal-Frage-118-gif.png;bilder/spezifische_fragen_see_Schallsignal-Frage-164-gif.png;bilder/spezifische_fragen_see_Schallsignal-d-Frage-120-gif.png";"https://www.bootsfuehrerscheinpruefung.de/images/sbfsee/katalog/spezifische_fragen_see_Schallsignal-Frage-118-gif.png;https://www.bootsfuehrerscheinpruefung.de/images/sbfsee/katalog/spezifische_fragen_see_Schallsignal-Frage-164-gif.png;https://www.bootsfuehrerscheinpruefung.de/images/sbfsee/katalog/spezifische_fragen_see_Schallsignal-d-Frage-120-gif.png";"Spezifische Fragen See;2017-06-01";https://www.bootsfuehrerscheinpruefung.de/sbfsee/pruefungsboegen/12
12;13;133;Lichterführung & Signalkörper;Wie muss man sich gegenüber diesem Fahrzeug verhalten?;;Sog und Wellenschlag vermeiden.;Die sichere Durchfahrt des Fahrzeugs darf nicht behindert werden.;Kurs und Geschwindigkeit beibehalten.;Das Fahrzeug muss an Steuerbord passiert werden.;B;Die sichere Durchfahrt des Fahrzeugs darf nicht behindert werden.;bilder/spezifische_fragen_see_Fahrzeug-Frage-133-gif.png;https://www.bootsfuehrerscheinpruefung.de/images/sbfsee/katalog/spezifische_fragen_see_Fahrzeug-Frage-133-gif.png;"Spezifische Fragen See;2017-06-01";https://www.bootsfuehrerscheinpruefung.de/sbfsee/pruefungsboegen/12
12;14;137;Verkehrsvorschriften;Wie hat sich ein überholendes Fahrzeug zu verhalten?;;Es hat dem zu überholenden Fahrzeug auszuweichen.;Es muss vor dem Überholen ein Schallsignal abgeben, um die Zustimmung des zu überholenden Fahrzeugs einzuholen.;Es muss den größtmöglichen Abstand zum überholten Fahrzeug einhalten und Sog und Wellenschlag vermeiden.;Es darf die sichere Durchfahrt des zu überholenden Fahrzeugs nicht behindern.;A;Es hat dem zu überholenden Fahrzeug auszuweichen.;;;"Spezifische Fragen See;2017-06-01";https://www.bootsfuehrerscheinpruefung.de/sbfsee/pruefungsboegen/12
12;15;149;Lichterführung & Signalkörper;Was ist das für ein Fahrzeug und was ist zu beachten?;;Ein manövrierbehindertes Fahrzeug mit Fahrt durchs Wasser, das baggert oder Unterwasserarbeiten ausführt und dabei die Schifffahrt nicht behindert. Es ist an der Seite zu passieren, die in Fahrtrichtung rechts liegt.;Ein manövrierunfähiges Fahrzeug mit Fahrt durchs Wasser, das baggert oder Unterwasserarbeiten ausführt und dabei die Schifffahrt behindert. Es ist an der Seite zu passieren, die in Fahrtrichtung rechts liegt.;Ein manövrierbehindertes Fahrzeug mit Fahrt durchs Wasser, das baggert oder Unterwasserarbeiten ausführt und dabei die Schifffahrt behindert. Es darf an beiden Seiten passiert werden.;Ein manövrierbehindertes Fahrzeug mit Fahrt durchs Wasser, das baggert oder Unterwasserarbeiten ausführt und dabei die Schifffahrt behindert. Es ist an der Seite zu passieren, die in Fahrtrichtung links liegt.;A;Ein manövrierbehindertes Fahrzeug mit Fahrt durchs Wasser, das baggert oder Unterwasserarbeiten ausführt und dabei die Schifffahrt nicht behindert. Es ist an der Seite zu passieren, die in Fahrtrichtung rechts liegt.;bilder/spezifische_fragen_see_Fahrzeug-Frage-149-gif.png;https://www.bootsfuehrerscheinpruefung.de/images/sbfsee/katalog/spezifische_fragen_see_Fahrzeug-Frage-149-gif.png;"Spezifische Fragen See;2017-06-01";https://www.bootsfuehrerscheinpruefung.de/sbfsee/pruefungsboegen/12
12;16;162;Signale;Welche Bedeutung hat folgendes Schallsignal:;;Brücke/Schleuse kann vorübergehend nicht geöffnet werden.;"Allgemeines ""Gefahr- und Warnsignal"".";Sperrung der Seeschifffahrtsstraße.;Sofort anhalten (Fahrzeug des öffentlichen Dienstes).;B;"Allgemeines ""Gefahr- und Warnsignal"".";bilder/spezifische_fragen_see_Schallsignal-Frage-162-gif.png;https://www.bootsfuehrerscheinpruefung.de/images/sbfsee/katalog/spezifische_fragen_see_Schallsignal-Frage-162-gif.png;"Spezifische Fragen See;2017-06-01";https://www.bootsfuehrerscheinpruefung.de/sbfsee/pruefungsboegen/12
12;17;165;Verkehrsvorschriften;Wie haben sich Fahrzeuge zu verhalten, die in ein Fahrwasser einlaufen, ein Fahrwasser queren, im Fahrwasser drehen oder ihre Anker- und Liegeplätze verlassen?;;Sie haben die Vorfahrt vor den Fahrzeugen im Fahrwasser.;Sie haben ihr Manöver so durchzuführen, dass andere Fahrzeuge nicht behindert werden.;Sie haben einen kurzen Ton als Achtungssignal abzugeben.;Sie haben die Vorfahrt der dem Fahrwasserverlauf folgenden Fahrzeuge zu beachten.;D;Sie haben die Vorfahrt der dem Fahrwasserverlauf folgenden Fahrzeuge zu beachten.;;;"Spezifische Fragen See;2017-06-01";https://www.bootsfuehrerscheinpruefung.de/sbfsee/pruefungsboegen/12
12;18;170;Vorschriften & Gesetze;Wie haben sich Führer von Zugbooten der Wasserskiläufer bzw. Wassermotorradfahrer und Segelsurfer bei der Annäherung an andere Fahrzeuge zu verhalten?;;Sie haben Vorfahrt und müssen vor dem Bug des anderen Fahrzeugs kreuzen.;Sie haben bei Annäherung an andere Fahrzeuge aufzustoppen und Sog und Wellenschlag zu vermeiden.;Sie müssen Kurs und Geschwindigkeit beibehalten.;Sie haben auszuweichen.;D;Sie haben auszuweichen.;;;"Spezifische Fragen See;2017-06-01";https://www.bootsfuehrerscheinpruefung.de/sbfsee/pruefungsboegen/12
12;19;176;Schifffahrtszeichen;Welche Bedeutung hat folgendes Tafelzeichen?;;Mindestabstand in Metern, der in der nachfolgenden Strecke vom Aufstellungsort der Tafel an eingehalten werden muss.;Die Geschwindigkeit durch das Wasser in sm/h (Knoten) auf dem Nord-Ostsee-Kanal (NOK) über Grund in sm/h, die nicht überschritten werden darf.;Mindestabstand zu anderen Fahrzeugen in Metern, der im bekanntgemachten Streckenabschnitt nicht unterschritten werden darf.;Die Geschwindigkeit durch das Wasser in km/h, auf dem Nord-Ostsee-Kanal (NOK) über Grund in km/h, die nicht überschritten werden darf.;D;Die Geschwindigkeit durch das Wasser in km/h, auf dem Nord-Ostsee-Kanal (NOK) über Grund in km/h, die nicht überschritten werden darf.;bilder/spezifische_fragen_see_Gebotszeichen-B06-gif.png;https://www.bootsfuehrerscheinpruefung.de/images/sbfsee/katalog/spezifische_fragen_see_Gebotszeichen-B06-gif.png;"Spezifische Fragen See;2017-06-01;Schilder und Sichtzeichen";https://www.bootsfuehrerscheinpruefung.de/sbfsee/pruefungsboegen/12
12;20;188;Signale;Welche Bedeutung hat folgendes Schallsignal?;;Ein Ankerlieger bei schlechter Sicht, vorsichtig weiter navigieren.;Sperrung der Seeschifffahrtsstraße, Weiterfahrt verboten.;Fahrzeug des öffentlichen Dienstes, anhalten.;Einfahrt in Schleuse oder Anlage gesperrt, auf Freigabe warten.;B;Sperrung der Seeschifffahrtsstraße, Weiterfahrt verboten.;bilder/spezifische_fragen_see_Schallsignal-Frage-188-gif.png;https://www.bootsfuehrerscheinpruefung.de/images/sbfsee/katalog/spezifische_fragen_see_Schallsignal-Frage-188-gif.png;"Spezifische Fragen See;2017-06-01";https://www.bootsfuehrerscheinpruefung.de/sbfsee/pruefungsboegen/12
12;21;192;Schifffahrtszeichen;Welche Bedeutung hat folgendes Schifffahrtszeichen?;;Die Mitte eines Wattfahrwassers.;Die Steuerbordseite des Fahrwassers.;Die Backbordseite des Fahrwassers.;Die Kennzeichnung eines Hindernisses im Wattfahrwasser.;C;Die Backbordseite des Fahrwassers.;bilder/spezifische_fragen_see_Schifffahrtszeichen-Frage-192-gif.png;https://www.bootsfuehrerscheinpruefung.de/images/sbfsee/katalog/spezifische_fragen_see_Schifffahrtszeichen-Frage-192-gif.png;"Spezifische Fragen See;2017-06-01";https://www.bootsfuehrerscheinpruefung.de/sbfsee/pruefungsboegen/12
12;22;199;Schifffahrtszeichen;Welche Kennung und Farbe haben die Feuer der Leuchttonnen an der Backbordseite des Fahrwassers?;;Rotes Blitzfeuer, Funkelfeuer oder Festfeuer.;Rotes Blitzfeuer, Funkelfeuer oder schnelles Funkelfeuer.;Rotes Blitzfeuer, Funkelfeuer oder Blinkfeuer.;Rotes Blitzfeuer, Funkelfeuer oder unterbrochenes Feuer in Gruppen.;D;Rotes Blitzfeuer, Funkelfeuer oder unterbrochenes Feuer in Gruppen.;;;"Spezifische Fragen See;2017-06-01";https://www.bootsfuehrerscheinpruefung.de/sbfsee/pruefungsboegen/12
12;23;205;Schifffahrtszeichen;Welche Bedeutung hat das Feuer einer Leuchttonne mit folgender Kennung?;;Kennzeichnung einer allgemeinen Gefahrenstelle, die westlich zu passieren ist.;Kennzeichnung einer allgemeinen Gefahrenstelle, die östlich zu passieren ist.;Kennzeichnung einer allgemeinen Gefahrenstelle, die südlich zu passieren ist.;Kennzeichnung einer allgemeinen Gefahrenstelle, die nördlich zu passieren ist.;B;Kennzeichnung einer allgemeinen Gefahrenstelle, die östlich zu passieren ist.;bilder/spezifische_fragen_see_Feuer-Frage-205-gif.png;https://www.bootsfuehrerscheinpruefung.de/images/sbfsee/katalog/spezifische_fragen_see_Feuer-Frage-205-gif.png;"Spezifische Fragen See;2017-06-01";https://www.bootsfuehrerscheinpruefung.de/sbfsee/pruefungsboegen/12
12;24;219;Umwelt- & Naturschutz;"Welcher Abstand sollte gemäß den ""10 Goldenen Regeln"" für das Verhalten von Wassersportlern mindestens zu Liegeplätzen von Seehunden und zu Vogelansammlungen eingehalten werden?";;100 m bis 300 m.;150 m bis 200 m.;200 m bis 300 m.;300 m bis 500 m.;D;300 m bis 500 m.;;;"Spezifische Fragen See;2017-06-01";https://www.bootsfuehrerscheinpruefung.de/sbfsee/pruefungsboegen/12
12;25;232;Vorschriften & Gesetze;Welche Angaben enthalten die Nachrichten für Seefahrer (NfS) und die Bekanntmachungen für Seefahrer (BfS)?;;Sie enthalten alle Veränderungen hinsichtlich Betonnung, Befeuerung, Wracks sowie die aktuellen Wasserstände.;Sie enthalten alle Veränderungen hinsichtlich Betonnung, Befeuerung, Wracks, Untiefen sowie andere die Schifffahrt betreffende Maßnahmen und Ereignisse.;Sie enthalten alle Veränderungen hinsichtlich Betonnung, Befeuerung, Wracks, Untiefen sowie andere die Schifffahrt betreffende meteorologische Hinweise.;Sie enthalten alle Veränderungen hinsichtlich Betonnung, Befeuerung, Wracks, Untiefen sowie andere Änderungen der Seeschifffahrtsstraßen-Ordnung.;B;Sie enthalten alle Veränderungen hinsichtlich Betonnung, Befeuerung, Wracks, Untiefen sowie andere die Schifffahrt betreffende Maßnahmen und Ereignisse.;;;"Spezifische Fragen See;2017-06-01";https://www.bootsfuehrerscheinpruefung.de/sbfsee/pruefungsboegen/12
12;26;245;Navigation;Was versteht man unter Stromversetzung?;;Die Versetzung des Schiffes über Grund in Richtung und Distanz.;Die Richtung und Stärke der Meeresströmung.;Die Versetzung des Schiffes durch das Wasser in Richtung und Distanz.;Die Versetzung des Schiffes vom Magnetkompasskurs.;A;Die Versetzung des Schiffes über Grund in Richtung und Distanz.;;;"Spezifische Fragen See;2017-06-01";https://www.bootsfuehrerscheinpruefung.de/sbfsee/pruefungsboegen/12
12;27;250;Wetter;Was versteht man unter Flut?;;Den Zeitraum vom Niedrigwasser zum folgenden Hochwasser.;Die Differenz zwischen Hoch- und Niedrigwasser.;Der höchste Wasserstand einer Tide.;Das Steigen des Wassers vom Niedrigwasser zum folgenden Hochwasser.;D;Das Steigen des Wassers vom Niedrigwasser zum folgenden Hochwasser.;;;"Spezifische Fragen See;2017-06-01";https://www.bootsfuehrerscheinpruefung.de/sbfsee/pruefungsboegen/12
12;28;258;Sicherheit;Womit kann ein steuerunfähiges Sportboot mit dem Bug in den Wind gehalten werden?;;Mit vorn und achtern ausgebrachten Treibankern oder anderen geeigneten schwimmfähigen Gegenständen.;Mit dem Treibanker oder anderen geeigneten schwimmfähigen Gegenständen.;Durch wiederholtes kurzes Ein- und Auskuppeln der Antriebsmaschine.;Mit achteraus ausgebrachtem Treibanker oder ähnlichen schwimmfähigen Gegenständen.;B;Mit dem Treibanker oder anderen geeigneten schwimmfähigen Gegenständen.;;;"Spezifische Fragen See;2017-06-01";https://www.bootsfuehrerscheinpruefung.de/sbfsee/pruefungsboegen/12
12;29;262;Wetter;Wie werden Orte gleichen Luftdrucks in der Wetterkarte dargestellt und in welcher Maßeinheit wird der Luftdruck angegeben?;;Durch Isobaren und in Hektopascal.;Durch Isobaren und in Millipascal.;Durch Isoklinen und in Hektopascal.;Durch Isoklinen und in Dezipascal.;A;Durch Isobaren und in Hektopascal.;;;"Spezifische Fragen See;2017-06-01";https://www.bootsfuehrerscheinpruefung.de/sbfsee/pruefungsboegen/12
12;30;285;Signale;Was bedeutet auf einem Schiff eines der folgenden Signale?;;Fahrzeug mit gefährlichen Gütern.;Fahrzeug ist manövrierbehindert.;Fahrzeug in Seenot.;Fahrzeug vor Anker mit mehr als 100 m Länge.;C;Fahrzeug in Seenot.;bilder/spezifische_fragen_see_Signal-Frage-285-gif.png;https://www.bootsfuehrerscheinpruefung.de/images/sbfsee/katalog/spezifische_fragen_see_Signal-Frage-285-gif.png;"Spezifische Fragen See;2017-06-01";https://www.bootsfuehrerscheinpruefung.de/sbfsee/pruefungsboegen/12
13;1;11;Lichterführung & Signalkörper;Wozu dient die Lichterführung?;;Sie zeigt Kurs und Geschwindigkeit eines Fahrzeugs an.;Sie zeigt Fahrtrichtung und Lage eines Fahrzeugs an.;Sie zeigt Fahrtrichtung und Position eines Fahrzeugs an.;Sie zeigt Fahrtrichtung und Kurs eines Fahrzeugs an.;B;Sie zeigt Fahrtrichtung und Lage eines Fahrzeugs an.;;;"Basisfragen;2017-06-01";https://www.bootsfuehrerscheinpruefung.de/sbfsee/pruefungsboegen/13
13;2;16;Signale;Welche Bedeutung hat folgendes Schallsignal:;;Ankerlieger über 100 m Länge.;Bleib-weg-Signal, Gefahrenbereich sofort verlassen.;Manövrierbehinderter Schleppverband über 200 m Länge.;Allgemeines Gefahr- und Warnsignal.;B;Bleib-weg-Signal, Gefahrenbereich sofort verlassen.;bilder/basisfragen_Schallzeichen-Frage-16-gif.png;https://www.bootsfuehrerscheinpruefung.de/images/sbfsee/katalog/basisfragen_Schallzeichen-Frage-16-gif.png;"Basisfragen;2017-06-01";https://www.bootsfuehrerscheinpruefung.de/sbfsee/pruefungsboegen/13
13;3;22;Schifffahrtszeichen;Welche Bedeutung hat folgendes Tafelzeichen?;;Ankern verboten für Kleinfahrzeuge ab 12 m Länge.;Ankern verboten für alle Fahrzeuge.;Ankern und Festmachen verboten.;Ankern verboten für Kleinfahrzeuge unter 12 m Länge.;B;Ankern verboten für alle Fahrzeuge.;bilder/basisfragen_Verbotszeichen-A06-gif.png;https://www.bootsfuehrerscheinpruefung.de/images/sbfsee/katalog/basisfragen_Verbotszeichen-A06-gif.png;"Basisfragen;2017-06-01;Schilder und Sichtzeichen";https://www.bootsfuehrerscheinpruefung.de/sbfsee/pruefungsboegen/13
13;4;34;Sicherheit;Warum soll ein kleines Fahrzeug nicht dicht an ein großes in Fahrt befindliches Fahrzeug heranfahren?;;Es kann durch dessen Bug- oder Heckwelle Seeschlag erleiden.;Da es dem großen in Fahrt befindlichen Fahrzeug sonst nicht ausweichen kann.;Es kann durch dessen Bug- oder Heckwelle kentern oder durch den Sog mit dem Fahrzeug kollidieren.;Dichtes Heranfahren ist ein Verstoß gegen die Grundregeln für das Verhalten im Verkehr.;C;Es kann durch dessen Bug- oder Heckwelle kentern oder durch den Sog mit dem Fahrzeug kollidieren.;;;"Basisfragen;2017-06-01";https://www.bootsfuehrerscheinpruefung.de/sbfsee/pruefungsboegen/13
13;5;46;Grundlagen;Was ist unter der indirekten Ruderwirkung (Radeffekt) des Propellers zu verstehen?;;Das Versetzen nach vorne.;Das seitliche Versetzen des Bugs.;Das seitliche Versetzen des Hecks.;Das Versetzen nach hinten.;C;Das seitliche Versetzen des Hecks.;;;"Basisfragen;2017-06-01";https://www.bootsfuehrerscheinpruefung.de/sbfsee/pruefungsboegen/13
13;6;56;Grundlagen;Der Motor ist gestartet worden. Was kann die Ursache sein, wenn nach dem Einkuppeln der Antriebswelle der Motor stehenbleibt?;;Verschmutzter Ölfilter.;Verschmutzter Luftfilter.;Blockierte Kraftstoffzufuhr.;Blockierter Propeller.;D;Blockierter Propeller.;;;"Basisfragen;2017-06-01";https://www.bootsfuehrerscheinpruefung.de/sbfsee/pruefungsboegen/13
13;7;65;Sicherheit;Was ist vor Inbetriebnahme einer Flüssiggasanlage zu prüfen?;;Die Abnahme der Anlage darf nicht länger als drei Jahre zurückliegen. Haupthahn und andere Absperrventile sind zu öffnen.;Die Anlage muss abgenommen sein, die Inbetriebnahme darf nur durch eine besonders geprüfte Person erfolgen.;Die Anlage muss abgenommen sein, Leitungen und Anschlüsse müssen dicht sein. Haupthahn und andere Absperrventile sind zu öffnen.;Die Anlage muss abgenommen sein und jährlich überprüft werden. Die Inbetriebnahme darf nur durch eine besonders geprüfte Person erfolgen.;C;Die Anlage muss abgenommen sein, Leitungen und Anschlüsse müssen dicht sein. Haupthahn und andere Absperrventile sind zu öffnen.;;;"Basisfragen;2017-06-01";https://www.bootsfuehrerscheinpruefung.de/sbfsee/pruefungsboegen/13
13;8;85;Vorschriften & Gesetze;Welche Vorschriften regeln die Ausrüstung, Anordnung und Anbringung der Positionslaternen, Sichtzeichen und Schallsignalanlagen auf Fahrzeugen?;;Die Kollisionsverhütungsregeln (KVR), die Seeschifffahrtsstraßen-Ordnung (SeeSchStrO) und die Schifffahrtsordnung Emsmündung (EmsSchO).;Die Kollisionsverhütungsregeln (KVR), die Seeschifffahrtsstraßen-Ordnung (SeeSchStrO) und die Verordnung zur Sicherung der Seefahrt.;Die Kollisionsverhütungsregeln (KVR), die Seeschifffahrtsstraßen-Ordnung (SeeSchStrO) und die Schiffssicherheitsverordnung.;Die Kollisionsverhütungsregeln (KVR), die Seeschifffahrtsstraßen-Ordnung (SeeSchStrO) und die Sportbootführerscheinverordnung.;A;Die Kollisionsverhütungsregeln (KVR), die Seeschifffahrtsstraßen-Ordnung (SeeSchStrO) und die Schifffahrtsordnung Emsmündung (EmsSchO).;;;"Spezifische Fragen See;2017-06-01";https://www.bootsfuehrerscheinpruefung.de/sbfsee/pruefungsboegen/13
13;9;102;Lichterführung & Signalkörper;Welches Fahrzeug führt diese Lichter?;;Ein manövrierunfähiges Fahrzeug in Fahrt.;Ein fischendes Fahrzeug in Fahrt.;Ein manövrierbehindertes Fahrzeug in Fahrt.;Ein Grundsitzer von weniger als 50 m Länge.;C;Ein manövrierbehindertes Fahrzeug in Fahrt.;bilder/spezifische_fragen_see_Lichter-Frage-102-gif.png;https://www.bootsfuehrerscheinpruefung.de/images/sbfsee/katalog/spezifische_fragen_see_Lichter-Frage-102-gif.png;"Spezifische Fragen See;2017-06-01";https://www.bootsfuehrerscheinpruefung.de/sbfsee/pruefungsboegen/13
13;10;110;Lichterführung & Signalkörper;Welches Fahrzeug muss diese Lichter führen?;;Ein fischendes Fahrzeug in Fahrt, das nicht trawlt, z. B. Treibnetzfischer.;Ein Behördenfahrzeug im Einsatz.;Ein manövrierbehindertes Fahrzeug in Fahrt.;Ein fischender Trawler (Fischereifahrzeug) mit Fahrt durch das Wasser von 50 und mehr Meter Länge.;D;Ein fischender Trawler (Fischereifahrzeug) mit Fahrt durch das Wasser von 50 und mehr Meter Länge.;bilder/spezifische_fragen_see_Lichter-Frage-110-gif.png;https://www.bootsfuehrerscheinpruefung.de/images/sbfsee/katalog/spezifische_fragen_see_Lichter-Frage-110-gif.png;"Spezifische Fragen See;2017-06-01";https://www.bootsfuehrerscheinpruefung.de/sbfsee/pruefungsboegen/13
13;11;125;Sicherheit;Woran kann man feststellen, ob die Möglichkeit der Gefahr eines Zusammenstoßes besteht?;;Wenn sich der Abstand zum anderen Fahrzeug verringert und sich die Kompasspeilung ändert.;Wenn sich der Abstand zum anderen Fahrzeug verringert und sich der Kurs ändert.;Wenn sich der Abstand zum anderen Fahrzeug verringert und sich die Peilung nicht oder nicht merklich ändert.;Wenn sich der Abstand zum anderen Fahrzeug verringert und sich der Kurs nicht oder nicht merklich ändert.;C;Wenn sich der Abstand zum anderen Fahrzeug verringert und sich die Peilung nicht oder nicht merklich ändert.;;;"Spezifische Fragen See;2017-06-01";https://www.bootsfuehrerscheinpruefung.de/sbfsee/pruefungsboegen/13
13;12;136;Verkehrsvorschriften;Wie muss sich ein Ausweichpflichtiger gegenüber einem Kurshalter verhalten?;;Das Ausweichmanöver muss frühzeitig, durchgreifend und klar erkennbar durchgeführt werden.;"Die Fahrt ist auf das für die Steuerfähigkeit erforderliche Mindestmaß zu reduzieren; im Zweifelsfall muss ganz aufgestoppt werden.";Das Manöver des letzten Augenblicks ist durchzuführen. Es muss so ausgewichen werden, wie es zur Vermeidung eines Zusammenstoßes am dienlichsten ist.;Der Kurs muss bei Annäherung an den Kurshalter Schritt für Schritt so angepasst werden, dass das Heck des Anderen sicher umfahren wird.;A;Das Ausweichmanöver muss frühzeitig, durchgreifend und klar erkennbar durchgeführt werden.;;;"Spezifische Fragen See;2017-06-01";https://www.bootsfuehrerscheinpruefung.de/sbfsee/pruefungsboegen/13
13;13;137;Verkehrsvorschriften;Wie hat sich ein überholendes Fahrzeug zu verhalten?;;Es hat dem zu überholenden Fahrzeug auszuweichen.;Es muss vor dem Überholen ein Schallsignal abgeben, um die Zustimmung des zu überholenden Fahrzeugs einzuholen.;Es muss den größtmöglichen Abstand zum überholten Fahrzeug einhalten und Sog und Wellenschlag vermeiden.;Es darf die sichere Durchfahrt des zu überholenden Fahrzeugs nicht behindern.;A;Es hat dem zu überholenden Fahrzeug auszuweichen.;;;"Spezifische Fragen See;2017-06-01";https://www.bootsfuehrerscheinpruefung.de/sbfsee/pruefungsboegen/13
13;14;141;Signale;Welche Bedeutung hat folgendes Schallsignal:;;"Schutzbedürftige Anlage; Geschwindigkeit reduzieren, Sog und Wellenschlag vermeiden.";Maschinenfahrzeug, das seine Maschinen gestoppt hat und keine Fahrt durchs Wasser macht.;Die Maschine des Fahrzeugs läuft rückwärts.;Ein Ankerlieger macht ein sich näherndes Fahrzeug auf eine gefährliche Annäherung aufmerksam.;D;Ein Ankerlieger macht ein sich näherndes Fahrzeug auf eine gefährliche Annäherung aufmerksam.;bilder/spezifische_fragen_see_Schallsignal-d-Frage-120-gif.png;https://www.bootsfuehrerscheinpruefung.de/images/sbfsee/katalog/spezifische_fragen_see_Schallsignal-d-Frage-120-gif.png;"Spezifische Fragen See;2017-06-01";https://www.bootsfuehrerscheinpruefung.de/sbfsee/pruefungsboegen/13
13;15;145;Verkehrsvorschriften;Wie hat sich ein Maschinenfahrzeug bei Kollisionsgefahr in einem Einbahnweg eines Verkehrstrennungsgebietes gegenüber einem Maschinenfahrzeug zu verhalten, das den Einbahnweg von Steuerbord kommend quert?;;Es muss dem anderen Fahrzeug ausweichen.;Es muss das Manöver des letzten Augenblicks durchführen.;Es darf die sichere Durchfahrt des Maschinenfahrzeugs nicht behindern.;Dem querenden Fahrzeug hat es besondere Aufmerksamkeit zu widmen.;A;Es muss dem anderen Fahrzeug ausweichen.;;;"Spezifische Fragen See;2017-06-01";https://www.bootsfuehrerscheinpruefung.de/sbfsee/pruefungsboegen/13
13;16;161;Signale;Welches Schallsignal ist beim Einlaufen in Fahrwasser und Häfen zu geben, wenn die Verkehrslage es erfordert?;;Ein langer und ein kurzer Ton.;Ein kurzer Ton.;Ein kurzer und ein langer Ton.;Ein langer Ton.;D;Ein langer Ton.;;;"Spezifische Fragen See;2017-06-01";https://www.bootsfuehrerscheinpruefung.de/sbfsee/pruefungsboegen/13
13;17;168;Vorschriften & Gesetze;Wo ist das Überholen verboten?;;An Engstellen, unübersichtlichen Krümmungen, in Schleusenbereichen, innerhalb durch Überholverbotszeichen gekennzeichneter Strecken, in der Nähe nicht frei fahrender Fähren in Fahrt und außerhalb des Fahrwassers.;An Engstellen, unübersichtlichen Krümmungen, in Schleusenbereichen, innerhalb durch Überholverbotszeichen gekennzeichneter Strecken, in der Nähe nicht frei fahrender Fähren in Fahrt, und in Verkehrstrennungsgebieten.;An Engstellen, unübersichtlichen Krümmungen, innerhalb durch Überholverbotszeichen gekennzeichneter Strecken und in Nationalparks und besonders ausgewiesenen Naturschutzgebieten.;An Engstellen, unübersichtlichen Krümmungen, in Schleusenbereichen, innerhalb durch Überholverbotszeichen gekennzeichneter Strecken, in der Nähe nicht frei fahrender Fähren in Fahrt.;D;An Engstellen, unübersichtlichen Krümmungen, in Schleusenbereichen, innerhalb durch Überholverbotszeichen gekennzeichneter Strecken, in der Nähe nicht frei fahrender Fähren in Fahrt.;;;"Spezifische Fragen See;2017-06-01";https://www.bootsfuehrerscheinpruefung.de/sbfsee/pruefungsboegen/13
13;18;180;Schifffahrtszeichen;Welche Bedeutung hat folgendes Schifffahrtszeichen?;;Einzelgefahrenstelle, erkennbar an ihrer Farbgebung, die an allen Seiten mit einer maximalen Geschwindigkeit von 4,3 Knoten passiert werden kann.;Höchstgeschwindigkeit von 4,3 Knoten Fahrt durch das Wasser, die innerhalb von 500 m von der jeweiligen Uferlinie wegen Badebetriebs nicht überschritten werden darf.;Gesperrt für alle Maschinenfahrzeuge und Wassermotorräder wegen Badebetriebs.;Kennzeichnung besonderer Gebiete und Stellen, z. B. Warngebiet.;C;Gesperrt für alle Maschinenfahrzeuge und Wassermotorräder wegen Badebetriebs.;bilder/spezifische_fragen_see_Gebotszeichen-A17aa-gif.png;https://www.bootsfuehrerscheinpruefung.de/images/sbfsee/katalog/spezifische_fragen_see_Gebotszeichen-A17aa-gif.png;"Spezifische Fragen See;2017-06-01";https://www.bootsfuehrerscheinpruefung.de/sbfsee/pruefungsboegen/13
13;19;193;Schifffahrtszeichen;Welche Bedeutung hat folgende(s) Tonne/Schifffahrtszeichen?;;Die Backbordseite des Fahrwassers.;Die Steuerbordseite des Fahrwassers.;Die Mitte eines Schifffahrtsweges.;Die Kennzeichnung von Hindernissen.;B;Die Steuerbordseite des Fahrwassers.;bilder/spezifische_fragen_see_Schifffahrtszeichen-Frage-193-gif.png;https://www.bootsfuehrerscheinpruefung.de/images/sbfsee/katalog/spezifische_fragen_see_Schifffahrtszeichen-Frage-193-gif.png;"Spezifische Fragen See;2017-06-01";https://www.bootsfuehrerscheinpruefung.de/sbfsee/pruefungsboegen/13
13;20;196;Schifffahrtszeichen;Welche Bedeutung hat folgende Tonne?;;Steuerbordseite des durchgehenden Fahrwassers, Backbordseite des abzweigenden oder einmündenden Fahrwassers.;Backbordseite des durchgehenden Fahrwassers, Steuerbordseite des abzweigenden oder einmündenden Fahrwassers.;Steuerbordseite des durchgehenden Fahrwassers.;Backbordseite des durchgehenden Fahrwassers.;B;Backbordseite des durchgehenden Fahrwassers, Steuerbordseite des abzweigenden oder einmündenden Fahrwassers.;bilder/spezifische_fragen_see_Tonne-Frage-196-gif.png;https://www.bootsfuehrerscheinpruefung.de/images/sbfsee/katalog/spezifische_fragen_see_Tonne-Frage-196-gif.png;"Spezifische Fragen See;2017-06-01";https://www.bootsfuehrerscheinpruefung.de/sbfsee/pruefungsboegen/13
13;21;206;Schifffahrtszeichen;Welche Bedeutung hat das Feuer einer Leuchttonne mit folgender Kennung?;;Kennzeichnung einer allgemeinen Gefahrenstelle, Nordquadrant.;Kennzeichnung einer allgemeinen Gefahrenstelle, Ostquadrant.;Kennzeichnung einer allgemeinen Gefahrenstelle, Südquadrant.;Kennzeichnung einer allgemeinen Gefahrenstelle, Westquadrant.;C;Kennzeichnung einer allgemeinen Gefahrenstelle, Südquadrant.;bilder/spezifische_fragen_see_Feuer-Frage-206-gif.png;https://www.bootsfuehrerscheinpruefung.de/images/sbfsee/katalog/spezifische_fragen_see_Feuer-Frage-206-gif.png;"Spezifische Fragen See;2017-06-01";https://www.bootsfuehrerscheinpruefung.de/sbfsee/pruefungsboegen/13
13;22;212;Schifffahrtszeichen;Was versteht man unter einem Richtfeuer?;;Sektorenfeuer, das ein Fahrwasser bezeichnet.;Sektorenfeuer, das auf eine Kursänderung im Fahrwasser hinweist.;Ober- und Unterfeuer, die in Deckung zu bringen sind.;Ober- und Unterfeuer mit unterschiedlichen Farbsektoren.;C;Ober- und Unterfeuer, die in Deckung zu bringen sind.;;;"Spezifische Fragen See;2017-06-01";https://www.bootsfuehrerscheinpruefung.de/sbfsee/pruefungsboegen/13
13;23;217;Umwelt- & Naturschutz;Wo findet man auszugsweise Hinweise zu Befahrensmöglichkeiten der Naturschutzgebiete in Küstengewässern?;;In den Kollisionsverhütungsregeln.;In Seekarten und Sportschifffahrtskarten des Bundesamtes für Seeschifffahrt und Hydrographie.;In der Seeschifffahrtsstraßen-Ordnung.;Im Bundesnaturschutzgesetz.;B;In Seekarten und Sportschifffahrtskarten des Bundesamtes für Seeschifffahrt und Hydrographie.;;;"Spezifische Fragen See;2017-06-01";https://www.bootsfuehrerscheinpruefung.de/sbfsee/pruefungsboegen/13
13;24;228;Umwelt- & Naturschutz;Was verstehen Sie gemäß Nordsee-Befahrens-Verordnung (NordSBefV) unter Schnellfahrkorridore?;;Wasserflächen zum Starten und Landen von Wasserflugzeugen.;Ausgewiesene Wasserflächen für bestimmte Sportbootverkehre.;Ausgewiesene Wasserflächen für den gewerblichen Verkehr.;Wasserflächen, von denen Taucher 500 m Abstand halten müssen.;C;Ausgewiesene Wasserflächen für den gewerblichen Verkehr.;;;"Spezifische Fragen See;August-2023";https://www.bootsfuehrerscheinpruefung.de/sbfsee/pruefungsboegen/13
13;25;233;Vorschriften & Gesetze;Welchen Effekt können Wind und gegenläufiger Tidenstrom im Bereich von Seegaten haben?;;Der Tidenstrom wird durch den Wind verstärkt.;Steile und aufbäumende Seen (Brecher).;Der Tidenstrom glättet die Windsee.;Keinen.;B;Steile und aufbäumende Seen (Brecher).;;;"Spezifische Fragen See;August-2023";https://www.bootsfuehrerscheinpruefung.de/sbfsee/pruefungsboegen/13
13;26;248;Navigation;Was ist bei der Aufstellung eines Magnetkompasses an Bord zu beachten?;;Der Kompass muss parallel zur Kiellinie verlaufen. Der Kompass muss gut ablesbare Zahlen aufweisen und darf nicht in der Nähe von Eisenteilen aufgestellt werden.;Der Kompass muss parallel zur Kiellinie verlaufen. Der Kompass muss gut ablesbar sein und darf nicht in der Nähe von Eisenteilen aufgestellt werden.;Der Steuerstrich muss parallel zur Kiellinie verlaufen. Der Kompass muss gut ablesbare Zahlen aufweisen und darf nicht in der Nähe von Eisenteilen aufgestellt werden.;Der Steuerstrich muss parallel zur Kiellinie verlaufen. Der Kompass muss gut ablesbar sein und darf nicht in der Nähe von Eisenteilen aufgestellt werden.;D;Der Steuerstrich muss parallel zur Kiellinie verlaufen. Der Kompass muss gut ablesbar sein und darf nicht in der Nähe von Eisenteilen aufgestellt werden.;;;"Spezifische Fragen See;2017-06-01";https://www.bootsfuehrerscheinpruefung.de/sbfsee/pruefungsboegen/13
13;27;251;Wetter;Was versteht man unter einer Tide?;;Der Zeitraum zwischen einem Niedrigwasser und dem nächstfolgenden Niedrigwasser.;Der Zeitraum zwischen einem Hochwasser und dem nächstfolgenden Hochwasser.;Der Zeitraum zwischen einem Hochwasser und dem nächstfolgenden Niedrigwasser.;Der Zeitraum zwischen einem Niedrigwasser und dem nächstfolgenden Hochwasser.;A;Der Zeitraum zwischen einem Niedrigwasser und dem nächstfolgenden Niedrigwasser.;;;"Spezifische Fragen See;2017-06-01";https://www.bootsfuehrerscheinpruefung.de/sbfsee/pruefungsboegen/13
13;28;258;Sicherheit;Womit kann ein steuerunfähiges Sportboot mit dem Bug in den Wind gehalten werden?;;Mit vorn und achtern ausgebrachten Treibankern oder anderen geeigneten schwimmfähigen Gegenständen.;Mit dem Treibanker oder anderen geeigneten schwimmfähigen Gegenständen.;Durch wiederholtes kurzes Ein- und Auskuppeln der Antriebsmaschine.;Mit achteraus ausgebrachtem Treibanker oder ähnlichen schwimmfähigen Gegenständen.;B;Mit dem Treibanker oder anderen geeigneten schwimmfähigen Gegenständen.;;;"Spezifische Fragen See;2017-06-01";https://www.bootsfuehrerscheinpruefung.de/sbfsee/pruefungsboegen/13
13;29;267;Wetter;Für welche Windstärken wird eine Starkwindwarnung herausgegeben?;;Windstärke 4 bis 5 der Beaufortskala.;Windstärke 5 und 6 der Beaufortskala.;Windstärke 6 und 7 der Beaufortskala.;Windstärke 7 bis 8 der Beaufortskala.;C;Windstärke 6 und 7 der Beaufortskala.;;;"Spezifische Fragen See;2017-06-01";https://www.bootsfuehrerscheinpruefung.de/sbfsee/pruefungsboegen/13
13;30;275;Sicherheit;Welche Sicherheitsmaßnahmen sind auf See vor Eintritt von schwerem Wetter (Starkwind, Sturm) zu treffen?;;Verschlusszustand herbeiführen, lose Gegenstände festzurren, Rettungsweste und andere Rettungsmittel bereithalten, Seenotsignalmittel zum Einsatz vorbereiten.;Türen schließen, lose Gegenstände festzurren, Rettungsweste und andere Rettungsmittel bereithalten, Radar, Ruder und UKW besetzen.;Türen schließen, lose Gegenstände festzurren, Rettungsweste und andere Rettungsmittel bereithalten, Seenotsignalmittel zum Einsatz vorbereiten.;"Verschlusszustand herbeiführen, lose Gegenstände festzurren, Rettungsweste anlegen und andere Rettungsmittel bereithalten; wenn erforderlich und möglich Schutzhafen anlaufen.";D;"Verschlusszustand herbeiführen, lose Gegenstände festzurren, Rettungsweste anlegen und andere Rettungsmittel bereithalten; wenn erforderlich und möglich Schutzhafen anlaufen.";;;"Spezifische Fragen See;August-2023";https://www.bootsfuehrerscheinpruefung.de/sbfsee/pruefungsboegen/13
14;1;10;Lichterführung & Signalkörper;Wann müssen die Lichter von Fahrzeugen geführt oder gezeigt werden?;;Von abends 18:00 Uhr bis morgens 06:00 Uhr und bei verminderter Sicht.;Bei Dunkelheit, schlechtem Wetter und verminderter Sicht.;Von Sonnenuntergang bis Sonnenaufgang und bei verminderter Sicht.;Von Sonnenaufgang bis Sonnenuntergang und bei verminderter Sicht.;C;Von Sonnenuntergang bis Sonnenaufgang und bei verminderter Sicht.;;;"Basisfragen;2017-06-01";https://www.bootsfuehrerscheinpruefung.de/sbfsee/pruefungsboegen/14
14;2;15;Verkehrsvorschriften;Zwei Motorboote nähern sich auf kreuzenden Kursen. Es besteht die Gefahr eines Zusammenstoßes. Wer ist ausweichpflichtig?;;Es muss das leewärtige Fahrzeug dem luvwärtigen Fahrzeug ausweichen.;Es muss das luvwärtige Fahrzeug dem leewärtigen Fahrzeug ausweichen.;Dasjenige Fahrzeug muss ausweichen, welches das Andere an seiner Backbordseite hat.;Dasjenige Fahrzeug muss ausweichen, welches das Andere an seiner Steuerbordseite hat.;D;Dasjenige Fahrzeug muss ausweichen, welches das Andere an seiner Steuerbordseite hat.;;;"Basisfragen;2017-06-01";https://www.bootsfuehrerscheinpruefung.de/sbfsee/pruefungsboegen/14
14;3;20;Schifffahrtszeichen;Welche Bedeutung hat folgendes Tafelzeichen?;;Verengung des Fahrwassers auf 40 m.;Mindestabstand in Metern, der in der nachfolgenden Strecke vom Aufstellungsort der Tafel an eingehalten werden muss.;Maximalgeschwindigkeit in km/h, die auf der in Fahrtrichtung rechten Fahrwasserseite nicht überschritten werden darf.;Maximalabstand in Metern, der in der nachfolgenden Strecke vom Aufstellungsort der Tafel an eingehalten werden muss.;B;Mindestabstand in Metern, der in der nachfolgenden Strecke vom Aufstellungsort der Tafel an eingehalten werden muss.;bilder/basisfragen_Einschraenkungszeichen-C5-gif.png;https://www.bootsfuehrerscheinpruefung.de/images/sbfsee/katalog/basisfragen_Einschraenkungszeichen-C5-gif.png;"Basisfragen;2017-06-01;Schilder und Sichtzeichen";https://www.bootsfuehrerscheinpruefung.de/sbfsee/pruefungsboegen/14
14;4;33;Umwelt- & Naturschutz;Warum sollte man sich von Schilf- und Röhrichtzonen sowie von dicht bewachsenen Uferzonen möglichst weit fernhalten?;;Weil durch die Pflanzen der Propeller blockiert werden könnte.;Weil in diesen Zonen die Gefahr von Grundberührungen besteht.;Weil in diesen Zonen badende Personen schwer zu erkennen sind.;Weil diese Zonen vielfach Rast- und Brutplätze besonders schutzwürdiger Vögel oder Fischlaichplätze sind.;D;Weil diese Zonen vielfach Rast- und Brutplätze besonders schutzwürdiger Vögel oder Fischlaichplätze sind.;;;"Basisfragen;2017-06-01";https://www.bootsfuehrerscheinpruefung.de/sbfsee/pruefungsboegen/14
14;5;46;Grundlagen;Was ist unter der indirekten Ruderwirkung (Radeffekt) des Propellers zu verstehen?;;Das Versetzen nach vorne.;Das seitliche Versetzen des Bugs.;Das seitliche Versetzen des Hecks.;Das Versetzen nach hinten.;C;Das seitliche Versetzen des Hecks.;;;"Basisfragen;2017-06-01";https://www.bootsfuehrerscheinpruefung.de/sbfsee/pruefungsboegen/14
14;6;68;Sicherheit;Welcher Feuerlöscher ist für Sportboote zweckmäßig und wie oft muss man einen Feuerlöscher überprüfen lassen?;;Feuerlöscher mit Löschschaum, mindestens einmal pro Jahr.;ABC-Pulverlöscher, mindestens einmal pro Jahr.;ABC-Pulver- und Schaumlöscher, mindestens alle 2 Jahre.;CO2-Feuerlöscher, mindestens alle 2 Jahre.;C;ABC-Pulver- und Schaumlöscher, mindestens alle 2 Jahre.;;;"Basisfragen;2017-06-01";https://www.bootsfuehrerscheinpruefung.de/sbfsee/pruefungsboegen/14
14;7;72;Vorschriften & Gesetze;In welcher Situation dürfen Notsignale gegeben werden?;;Wenn Gefahr für Leib oder Leben von Personen oder erhebliche Sachwerte besteht und daher Hilfe benötigt wird.;Wenn Gefahr für Leib oder Leben von Personen besteht und daher Hilfe benötigt wird.;Wenn Gefahr für Leib oder Leben von Personen besteht oder das Schiff nicht mehr sicher manövriert werden kann.;Wenn Gefahr für Leib oder Leben von Personen, erhebliche Sachwerte oder die maritime Umwelt besteht.;B;Wenn Gefahr für Leib oder Leben von Personen besteht und daher Hilfe benötigt wird.;;;"Basisfragen;2017-06-01";https://www.bootsfuehrerscheinpruefung.de/sbfsee/pruefungsboegen/14
14;8;86;Vorschriften & Gesetze;Welche Positionslaternen und Schallsignalanlagen dürfen auf Sportbooten unter deutscher Flagge verwendet werden?;;Solche, die gemäß der Kollisionsverhütungsregeln (KVR), der Seeschifffahrtsstraßen-Ordnung (SeeSchStrO) und der Schifffahrtsordnung Emsmündung (EmsSchO) vorgeschrieben sind und ein CE-Zeichen haben.;Solche, deren Baumuster vom Bundesamt für Seeschifffahrt und Hydrographie (BSH) zur Verwendung zugelassen sind oder eine als gleichwertig anerkannte Zulassung eines EU-Staates besitzen.;Solche, die die vorgeschriebene Mindesttragweite von drei Seemeilen, die Größe und Farbgebung bzw. Lautstärke erreichen und mit einer Bescheinigung einer Klassifikationsgesellschaft versehen sind.;Solche, die vom Technischen Überwachungsverein (TÜV) geprüft und mit dem Zeichen für geprüfte Sicherheit (GS) versehen sind.;B;Solche, deren Baumuster vom Bundesamt für Seeschifffahrt und Hydrographie (BSH) zur Verwendung zugelassen sind oder eine als gleichwertig anerkannte Zulassung eines EU-Staates besitzen.;;;"Spezifische Fragen See;2017-06-01";https://www.bootsfuehrerscheinpruefung.de/sbfsee/pruefungsboegen/14
14;9;103;Lichterführung & Signalkörper;Welches Fahrzeug muss diese Lichter führen?;;Ein fischender Trawler (Fischereifahrzeug) mit Fahrt durch das Wasser von 50 und mehr Meter Länge.;Ein manövrierunfähiges Fahrzeug mit Fahrt durch das Wasser von 50 und mehr Meter Länge.;Ein manövrierbehindertes Fahrzeug ohne Fahrt durch das Wasser von 50 und mehr Meter Länge.;Ein manövrierbehindertes Fahrzeug mit Fahrt durch das Wasser von 50 und mehr Meter Länge.;D;Ein manövrierbehindertes Fahrzeug mit Fahrt durch das Wasser von 50 und mehr Meter Länge.;bilder/spezifische_fragen_see_Lichter-Frage-103-gif.png;https://www.bootsfuehrerscheinpruefung.de/images/sbfsee/katalog/spezifische_fragen_see_Lichter-Frage-103-gif.png;"Spezifische Fragen See;2017-06-01";https://www.bootsfuehrerscheinpruefung.de/sbfsee/pruefungsboegen/14
14;10;109;Lichterführung & Signalkörper;Welches Fahrzeug führt diese Signalkörper?;;Ein Grundsitzer von weniger als 50 Meter Länge.;Ein manövrierunfähiges Fahrzeug in Fahrt.;Ein tiefgangbehindertes Fahrzeug in Fahrt.;Ein manövrierbehindertes Fahrzeug in Fahrt.;C;Ein tiefgangbehindertes Fahrzeug in Fahrt.;bilder/spezifische_fragen_see_Signalkoerper-Frage-109-gif.png;https://www.bootsfuehrerscheinpruefung.de/images/sbfsee/katalog/spezifische_fragen_see_Signalkoerper-Frage-109-gif.png;"Spezifische Fragen See;2017-06-01";https://www.bootsfuehrerscheinpruefung.de/sbfsee/pruefungsboegen/14
14;11;122;Signale;Welches Fahrzeug gibt bei verminderter Sicht mindestens jede Minute etwa 5 Sekunden lang rasches Läuten der Glocke?;;Ein geschlepptes Fahrzeug oder das letzte bemannte Fahrzeug eines Schleppverbandes in Fahrt.;Ein Fahrzeug vor Anker von weniger als 100 m Länge.;Ein Maschinenfahrzeug in Fahrt, das seine Maschine gestoppt hat und keine Fahrt durchs Wasser macht.;Ein Fahrzeug vor Anker von 100 und mehr Meter Länge.;B;Ein Fahrzeug vor Anker von weniger als 100 m Länge.;bilder/spezifische_fragen_see_Schallsignal-Frage-122-gif.png;https://www.bootsfuehrerscheinpruefung.de/images/sbfsee/katalog/spezifische_fragen_see_Schallsignal-Frage-122-gif.png;"Spezifische Fragen See;2017-06-01";https://www.bootsfuehrerscheinpruefung.de/sbfsee/pruefungsboegen/14
14;12;126;Verkehrsvorschriften;Zwei in Sicht befindliche Segelfahrzeuge nähern sich im freien Seeraum oder außerhalb des Fahrwassers so, dass die Möglichkeit der Gefahr eines Zusammenstoßes besteht. Welches Fahrzeug muss dem anderen ausweichen, wenn sie den Wind von derselben Seite haben?;;Dasjenige Fahrzeug, das den Wind von Backbord hat.;Das leewärtige Fahrzeug dem luvwärtigen Fahrzeug.;Dasjenige Fahrzeug, das den Wind von Steuerbord hat.;Das luvwärtige Fahrzeug dem leewärtigen Fahrzeug.;D;Das luvwärtige Fahrzeug dem leewärtigen Fahrzeug.;;;"Spezifische Fragen See;2017-06-01";https://www.bootsfuehrerscheinpruefung.de/sbfsee/pruefungsboegen/14
14;13;129;Verkehrsvorschriften;Wie hat sich ein Maschinenfahrzeug im freien Seeraum oder außerhalb des Fahrwassers gegenüber einem in Sicht befindlichen manövrierunfähigen Fahrzeug zu verhalten, wenn die Möglichkeit der Gefahr eines Zusammenstoßes besteht?;;Das Maschinenfahrzeug muss ausweichen.;Das Maschinenfahrzeug muss seine Fahrt verringern.;Das Maschinenfahrzeug muss seinen Kurs nach Steuerbord ändern.;Das Maschinenfahrzeug muss Kurs und Geschwindigkeit beibehalten.;A;Das Maschinenfahrzeug muss ausweichen.;;;"Spezifische Fragen See;2017-06-01";https://www.bootsfuehrerscheinpruefung.de/sbfsee/pruefungsboegen/14
14;14;133;Lichterführung & Signalkörper;Wie muss man sich gegenüber diesem Fahrzeug verhalten?;;Sog und Wellenschlag vermeiden.;Die sichere Durchfahrt des Fahrzeugs darf nicht behindert werden.;Kurs und Geschwindigkeit beibehalten.;Das Fahrzeug muss an Steuerbord passiert werden.;B;Die sichere Durchfahrt des Fahrzeugs darf nicht behindert werden.;bilder/spezifische_fragen_see_Fahrzeug-Frage-133-gif.png;https://www.bootsfuehrerscheinpruefung.de/images/sbfsee/katalog/spezifische_fragen_see_Fahrzeug-Frage-133-gif.png;"Spezifische Fragen See;2017-06-01";https://www.bootsfuehrerscheinpruefung.de/sbfsee/pruefungsboegen/14
14;15;148;Lichterführung & Signalkörper;Was ist das für ein Fahrzeug und was ist zu beachten?;;Ein manövrierbehindertes Fahrzeug, das baggert oder Unterwasserarbeiten ausführt und dabei die Schifffahrt behindert. Es ist an der Seite zu passieren, die in meiner Fahrtrichtung rechts liegt.;Ein manövrierbehindertes Fahrzeug, das die Schifffahrt behindert. Es ist an der Seite zu passieren, an der zwei schwarze Bälle senkrecht übereinander angeordnet sind.;Ein manövrierbehindertes Fahrzeug, das baggert oder Unterwasserarbeiten ausführt und dabei die Schifffahrt behindert. Es ist an der Seite zu passieren, an der zwei schwarze Rhomben senkrecht übereinander angeordnet sind.;Ein manövrierbehindertes Fahrzeug, das baggert oder Unterwasserarbeiten ausführt und dabei die Schifffahrt behindert. Es darf an keiner Seite passiert werden.;C;Ein manövrierbehindertes Fahrzeug, das baggert oder Unterwasserarbeiten ausführt und dabei die Schifffahrt behindert. Es ist an der Seite zu passieren, an der zwei schwarze Rhomben senkrecht übereinander angeordnet sind.;bilder/spezifische_fragen_see_Fahrzeug-Frage-148-gif.png;https://www.bootsfuehrerscheinpruefung.de/images/sbfsee/katalog/spezifische_fragen_see_Fahrzeug-Frage-148-gif.png;"Spezifische Fragen See;2017-06-01";https://www.bootsfuehrerscheinpruefung.de/sbfsee/pruefungsboegen/14
14;16;156;Vorschriften & Gesetze;Was sind Fahrwasser im Sinne der Seeschifffahrtsstraßen-Ordnung (SeeSchStrO) und der Schifffahrtsordnung Emsmündung (EmsSchO)?;;Es sind Wasserflächen, die durchgehend durch Fahrwasserseitenbezeichnung begrenzt oder gekennzeichnet sind und auf denen die Sportbootführerscheinverordnung Gültigkeit hat.;Es sind Wasserflächen, die durchgehend durch Fahrwasserseitenbezeichnung begrenzt oder gekennzeichnet sind und auf denen das Wasserskifahren sowie das Fahren mit Wassermotorrädern erlaubt ist, sofern die durchgehende Schifffahrt nicht behindert wird.;Es sind Wasserflächen, die durchgehend durch Fahrwasserseitenbezeichnung begrenzt oder gekennzeichnet sind, binnenwärts der Flussmündungen auch nicht gekennzeichnete Wasserflächen, die für die durchgehende Schifffahrt bestimmt sind.;"Es sind Wasserflächen, die für Seeschiffe zugelassen sind; binnenwärts der Flussmündungen sind auch Binnenschiffe und Sportboote zugelassen.";C;Es sind Wasserflächen, die durchgehend durch Fahrwasserseitenbezeichnung begrenzt oder gekennzeichnet sind, binnenwärts der Flussmündungen auch nicht gekennzeichnete Wasserflächen, die für die durchgehende Schifffahrt bestimmt sind.;;;"Spezifische Fragen See;2017-06-01";https://www.bootsfuehrerscheinpruefung.de/sbfsee/pruefungsboegen/14
14;17;168;Vorschriften & Gesetze;Wo ist das Überholen verboten?;;An Engstellen, unübersichtlichen Krümmungen, in Schleusenbereichen, innerhalb durch Überholverbotszeichen gekennzeichneter Strecken, in der Nähe nicht frei fahrender Fähren in Fahrt und außerhalb des Fahrwassers.;An Engstellen, unübersichtlichen Krümmungen, in Schleusenbereichen, innerhalb durch Überholverbotszeichen gekennzeichneter Strecken, in der Nähe nicht frei fahrender Fähren in Fahrt, und in Verkehrstrennungsgebieten.;An Engstellen, unübersichtlichen Krümmungen, innerhalb durch Überholverbotszeichen gekennzeichneter Strecken und in Nationalparks und besonders ausgewiesenen Naturschutzgebieten.;An Engstellen, unübersichtlichen Krümmungen, in Schleusenbereichen, innerhalb durch Überholverbotszeichen gekennzeichneter Strecken, in der Nähe nicht frei fahrender Fähren in Fahrt.;D;An Engstellen, unübersichtlichen Krümmungen, in Schleusenbereichen, innerhalb durch Überholverbotszeichen gekennzeichneter Strecken, in der Nähe nicht frei fahrender Fähren in Fahrt.;;;"Spezifische Fragen See;2017-06-01";https://www.bootsfuehrerscheinpruefung.de/sbfsee/pruefungsboegen/14
14;18;172;Vorschriften & Gesetze;Was ist zu unternehmen, um die Schifffahrt zu warnen, wenn das eigene Fahrzeug gesunken ist und ein Schifffahrtshindernis darstellt?;;Man gibt ein Seenotsignal ab.;Man informiert das Bundesamt für Seeschifffahrt und Hydrographie und gibt nach Möglichkeit die Position an.;Man informiert die Deutsche Gesellschaft zur Rettung Schiffbrüchiger, damit das Hindernis gekennzeichnet werden kann.;Man informiert die Schifffahrtspolizeibehörde und gibt nach Möglichkeit die Position an.;D;Man informiert die Schifffahrtspolizeibehörde und gibt nach Möglichkeit die Position an.;;;"Spezifische Fragen See;2017-06-01";https://www.bootsfuehrerscheinpruefung.de/sbfsee/pruefungsboegen/14
14;19;186;Signale;Welche Bedeutung hat folgendes Schallsignal:;;Letzter bemannter Anhang eines Schleppverbandes.;Manövrierbehindertes Fahrzeug blockiert das Fahrwasser.;Ankerlieger macht auf gefährliche Annäherung aufmerksam.;Polizeifahrzeug fordert zum Anhalten auf.;D;Polizeifahrzeug fordert zum Anhalten auf.;bilder/spezifische_fragen_see_Schallsignal-Frage-186-gif.png;https://www.bootsfuehrerscheinpruefung.de/images/sbfsee/katalog/spezifische_fragen_see_Schallsignal-Frage-186-gif.png;"Spezifische Fragen See;2017-06-01";https://www.bootsfuehrerscheinpruefung.de/sbfsee/pruefungsboegen/14
14;20;189;Schifffahrtszeichen;Welche Bedeutung haben folgende Sichtzeichen?;;Außergewöhnliche Schifffahrtsbehinderung.;Schutzbedürftige Anlage.;Zeitweilige Sperrung der Seeschifffahrtsstraße.;Dauernde Sperrung der Seeschifffahrtsstraße.;A;Außergewöhnliche Schifffahrtsbehinderung.;"bilder/spezifische_fragen_see_Warnzeichen-B06-Tag-gif.png;bilder/spezifische_fragen_see_Warnzeichen-B06-Nacht-gif.png";"https://www.bootsfuehrerscheinpruefung.de/images/sbfsee/katalog/spezifische_fragen_see_Warnzeichen-B06-Tag-gif.png;https://www.bootsfuehrerscheinpruefung.de/images/sbfsee/katalog/spezifische_fragen_see_Warnzeichen-B06-Nacht-gif.png";"Spezifische Fragen See;2017-06-01;Schilder und Sichtzeichen";https://www.bootsfuehrerscheinpruefung.de/sbfsee/pruefungsboegen/14
14;21;201;Schifffahrtszeichen;Welche Bedeutung hat folgendes Schifffahrtszeichen?;;Kennzeichnung einer allgemeinen Gefahrenstelle, Nordquadrant.;Kennzeichnung einer allgemeinen Gefahrenstelle, Westquadrant.;Kennzeichnung einer allgemeinen Gefahrenstelle, Südquadrant.;Kennzeichnung einer allgemeinen Gefahrenstelle, Ostquadrant.;D;Kennzeichnung einer allgemeinen Gefahrenstelle, Ostquadrant.;bilder/spezifische_fragen_see_Warnzeichen-B15b-gif.png;https://www.bootsfuehrerscheinpruefung.de/images/sbfsee/katalog/spezifische_fragen_see_Warnzeichen-B15b-gif.png;"Spezifische Fragen See;2017-06-01";https://www.bootsfuehrerscheinpruefung.de/sbfsee/pruefungsboegen/14
14;22;209;Schifffahrtszeichen;Welche Bedeutung hat das Feuer einer Leuchttonne mit folgender Kennung: Fl. (2)?;;Westlicher Quadrant einer allgemeinen Gefahrenstelle, die westlich passiert werden muss.;Südlicher Quadrant einer allgemeinen Gefahrenstelle, die südlich passiert werden muss.;Nördlicher Quadrant einer allgemeinen Gefahrenstelle, die nördlich passiert werden muss.;Eine Einzelgefahrenstelle, die an allen Seiten passiert werden kann.;D;Eine Einzelgefahrenstelle, die an allen Seiten passiert werden kann.;;;"Spezifische Fragen See;2017-06-01";https://www.bootsfuehrerscheinpruefung.de/sbfsee/pruefungsboegen/14
14;23;215;Schifffahrtszeichen;Was versteht man unter einem unterbrochenen Feuer?;;Die Lichterscheinung ist stets länger als die Verdunkelung.;Die Lichterscheinung ist stets gleich lang wie die Verdunkelung.;Die Lichterscheinung ist stets kürzer als die Verdunkelung.;Die Lichterscheinung ist stets kürzer als 2 Sekunden.;A;Die Lichterscheinung ist stets länger als die Verdunkelung.;;;"Spezifische Fragen See;2017-06-01";https://www.bootsfuehrerscheinpruefung.de/sbfsee/pruefungsboegen/14
14;24;217;Umwelt- & Naturschutz;Wo findet man auszugsweise Hinweise zu Befahrensmöglichkeiten der Naturschutzgebiete in Küstengewässern?;;In den Kollisionsverhütungsregeln.;In Seekarten und Sportschifffahrtskarten des Bundesamtes für Seeschifffahrt und Hydrographie.;In der Seeschifffahrtsstraßen-Ordnung.;Im Bundesnaturschutzgesetz.;B;In Seekarten und Sportschifffahrtskarten des Bundesamtes für Seeschifffahrt und Hydrographie.;;;"Spezifische Fragen See;2017-06-01";https://www.bootsfuehrerscheinpruefung.de/sbfsee/pruefungsboegen/14
14;25;241;Navigation;"Was versteht man unter dem Geschwindigkeitsbegriff ""Knoten""?";;Das sind die an einem Tag zurückgelegten Seemeilen.;Das sind die von Mittag bis Mittag zurückgelegten Seemeilen.;Das sind die in einer Stunde zurückgelegten Kilometer.;Das sind die in einer Stunde zurückgelegten Seemeilen.;D;Das sind die in einer Stunde zurückgelegten Seemeilen.;;;"Spezifische Fragen See;2017-06-01";https://www.bootsfuehrerscheinpruefung.de/sbfsee/pruefungsboegen/14
14;26;244;Navigation;Wie erhält man eine Standlinie?;;Durch Eintragung der Peilung in die Seekarte ohne Berücksichtigung der Fehlweisung.;Durch mehrmaliges Peilen eines anderen Fahrzeugs.;Durch die Peilung eines bekannten feststehenden Objektes und Eintragung der rechtweisenden Peilung in die Seekarte.;Durch Eintragen des rechtweisenden Kurses in die Seekarte.;C;Durch die Peilung eines bekannten feststehenden Objektes und Eintragung der rechtweisenden Peilung in die Seekarte.;;;"Spezifische Fragen See;2017-06-01";https://www.bootsfuehrerscheinpruefung.de/sbfsee/pruefungsboegen/14
14;27;251;Wetter;Was versteht man unter einer Tide?;;Der Zeitraum zwischen einem Niedrigwasser und dem nächstfolgenden Niedrigwasser.;Der Zeitraum zwischen einem Hochwasser und dem nächstfolgenden Hochwasser.;Der Zeitraum zwischen einem Hochwasser und dem nächstfolgenden Niedrigwasser.;Der Zeitraum zwischen einem Niedrigwasser und dem nächstfolgenden Hochwasser.;A;Der Zeitraum zwischen einem Niedrigwasser und dem nächstfolgenden Niedrigwasser.;;;"Spezifische Fragen See;2017-06-01";https://www.bootsfuehrerscheinpruefung.de/sbfsee/pruefungsboegen/14
14;28;256;Sicherheit;Wie lang sollte eine Schleppleine bei starkem Seegang sein?;;Mindestens zwei- oder dreifache Wellenlänge.;Mindestens zwei- oder dreifache Wellenhöhe.;Mindestens zwei- oder dreifache Schiffslänge.;Mindestens zwei- oder dreifache Wassertiefe.;A;Mindestens zwei- oder dreifache Wellenlänge.;;;"Spezifische Fragen See;2017-06-01";https://www.bootsfuehrerscheinpruefung.de/sbfsee/pruefungsboegen/14
14;29;259;Sicherheit;Warum sollte bei starkem Seegang die Fahrt vermindert werden?;;Um Schiffs- und Wellenlänge nicht in Resonanz zu bringen.;Um Schäden durch Seeschlag zu vermeiden.;Um das Austauchen der Schraube zu vermeiden und Kraftstoff zu sparen.;Um die Schlinger- und Rollbewegungen zu minimieren.;B;Um Schäden durch Seeschlag zu vermeiden.;;;"Spezifische Fragen See;2017-06-01";https://www.bootsfuehrerscheinpruefung.de/sbfsee/pruefungsboegen/14
14;30;263;Wetter;Womit muss bei rasch fallendem Luftdruck gerechnet werden?;;Mit Starkwind oder Sturm.;Mit einer Wetterverschlechterung.;Mit Schwachwind oder Windstille.;Mit einer Wetterbesserung.;A;Mit Starkwind oder Sturm.;;;"Spezifische Fragen See;2017-06-01";https://www.bootsfuehrerscheinpruefung.de/sbfsee/pruefungsboegen/14
15;1;1;Vorschriften & Gesetze;Was ist zu tun, wenn vor Antritt der Fahrt nicht feststeht, wer Schiffsführer ist?;;Der verantwortliche Schiffsführer muss bestimmt werden.;Ein Inhaber eines Sportbootführerscheins muss die Verantwortung übernehmen.;Der verantwortliche Schiffsführer muss gewählt werden.;Ein Inhaber eines Sportbootführerscheins muss die Fahrzeugführung übernehmen.;A;Der verantwortliche Schiffsführer muss bestimmt werden.;;;"Basisfragen;2017-06-01";https://www.bootsfuehrerscheinpruefung.de/sbfsee/pruefungsboegen/15
15;2;9;Grundlagen;Welche Seite wird als Leeseite bezeichnet?;;Die Seite in Fahrtrichtung rechts.;Die Seite in Fahrtrichtung links.;Die dem Wind abgewandte Seite.;Die dem Wind zugekehrte Seite.;C;Die dem Wind abgewandte Seite.;;;"Basisfragen;2017-06-01";https://www.bootsfuehrerscheinpruefung.de/sbfsee/pruefungsboegen/15
15;3;19;Schifffahrtszeichen;Welche Bedeutung hat folgendes Tafelzeichen?;;"Gefährdeter Strandbereich, Überspülungsgefahr; Mindestpassierabstand 100 m.";"Wasserstraße, die jederzeit sicher befahren werden kann; keine Gefahr durch Seegang.";"Wasserstraße, die nicht jederzeit sicher befahren werden kann; Gefahr durch Seegang.";Sog und Wellenschlag vermeiden.;D;Sog und Wellenschlag vermeiden.;bilder/basisfragen_Gebotszeichen-A04a-gif.png;https://www.bootsfuehrerscheinpruefung.de/images/sbfsee/katalog/basisfragen_Gebotszeichen-A04a-gif.png;"Basisfragen;2017-06-01;Schilder und Sichtzeichen";https://www.bootsfuehrerscheinpruefung.de/sbfsee/pruefungsboegen/15
15;4;31;Umwelt- & Naturschutz;Welches Merkblatt enthält Hinweise für das Verhalten zum Schutz seltener Tiere und Pflanzen sowie zur Reinhaltung der Gewässer?;;Die 10 goldenen Regeln für Wassersportler.;Die 15 goldenen Regeln für Wassersportler.;Die 10 Grundregeln für Wassersportler.;Die 15 Verhaltensregeln für Wassersportler.;A;Die 10 goldenen Regeln für Wassersportler.;;;"Basisfragen;2017-06-01";https://www.bootsfuehrerscheinpruefung.de/sbfsee/pruefungsboegen/15
15;5;45;Grundlagen;Was ist unter einem linksdrehenden Propeller zu verstehen?;;Von achtern gesehen in Vorausfahrt Drehung des Propellers gegen den Uhrzeigersinn.;Von achtern gesehen in Vorausfahrt Drehung des Propellers im Uhrzeigersinn.;Von vorne gesehen in Vorausfahrt Drehung des Propellers gegen den Uhrzeigersinn.;Von vorne gesehen in Rückwärtsfahrt Drehung des Propellers im Uhrzeigersinn.;A;Von achtern gesehen in Vorausfahrt Drehung des Propellers gegen den Uhrzeigersinn.;;;"Basisfragen;2017-06-01";https://www.bootsfuehrerscheinpruefung.de/sbfsee/pruefungsboegen/15
15;6;53;Grundlagen;Die Temperatur der Antriebsmaschine überschreitet die zulässigen Grenzwerte. Was könnte die mögliche Ursache sein?;;Defektes Thermostat, defekte Impellerpumpe, geschlossenes Seeventil, zu hohe Batteriespannung.;Defektes Thermostat, defekte Impellerpumpe, geschlossenes Seeventil, zu niedriger Kühlwasserstand.;Defektes Thermostat, defekte Kupplung, geschlossenes Seeventil, zu niedriger Kühlwasserstand.;Zu viel Motoröl, defekte Impellerpumpe, geschlossenes Seeventil, zu niedriger Kühlwasserstand.;B;Defektes Thermostat, defekte Impellerpumpe, geschlossenes Seeventil, zu niedriger Kühlwasserstand.;;;"Basisfragen;2017-06-01";https://www.bootsfuehrerscheinpruefung.de/sbfsee/pruefungsboegen/15
15;7;66;Sicherheit;Was ist zu beachten, wenn eine Flüssiggasanlage außer Betrieb gesetzt wird?;;Der Flüssiggasbehälter ist vollständig zu entleeren.;Gasflasche fachgerecht entsorgen.;Die Anlage ist gasfrei zu machen.;Haupthahn und Absperrventile sind zu schließen.;D;Haupthahn und Absperrventile sind zu schließen.;;;"Basisfragen;2017-06-01";https://www.bootsfuehrerscheinpruefung.de/sbfsee/pruefungsboegen/15
15;8;87;Vorschriften & Gesetze;"Was sind ""Verkehrstrennungsgebiete""?";;Es sind bekannt gemachte Schifffahrtswege, die durch Trennlinien oder Trennzonen in Einbahnwege geteilt sind.;Es sind bekannt gemachte Seeschifffahrtsstraßen, die durch Trennlinien oder Trennzonen in Einbahnwege geteilt sind.;Es sind bekannt gemachte Bundeswasserstraßen, die durch Trennlinien oder Trennzonen in Einbahnwege geteilt sind.;Es sind bekannt gemachte Fahrwasser, die durch Trennlinien oder Trennzonen in Einbahnwege geteilt sind.;A;Es sind bekannt gemachte Schifffahrtswege, die durch Trennlinien oder Trennzonen in Einbahnwege geteilt sind.;;;"Spezifische Fragen See;2017-06-01";https://www.bootsfuehrerscheinpruefung.de/sbfsee/pruefungsboegen/15
15;9;98;Lichterführung & Signalkörper;Welches Fahrzeug führt diese Lichter?;;Ein manövrierbehindertes Fahrzeug mit Fahrt durch das Wasser von 50 und mehr Meter Länge.;Ein manövrierunfähiges Fahrzeug mit Fahrt durch das Wasser.;Ein manövrierbehindertes Fahrzeug mit Fahrt durch das Wasser.;Ein fischender Trawler (Fischereifahrzeug) mit Fahrt durch das Wasser von 50 und mehr Meter Länge.;B;Ein manövrierunfähiges Fahrzeug mit Fahrt durch das Wasser.;bilder/spezifische_fragen_see_Lichter-Frage-98-gif.png;https://www.bootsfuehrerscheinpruefung.de/images/sbfsee/katalog/spezifische_fragen_see_Lichter-Frage-98-gif.png;"Spezifische Fragen See;2017-06-01";https://www.bootsfuehrerscheinpruefung.de/sbfsee/pruefungsboegen/15
15;10;104;Lichterführung & Signalkörper;Welches Fahrzeug führt diese Signalkörper?;;Ein Grundsitzer von weniger als 50 m Länge.;Ein manövrierunfähiges Fahrzeug in Fahrt.;Ein manövrierbehindertes Fahrzeug.;Ein fischendes Fahrzeug in Fahrt.;C;Ein manövrierbehindertes Fahrzeug.;bilder/spezifische_fragen_see_Signalkoerper-Frage-104-gif.png;https://www.bootsfuehrerscheinpruefung.de/images/sbfsee/katalog/spezifische_fragen_see_Signalkoerper-Frage-104-gif.png;"Spezifische Fragen See;2017-06-01";https://www.bootsfuehrerscheinpruefung.de/sbfsee/pruefungsboegen/15
15;11;123;Signale;Welches Fahrzeug gibt bei verminderter Sicht mindestens jede Minute etwa 5 Sekunden lang rasches Läuten der Glocke und unmittelbar danach ungefähr 5 Sekunden lang rasch den Gong schlagen?;;Ein Fahrzeug vor Anker von 100 und mehr Meter Länge.;Ein geschlepptes Fahrzeug oder das letzte bemannte Fahrzeug eines Schleppverbandes in Fahrt.;Ein Maschinenfahrzeug in Fahrt, das seine Maschine gestoppt hat und keine Fahrt durchs Wasser macht.;Ein Fahrzeug vor Anker von weniger als 100 m Länge.;A;Ein Fahrzeug vor Anker von 100 und mehr Meter Länge.;"bilder/spezifische_fragen_see_Schallsignal-Frage-122-gif.png;bilder/spezifische_fragen_see_Schallsignal-Frage-123-gif.png";"https://www.bootsfuehrerscheinpruefung.de/images/sbfsee/katalog/spezifische_fragen_see_Schallsignal-Frage-122-gif.png;https://www.bootsfuehrerscheinpruefung.de/images/sbfsee/katalog/spezifische_fragen_see_Schallsignal-Frage-123-gif.png";"Spezifische Fragen See;2017-06-01";https://www.bootsfuehrerscheinpruefung.de/sbfsee/pruefungsboegen/15
15;12;124;Signale;Welches zusätzliche Schallsignal darf jeder Ankerlieger bei verminderter Sicht geben, um einem sich nähernden Fahrzeug seinen Standort anzuzeigen?;;Mindestens alle zwei Minuten drei aufeinander folgende Töne mit der Pfeife, und zwar lang, kurz, kurz.;Mindestens alle zwei Minuten drei aufeinander folgende Töne mit der Pfeife, und zwar lang, lang, kurz.;Mit der Pfeife kurz, lang, kurz.;Mindestens alle zwei Minuten ein kräftiges Schallsignal, das mit den vorgeschriebenen nicht verwechselt werden kann.;C;Mit der Pfeife kurz, lang, kurz.;"bilder/spezifische_fragen_see_Schallsignal-d-Frage-120-gif.png;bilder/spezifische_fragen_see_Schallsignal-Frage-118-gif.png;bilder/spezifische_fragen_see_Schallsignal-Frage-164-gif.png";"https://www.bootsfuehrerscheinpruefung.de/images/sbfsee/katalog/spezifische_fragen_see_Schallsignal-d-Frage-120-gif.png;https://www.bootsfuehrerscheinpruefung.de/images/sbfsee/katalog/spezifische_fragen_see_Schallsignal-Frage-118-gif.png;https://www.bootsfuehrerscheinpruefung.de/images/sbfsee/katalog/spezifische_fragen_see_Schallsignal-Frage-164-gif.png";"Spezifische Fragen See;2017-06-01";https://www.bootsfuehrerscheinpruefung.de/sbfsee/pruefungsboegen/15
15;13;125;Sicherheit;Woran kann man feststellen, ob die Möglichkeit der Gefahr eines Zusammenstoßes besteht?;;Wenn sich der Abstand zum anderen Fahrzeug verringert und sich die Kompasspeilung ändert.;Wenn sich der Abstand zum anderen Fahrzeug verringert und sich der Kurs ändert.;Wenn sich der Abstand zum anderen Fahrzeug verringert und sich die Peilung nicht oder nicht merklich ändert.;Wenn sich der Abstand zum anderen Fahrzeug verringert und sich der Kurs nicht oder nicht merklich ändert.;C;Wenn sich der Abstand zum anderen Fahrzeug verringert und sich die Peilung nicht oder nicht merklich ändert.;;;"Spezifische Fragen See;2017-06-01";https://www.bootsfuehrerscheinpruefung.de/sbfsee/pruefungsboegen/15
15;14;127;Verkehrsvorschriften;Wie müssen sich zwei in Sicht befindliche Maschinenfahrzeuge verhalten, die sich einander auf entgegengesetzten oder fast entgegengesetzten Kursen nähern, um die Möglichkeit der Gefahr eines Zusammenstoßes zu vermeiden?;;Es muss das leewärtige Fahrzeug dem luvwärtigen Fahrzeug ausweichen.;Es muss das luvwärtige Fahrzeug dem leewärtigen Fahrzeug ausweichen.;Jedes Fahrzeug muss seinen Kurs nach Backbord ändern.;Jedes Fahrzeug muss seinen Kurs nach Steuerbord ändern.;D;Jedes Fahrzeug muss seinen Kurs nach Steuerbord ändern.;;;"Spezifische Fragen See;2017-06-01";https://www.bootsfuehrerscheinpruefung.de/sbfsee/pruefungsboegen/15
15;15;135;Verkehrsvorschriften;Wie verhält sich der Kurshaltepflichtige vor Einleitung des Manövers des letzten Augenblicks gegenüber einem ausweichpflichtigen Fahrzeug?;;Kurs nach Steuerbord ändern. Geschwindigkeit verringern und dem Ausweichpflichtigen besondere Aufmerksamkeit widmen.;Kurs und Geschwindigkeit zunächst beibehalten und dem Ausweichpflichtigen besondere Aufmerksamkeit widmen.;Kurs oder Geschwindigkeit anpassen und dem Ausweichpflichtigen besondere Aufmerksamkeit widmen.;Kurs nach Steuerbord ändern, Geschwindigkeit zunächst beibehalten und dem Ausweichpflichtigen besondere Aufmerksamkeit widmen.;B;Kurs und Geschwindigkeit zunächst beibehalten und dem Ausweichpflichtigen besondere Aufmerksamkeit widmen.;;;"Spezifische Fragen See;2017-06-01";https://www.bootsfuehrerscheinpruefung.de/sbfsee/pruefungsboegen/15
15;16;138;Signale;Wie hat man sich zu verhalten, wenn man bei verminderter Sicht anscheinend vorlicher als querab das Schallsignal eines anderen Fahrzeugs hört?;;Es sind mindestens fünf kurze Töne mit der Pfeife abzugeben und das Manöver des letzten Augenblicks durchzuführen. Dabei ist so zu manövrieren, wie es zur Vermeidung eines Zusammenstoßes am dienlichsten ist.;Es ist ebenfalls ein Schallsignal abzugeben. Kurs und Geschwindigkeit sind so lange beizubehalten, bis das andere Fahrzeug in Sicht kommt. Dann ist die Ausweichsituation nach KVR zu prüfen und man muss sich entsprechend verhalten.;Es ist ebenfalls ein Schallsignal abzugeben und frühzeitig, durchgreifend und klar erkennbar auszuweichen.;Es ist ebenfalls ein Schallsignal abzugeben und die Fahrt soweit zu verlangsamen, dass die Steuerfähigkeit noch erhalten bleibt. Erforderlichenfalls ist ganz aufzustoppen. In jedem Fall ist vorsichtig zu manövrieren, bis die Gefahr eines Zusammenstoßes vorüber ist.;D;Es ist ebenfalls ein Schallsignal abzugeben und die Fahrt soweit zu verlangsamen, dass die Steuerfähigkeit noch erhalten bleibt. Erforderlichenfalls ist ganz aufzustoppen. In jedem Fall ist vorsichtig zu manövrieren, bis die Gefahr eines Zusammenstoßes vorüber ist.;;;"Spezifische Fragen See;2017-06-01";https://www.bootsfuehrerscheinpruefung.de/sbfsee/pruefungsboegen/15
15;17;151;Lichterführung & Signalkörper;Was ist das für ein Fahrzeug und was ist zu beachten?;;Fahrzeug mit gefährlichen Gütern, Abstand halten, Rauchen und offenes Feuer verboten.;Fahrzeug in Seenot. Hilfe leisten bzw. weitere Hilfe anfordern.;Fahrzeug des öffentlichen Dienstes. Es darf von den Verkehrsregeln abweichen.;Fahrzeug mit Taucher im Einsatz. Großen Abstand halten.;A;Fahrzeug mit gefährlichen Gütern, Abstand halten, Rauchen und offenes Feuer verboten.;bilder/spezifische_fragen_see_Fahrzeug-Frage-151-gif.png;https://www.bootsfuehrerscheinpruefung.de/images/sbfsee/katalog/spezifische_fragen_see_Fahrzeug-Frage-151-gif.png;"Spezifische Fragen See;2017-06-01";https://www.bootsfuehrerscheinpruefung.de/sbfsee/pruefungsboegen/15
15;18;152;Vorschriften & Gesetze;Wo ist festgelegt, welche Wasserflächen Seeschifffahrtsstraßen sind?;;Kollisionsverhütungsregeln und Seeaufgabengesetz.;Seeschifffahrtsstraßen-Ordnung und Kollisionsverhütungsregeln.;Kollisionsverhütungsregeln und Schifffahrtsordnung Emsmündung.;Seeschifffahrtsstraßen-Ordnung und Schifffahrtsordnung Emsmündung.;D;Seeschifffahrtsstraßen-Ordnung und Schifffahrtsordnung Emsmündung.;;;"Spezifische Fragen See;2017-06-01";https://www.bootsfuehrerscheinpruefung.de/sbfsee/pruefungsboegen/15
15;19;164;Signale;"Wann ist das ""allgemeine Gefahr- und Warnsignal"" zu geben?";;Wenn ein Fahrzeug ein anderes Fahrzeug im Fahrwasser an Steuerbord überholen will.;Wenn ein Fahrzeug einem anderen Fahrzeug nicht ausweichen kann.;Wenn ein Fahrzeug ein anderes Fahrzeug zur Hilfeleistung auffordert.;Wenn ein Fahrzeug ein anderes Fahrzeug gefährdet oder durch dieses selbst gefährdet wird.;D;Wenn ein Fahrzeug ein anderes Fahrzeug gefährdet oder durch dieses selbst gefährdet wird.;;;"Spezifische Fragen See;2017-06-01";https://www.bootsfuehrerscheinpruefung.de/sbfsee/pruefungsboegen/15
15;20;175;Signale;Was bedeuten im Nord-Ostsee-Kanal an einem Weichensignalmast drei unterbrochene rote Lichter übereinander und was ist zu beachten?;;"Schutzbedürftige Anlage; Geschwindigkeit reduzieren, Sog und Wellenschlag vermeiden.";"Dauernde Sperrung der Seeschifffahrtsstraße; Weiterfahrt verboten.";"Dauernde Sperrung einer Teilstrecke der Seeschifffahrtsstraße; Weiterfahrt in der Teilstrecke verboten.";"Ausfahren für alle Fahrzeuge verboten; Aufhebung des Signals abwarten.";D;"Ausfahren für alle Fahrzeuge verboten; Aufhebung des Signals abwarten.";;;"Spezifische Fragen See;2017-06-01";https://www.bootsfuehrerscheinpruefung.de/sbfsee/pruefungsboegen/15
15;21;181;Vorschriften & Gesetze;Welche Höchstgeschwindigkeit darf vor Stellen mit erkennbarem Badebetrieb - außerhalb des Fahrwassers - in einem Abstand von 500 m und weniger vom Ufer nicht überschritten werden?;;3,8 Knoten.;4,3 Knoten.;4,8 Knoten.;3,4 Knoten.;B;4,3 Knoten.;;;"Spezifische Fragen See;2017-06-01";https://www.bootsfuehrerscheinpruefung.de/sbfsee/pruefungsboegen/15
15;22;185;Signale;Welche Bedeutung hat folgendes Flaggensignal?;;Seenotsignal.;Anker behindert Schifffahrt.;Anhalten.;Schleppverband, länger als 200 m;C;Anhalten.;bilder/spezifische_fragen_see_Flaggensignal-Frage-185-gif.png;https://www.bootsfuehrerscheinpruefung.de/images/sbfsee/katalog/spezifische_fragen_see_Flaggensignal-Frage-185-gif.png;"Spezifische Fragen See;2017-06-01";https://www.bootsfuehrerscheinpruefung.de/sbfsee/pruefungsboegen/15
15;23;203;Schifffahrtszeichen;Welche Bedeutung hat folgendes Schifffahrtszeichen?;;Kennzeichnung einer allgemeinen Gefahrenstelle, Westquadrant.;Kennzeichnung einer allgemeinen Gefahrenstelle, Nordquadrant.;Kennzeichnung einer allgemeinen Gefahrenstelle, Ostquadrant.;Kennzeichnung einer allgemeinen Gefahrenstelle, Südquadrant.;A;Kennzeichnung einer allgemeinen Gefahrenstelle, Westquadrant.;bilder/spezifische_fragen_see_Warnzeichen-B15d-gif.png;https://www.bootsfuehrerscheinpruefung.de/images/sbfsee/katalog/spezifische_fragen_see_Warnzeichen-B15d-gif.png;"Spezifische Fragen See;2017-06-01";https://www.bootsfuehrerscheinpruefung.de/sbfsee/pruefungsboegen/15
15;24;212;Schifffahrtszeichen;Was versteht man unter einem Richtfeuer?;;Sektorenfeuer, das ein Fahrwasser bezeichnet.;Sektorenfeuer, das auf eine Kursänderung im Fahrwasser hinweist.;Ober- und Unterfeuer, die in Deckung zu bringen sind.;Ober- und Unterfeuer mit unterschiedlichen Farbsektoren.;C;Ober- und Unterfeuer, die in Deckung zu bringen sind.;;;"Spezifische Fragen See;2017-06-01";https://www.bootsfuehrerscheinpruefung.de/sbfsee/pruefungsboegen/15
15;25;227;Umwelt- & Naturschutz;Welche Verkehre können in einer ausgewiesenen Erlaubniszone zugelassen werden?;;Bestimmte Bodeneffekt- und Luftkissenfahrzeuge.;Bestimmte Arbeitsgeräte für die Erkundung fossiler Brennstoffe.;Bestimmte Fischereifahrzeuge.;Bestimmte Wassersportgeräte.;D;Bestimmte Wassersportgeräte.;;;"Spezifische Fragen See;August-2023";https://www.bootsfuehrerscheinpruefung.de/sbfsee/pruefungsboegen/15
15;26;242;Navigation;Woraus entnimmt man die Magnetkompassablenkung?;;Aus dem Betriebshandbuch des Kompassherstellers.;Aus dem Nautischen Handbuch für Kompassfehlweisung.;Aus der Kompassrose der aktuellen Seekarte.;Aus der für das betreffende Schiff aufgestellten Deviationstabelle.;D;Aus der für das betreffende Schiff aufgestellten Deviationstabelle.;;;"Spezifische Fragen See;2017-06-01";https://www.bootsfuehrerscheinpruefung.de/sbfsee/pruefungsboegen/15
15;27;245;Navigation;Was versteht man unter Stromversetzung?;;Die Versetzung des Schiffes über Grund in Richtung und Distanz.;Die Richtung und Stärke der Meeresströmung.;Die Versetzung des Schiffes durch das Wasser in Richtung und Distanz.;Die Versetzung des Schiffes vom Magnetkompasskurs.;A;Die Versetzung des Schiffes über Grund in Richtung und Distanz.;;;"Spezifische Fragen See;2017-06-01";https://www.bootsfuehrerscheinpruefung.de/sbfsee/pruefungsboegen/15
15;28;264;Wetter;Was bedeuten die in der Wetterkarte abgebildeten Isobaren?;;Orte gleicher Luftfeuchtigkeit.;Orte gleicher Windstärke.;Orte gleichen Luftdrucks.;Orte gleicher Wolkenbildung.;C;Orte gleichen Luftdrucks.;;;"Spezifische Fragen See;2017-06-01";https://www.bootsfuehrerscheinpruefung.de/sbfsee/pruefungsboegen/15
15;29;271;Sicherheit;Wie hat man seine Fahrweise im Fahrwasser bei verminderter Sicht aufgrund seemännischer Sorgfaltspflicht einzurichten, wenn das Fahrzeug nicht über die technische Ausrüstung, insbesondere zur Ortung anderer Fahrzeuge, verfügt?;;Unverzüglich die Fahrt einstellen und ankern, wenn dies nicht möglich ist, vorsichtig weiterfahren und möglichst im Kielwasser eines vorausfahrenden Fahrzeugs halten.;Das Fahrwasser verlassen und wenn möglich, Flachwassergebiet aufsuchen und ankern. Wenn dies nicht möglich ist, im Fahrwasser äußerst rechts halten.;Im Fahrwasser äußerst rechts halten und den nächstgelegenen Hafen oder Liegeplatz anlaufen. Im Zweifel andere Fahrzeuge nach Position und richtigem Kurs fragen.;Umsichtig, aber zügig weiterfahren, um den übrigen Verkehr nicht zu behindern. Beim Hören fremder Nebelsignale aufstoppen und abwarten, dabei fortlaufend die Wassertiefe loten.;B;Das Fahrwasser verlassen und wenn möglich, Flachwassergebiet aufsuchen und ankern. Wenn dies nicht möglich ist, im Fahrwasser äußerst rechts halten.;;;"Spezifische Fragen See;2017-06-01";https://www.bootsfuehrerscheinpruefung.de/sbfsee/pruefungsboegen/15
15;30;279;Signale;Welche Notsignale können gegeben werden?;;Leuchtrakete mit rotem Leuchtstern oder rot brennende Handfackel, anhaltendes Ertönen eines Nebelsignalgerätes, dreimaliges Geben (• • • — — — • • •) per Licht oder Ton, dreimal das Wort MAYDAY über Sprechfunk, seitliches Heben und Senken der Arme, Flaggensignal NC, EPIRB, DSC, Radartransponder.;Leuchtrakete mit orangem Leuchtstern oder orange brennende Handfackel, rotes Rauchsignal, anhaltendes Ertönen eines Nebelsignalgerätes, dreimaliges Geben (• • • — — — • • •) per Licht oder Ton, dreimal das Wort MAYDAY über Sprechfunk, seitliches Heben und Senken der Arme, Flaggensignal NC, EPIRB, DSC, Radartransponder.;Leuchtrakete mit rotem Leuchtstern oder rot brennende Handfackel, anhaltendes Ertönen eines Nebelsignalgerätes, dreimaliges Geben (• • • — — — • • •) per Licht oder Ton, Seewasserfärber, seitliches Heben und Senken der Arme, Ball über oder unter Flaggensignal NC, EPIRB, DSC, Radartransponder.;Leuchtrakete mit rotem Leuchtstern oder rot brennende Handfackel, anhaltendes Ertönen eines Nebelsignalgerätes, dreimaliges Geben (— — — • • • — — —) per Licht oder Ton, dreimal das Wort MAYDAY über Sprechfunk, seitliches Heben und Senken der Arme, Flaggensignal NC, EPIRB, DSC, Radartransponder.;A;Leuchtrakete mit rotem Leuchtstern oder rot brennende Handfackel, anhaltendes Ertönen eines Nebelsignalgerätes, dreimaliges Geben (• • • — — — • • •) per Licht oder Ton, dreimal das Wort MAYDAY über Sprechfunk, seitliches Heben und Senken der Arme, Flaggensignal NC, EPIRB, DSC, Radartransponder.;;;"Spezifische Fragen See;2017-06-01";https://www.bootsfuehrerscheinpruefung.de/sbfsee/pruefungsboegen/15
